
CANDIDATES BEARING THE FOLLOWING ROLL NUMBERS ARE DECLARED TO HAVE
PASSED THE INTERMEDIATE COMMERCE (REGULAR) GROUP PART - II (CLASS XII)
ANNUAL EXAMINATION 2026.
NOTE: MARKS OBTAINED BY ALL THE SUCCESSFUL CANDIDATES ARE INDICATED WITHIN
PARANTHESIS AGAINST THEIR ROLL NUMBER AND THE EXTRA MARKS GIVEN (MAXIMUM FIVE
MARKS) TO RAISE THEIR GRADES IN HARDSHIP CASES ARE INDICATED WITH PLUS(+) SIGN AND
GRACE MARKS CASES ARE INDICATED WITH CARET(^) SIGN

Govt. Degree Boys Sc./Arts/Comm. College 5-L New Karachi
Grade : A-1
100048(905)

100176(889)

***********

***********

***********

100043(784)

100114(860)

100122(787)

100210(832)

100214(775)

100259(769+ 1)

100292(834)

100344(820)

***********

***********

100001(657+ 3)

100025(698)

100037(699)

100042(700)

100067(698)

100070(670)

100072(681)

100157(671)

100159(671)

100173(693)

100174(661)

100180(657+ 3)

100181(709)

100183(697)

100190(672)

100196(727)

100199(702)

100207(725)

100208(675)

100213(679)

100215(721)

100237(668)

100238(694)

100244(678)

100245(685)

100251(704)

100264(655+ 5)

100266(689)

100271(671)

100280(757)

100284(685)

100297(715)

100299(697)

100300(676)

100313(686)

100316(668)

100335(692)

100336(761)

100337(700)

100341(664)

100343(682)

100358(706)

***********

***********

***********

100010(615)

100013(560)

100015(652)

100017(550)

100019(556)

100021(548+ 2)

100023(576)

100024(630)

100034(555)

100036(574)

100040(557)

100041(551)

100045(623)

100046(596)

100051(597)

100052(604)

100054(569)

100056(563)

100061(600)

100063(559)

100065(568)

100066(585)

100068(591)

100073(633)

100075(619)

100076(563)

100078(546+ 4)

100079(547+ 3)

100081(546+ 4)

100082(622)

100084(582)

100088(595)

100089(604)

100090(653)

100092(587)

100098(616)

100100(592)

100101(647)

100103(607)

100107(625)

100109(562)

100111(580)

100112(568)

100120(612)

100127(548+ 2)

100128(565)

100131(552)

100132(553)

100133(607)

100134(547+ 3)

100138(642)

100140(642)

100145(605)

100147(558)

100152(603)

100154(551)

100155(653)

100158(598)

100160(554)

100163(564)

100164(599)

100165(615)

100166(593)

100168(553^ 3)

100170(613)

100172(648)

100175(607)

100177(585)

100179(598)

100182(643)

100184(645)

100186(555)

100188(599)

100197(612)

100198(623)

100201(636)

100203(561)

100204(630)

100205(588)

100206(650)

100219(635)

100221(592)

100225(597)

100230(635)

100231(638)

100232(554)

100233(619)

100234(604)

100235(620)

100236(590)

100239(627)

100240(602)

100241(605)

100243(642)

100249(584)

Grade : A

Grade : B

Grade : C

2
Govt. Degree Boys Sc./Arts/Comm. College 5-L New Karachi
100250(619)

100252(609)

100254(570)

100256(604)

100257(564)

100258(576)

100263(627)

100265(610)

100267(604)

100268(607)

100269(634)

100270(594)

100272(627)

100275(608)

100278(605)

100282(590)

100283(622)

100285(595)

100286(565)

100287(555)

100289(592)

100291(563)

100293(580)

100294(625)

100295(618)

100296(654)

100298(567)

100301(600)

100302(600)

100304(600)

100305(545+ 5)

100306(598)

100307(576)

100308(565)

100311(610)

100312(651)

100315(620)

100318(635)

100319(612)

100322(545+ 5)

100324(594)

100327(550)

100328(641)

100329(647)

100330(563)

100331(547+ 3)

100332(616)

100333(582)

100334(567)

100338(550)

100339(626)

100340(633)

100345(552)

100347(645)

100348(582)

100349(570)

100350(611)

100351(585)

100352(602)

100353(654)

100355(563)

100356(580)

100359(555)

100360(551)

100361(585)

100362(548+ 2)

100363(592)

100364(632)

131031(584)

131047(590)

131051(566)

131072(547+ 3)

131075(551)

***********

***********

100002(514)

100003(494)

100004(464)

100011(522)

100012(507)

100014(483)

100016(459)

100018(439+ 1)

100027(543)

100029(489)

100030(507)

100031(526)

100033(499^ 1)

100035(514)

100038(464)

100044(502)

100049(453)

100053(503)

100055(540)

100059(508)

100060(467)

100062(514)

100069(479)

100071(521)

100074(506)

100080(473)

100083(470)

100085(493)

100086(449)

100087(530)

100091(535)

100095(534)

100096(498)

100097(508)

100099(505)

100102(533)

100106(526)

100108(525)

100110(497)

100113(484)

100116(526)

100117(542)

100118(507)

100121(527^ 3)

100125(514)

100129(527)

100137(538)

100141(531)

100148(483^ 2)

100149(481)

100150(473)

100151(491)

100156(528)

100161(525)

100167(537)

100169(525)

100178(528)

100187(537)

100189(538)

100193(496)

100195(539)

100200(504)

100202(511)

100209(529)

100212(519)

100216(528)

100217(514^ 2)

100222(535)

100224(505)

100226(543)

100229(487^ 3)

100246(535)

100248(542)

100253(516)

100276(535)

100279(536)

100288(520)

100290(528)

100314(535)

100317(532)

100320(531)

100321(485^ 3)

100342(511)

100354(515)

131006(450^ 2)

131010(471)

131014(488)

131018(477)

131019(521)

131020(445)

131021(472)

131022(507)

131030(509)

131034(436+ 4)

131035(467)

131036(462)

131039(495)

131042(509)

131049(472)

131053(513)

131054(480)

131060(500)

131061(478)

131062(464)

131070(479)

131071(460)

131073(485)

131074(526)

131076(461)

***********

100007(423)

100057(418)

100162(429)

131008(428)

131016(408)

131029(434^ 3)

131033(432)

131038(428)

131041(428)

131066(430)

131081(419^ 3)

***********

***********

***********

***********

Grade : D

Grade : E

3
Govt. Degree Boys College, Surjani Town
Grade : A-1
***********

***********

****NIL****

***********

***********

***********

***********

****NIL****

***********

***********

***********

***********

****NIL****

***********

***********

131208(625)

131211(574^ 1)

***********

***********

***********

100426(469)

100433(514)

100442(476)

131205(499)

131210(493)

131219(471)

131220(461)

131221(473)

131222(452)

131226(443^ 1)

131234(537)

***********

***********

***********

***********

131231(431)

***********

***********

***********

***********

Grade : A
Grade : B
Grade : C
Grade : D

Grade : E
Govt. Degree College for Boys 7-D/2, North Karachi
Grade : A-1
***********

***********

****NIL****

***********

***********

***********

***********

****NIL****

***********

***********

100461(748)

100467(674)

100471(659+ 1)

100472(731)

100482(676)

100487(753)

100496(709)

***********

***********

***********

100463(559)

100465(629)

100468(570)

100470(609)

100473(604)

100476(568)

100479(562)

100485(546+ 4)

100486(648)

100488(565)

100490(609)

100500(557)

100503(646)

100504(586)

100509(600)

131351(557)

131354(617)

131356(583)

131366(566)

131370(597)

131371(579)

131374(576)

131387(618)

131400(557)

131403(551)

131405(591)

131406(592)

***********

***********

***********

100464(524)

100469(509)

100474(539)

100481(500)

100484(509)

100489(524)

100492(542)

100498(448)

100501(515)

100505(497)

100507(532)

100508(527)

131357(508)

131358(491)

131359(528)

131360(502)

131361(501)

131362(450)

131368(483)

131369(514)

131375(462)

131376(479)

131377(466)

131378(489)

131380(497)

131381(443)

131382(516)

131386(495)

131391(462)

131392(487)

131396(438+ 2)

131397(449)

131398(453)

131401(517)

131404(473)

131407(537)

131408(462)

131410(516)

131411(518)

131413(458)

131414(485)

131415(498)

131416(447)

131417(538)

***********

131373(428)

131379(419)

131393(434)

***********

***********

Grade : A
Grade : B

Grade : C

Grade : D

Grade : E

4
Govt. Deg. Science & Commerce College 11-A, North Karachi
Grade : A-1
***********

***********

****NIL****

***********

***********

100649(809)

***********

***********

***********

***********

100544(678)

100549(702)

100552(664)

100557(656+ 4)

100562(691)

100573(753)

100575(684)

100576(660)

100577(727)

100580(685)

100584(761)

100585(658+ 2)

100589(658+ 2)

100591(675)

100595(661)

100606(665^ 2)

100607(685)

100616(665)

100617(760)

100618(751)

100621(759)

100646(674)

100650(694)

***********

***********

100543(634)

100545(589)

100546(550)

100547(627)

100548(570)

100550(615)

100551(638)

100553(640)

100554(586)

100555(558)

100559(582)

100560(587)

100566(602)

100567(631)

100568(560)

100571(619)

100572(546+ 4)

100574(608)

100579(569)

100582(556)

100583(596)

100586(623)

100592(584)

100596(590)

100598(648)

100601(633)

100603(637)

100608(569)

100609(625)

100610(629)

100611(603)

100613(613)

100614(566)

100615(644)

100619(560)

100622(553)

100625(653)

100627(619)

100628(571)

100629(645)

100632(638)

100634(550)

100636(637^ 3)

100640(577)

100642(618)

100647(584)

131551(632)

131553(563)

131554(563)

131556(575)

131560(602)

131564(549+ 1)

***********

***********

***********

100542(536^ 3)

100569(542)

100588(518)

100593(472)

100599(489)

100604(498)

100623(481)

100631(533)

100637(489)

100638(487)

100641(522)

100652(498)

131552(529)

131555(491)

131557(540)

131561(471)

***********

***********

***********

***********

131562(406)

***********

***********

***********

***********

Grade : A
Grade : B

Grade : C

Grade : D

Grade : E
Islamia Govt. Arts & Commerce College (Morning)
Grade : A-1
***********

***********

****NIL****

***********

***********

100752(798)

100753(858)

100831(837)

***********

***********

100749(696)

100784(718)

100803(664)

***********

***********

100708(563)

100738(640)

100739(546+ 4)

100744(634)

100750(652)

100781(559)

100799(609)

100817(603)

100819(558)

100822(569)

100827(630)

100867(601)

131714(618)

131718(602)

131731(601)

100677(466^ 3)

100678(530)

100679(531)

100698(483^ 3)

100706(541)

100707(528^ 3)

100715(481)

100723(508)

100740(543)

100751(506)

Grade : A
Grade : B
Grade : C

Grade : D

5
Islamia Govt. Arts & Commerce College (Morning)
100755(545^ 3)

100758(474)

100759(501)

100766(525)

100771(482)

100778(519)

100780(490)

100794(488^ 1)

100829(475^ 3)

131705(544)

131715(527)

131720(455)

131738(530)

***********

***********

100811(430^ 2)

131734(429)

***********

***********

***********

Grade : E
Islamia Govt. Arts & Commerce College (Evening)
Grade : A-1
***********

***********

****NIL****

***********

***********

***********

***********

****NIL****

***********

***********

100977(677)

100992(703)

100993(656+ 4)

101022(662)

131969(700)

100891(575)

100892(578)

100896(555^ 1)

100899(560)

100901(586)

100903(574)

100904(575)

100905(562^ 3)

100906(606)

100907(575)

100910(578^ 3)

100913(572)

100914(599)

100915(637)

100919(546+ 4)

100921(564)

100922(581)

100923(614)

100926(573)

100927(654)

100928(604)

100929(610)

100930(607)

100931(602)

100932(596)

100935(628)

100938(611)

100940(596)

100943(576)

100944(651)

100945(600)

100946(554)

100947(576)

100948(611)

100949(566)

100951(613)

100952(560)

100953(587)

100957(550)

100958(624)

100959(600)

100961(597)

100962(650)

100963(580)

100967(576)

100972(592)

100973(548+ 2)

100974(553)

100975(614)

100978(622)

100979(550)

100980(630)

100981(619)

100982(597)

100983(629)

100984(572)

100986(652)

100987(589)

100988(630)

100989(563)

100990(632)

100991(553)

100994(562)

100995(577)

100996(623)

100997(650)

100998(640)

101001(605)

101002(629)

101003(609)

101007(582)

101020(576)

101025(576)

101033(580)

101037(603)

101038(567)

101045(565)

101057(566)

101061(572)

101062(563)

101063(612)

101065(549+ 1)

101066(618)

101067(633)

101068(622)

101071(546+ 4)

101072(581)

101075(609)

101076(598)

101080(562)

101096(547+ 3)

101098(563)

101102(596)

101103(652)

101105(587)

101118(627)

101121(645)

101122(551)

101124(564)

101126(579)

101128(608)

101129(561)

101131(576)

101132(602)

101144(564^ 3)

101148(550)

101149(558)

131902(592)

131918(578)

131922(563)

131925(545+ 5)

131972(550)

***********

***********

***********

100898(507)

100911(453^ 1)

100918(525)

100924(444^ 5)

100933(506)

100942(493)

100954(544)

100956(533)

100960(515)

100964(502)

100966(525)

100969(539)

100971(454)

100976(509)

101008(515^ 3)

101017(522)

101021(509)

101027(490)

101028(505)

101032(454^ 3)

101034(536)

101036(515)

101039(501)

101040(499)

101041(487)

101042(486)

101043(517)

101044(501)

101047(517)

101056(532)

Grade : A
Grade : B
Grade : C

Grade : D

6
Islamia Govt. Arts & Commerce College (Evening)
101060(512^ 3)

101069(508)

101079(469)

101081(506)

101082(491)

101083(542)

101086(522)

101087(527)

101089(535)

101095(465^ 4)

101104(505)

101110(513^ 2)

101112(521)

101119(519)

101134(489)

101136(512^ 3)

101147(513)

101152(477)

131903(468)

131905(484)

131910(478)

131914(537)

131930(494)

131932(529)

131934(500)

131936(476)

131940(462)

131941(470)

131942(504)

131943(468^ 2)

131946(451)

131949(454^ 3)

131950(481)

131951(440)

131952(436+ 4)

131955(475)

131963(503)

131966(460)

***********

***********

101030(432^ 3)

131945(428)

131959(422)

***********

***********

Grade : E
Govt. Degree Boys College Surjani Town, Sector 4/C Surjani Town
Grade : A-1
***********

***********

****NIL****

***********

***********

101315(787)

101320(766+ 4)

***********

***********

***********

101300(707)

101314(744)

101316(700)

101317(662)

***********

101282(639)

101299(586)

101303(608)

101318(553)

101319(555)

101271(498)

101276(486)

101279(474)

101293(468^ 3)

101306(463^ 3)

101307(527)

101308(520)

101313(492)

***********

***********

101283(418)

101286(412^ 3)

***********

***********

***********

Grade : A
Grade : B
Grade : C
Grade : D

Grade : E
Hamdard Intermediate College for Science & Commerce, Block-H, North Nazimabad
Grade : A-1
101357(912)

***********

***********

***********

***********

101341(845)

101342(765+ 5)

101343(828)

101347(837)

101348(784)

101349(838)

101350(829)

101351(779)

117844(827)

117846(830)

101353(686)

101355(662)

117841(666)

117842(668)

117843(752)

117845(730)

***********

***********

***********

***********

101344(624)

101345(581)

101352(620)

101354(602)

101356(638)

101359(633)

***********

***********

***********

***********

161621(448)

***********

***********

***********

***********

***********

***********

****NIL****

***********

***********

Grade : A

Grade : B

Grade : C

Grade : D
Grade : E
Concordia College (North Karachi SAV Campus)
Grade : A-1
***********

***********

****NIL****

***********

***********

7
Concordia College (North Karachi SAV Campus)
Grade : A
117851(818)

***********

***********

***********

***********

101373(659+ 1)

101374(715)

117853(686)

117854(751)

***********

101371(641)

101375(636)

132221(644)

***********

***********

101372(509^ 3)

117852(538)

***********

***********

***********

***********

***********

****NIL****

***********

***********

Grade : B
Grade : C
Grade : D
Grade : E
Al-Khair College of Higher Education
Grade : A-1
***********

***********

****NIL****

***********

***********

117875(787)

117887(794)

***********

***********

***********

101389(694)

117872(719)

117880(705)

117882(711)

117884(748)

117888(735)

117890(729)

***********

***********

***********

101382(605)

101385(568)

101386(592)

101393(631)

117873(612)

117876(558)

117877(583)

117883(547+ 3)

117885(546+ 4)

117889(653)

117892(564)

***********

***********

***********

***********

117871(507)

117874(532)

117881(538)

117891(535)

161653(456)

***********

***********

****NIL****

***********

***********

Grade : A
Grade : B

Grade : C

Grade : D
Grade : E
Pakistan Shipowner's Govt. College
Grade : A-1
***********

***********

****NIL****

***********

***********

101470(768+ 2)

***********

***********

***********

***********

101408(701)

101411(695)

101414(685)

101415(757)

101420(697)

101422(716)

101430(671)

101431(713)

101432(679)

101435(686)

101436(723)

101446(677)

101447(698)

101453(678)

101474(745)

101486(680)

101491(716)

101493(761)

101502(669)

101503(720)

101513(661)

***********

***********

***********

***********

101401(651)

101406(585)

101407(559)

101409(640)

101410(643)

101412(550)

101413(640)

101421(628)

101423(585)

101424(566)

101425(644)

101426(547+ 3)

101427(612)

101433(651)

101434(597)

101438(571)

101440(631)

101441(578)

101442(640)

101445(624)

101448(647)

101450(556)

101452(584)

101455(630)

101457(550)

Grade : A
Grade : B

Grade : C

8
Pakistan Shipowner's Govt. College
101458(570)

101461(589)

101463(575)

101464(608)

101472(616)

101476(610)

101477(582)

101480(586)

101483(595)

101485(553)

101488(621)

101490(624)

101492(547+ 3)

101494(613)

101497(596)

101500(587)

101501(555^ 2)

101504(582)

101506(557)

101510(591)

101512(604)

101514(559)

132402(551)

132403(565)

132409(568)

132410(580)

132417(585)

***********

***********

***********

101402(513)

101428(502)

101437(540)

101443(543)

101444(512)

101451(544)

101459(496)

101465(536)

101466(511)

101467(489)

101469(461)

101471(496)

101478(542)

101479(504)

101481(537)

101482(507)

101484(520)

101495(503)

101498(533^ 1)

101507(467)

101508(537)

132404(534)

132412(445)

***********

***********

***********

***********

****NIL****

***********

***********

Grade : D

Grade : E
Jinnah Govt. College Nazimabad
Grade : A-1
101563(914)

***********

***********

***********

***********

101605(841)

132577(776)

***********

***********

***********

101551(667)

101582(660)

101588(681)

101606(731)

101630(738)

101650(760)

101659(718)

101663(670)

101666(752)

101668(664)

101675(753)

101676(685)

101679(724)

101687(729)

101702(749)

101718(697)

101719(726)

101725(663)

101728(691)

101729(728)

101734(759)

101735(674)

101736(665)

101737(674)

101740(659+ 1)

101753(677)

132502(753)

***********

***********

***********

101561(598)

101565(552)

101566(618)

101584(572)

101589(633)

101593(573)

101600(563)

101601(647)

101602(579)

101604(598)

101613(556)

101615(610^ 2)

101618(643)

101621(646)

101624(632)

101626(622)

101633(570)

101635(596)

101642(569)

101644(600)

101645(568)

101646(560)

101647(565^ 1)

101656(573^ 3)

101664(546+ 4)

101669(646)

101674(631)

101684(614)

101685(597)

101689(622)

101693(580)

101694(546+ 4)

101697(559)

101698(602)

101701(613)

101704(637)

101709(597)

101710(571)

101711(589)

101712(629)

101713(615)

101715(572)

101720(554)

101721(577)

101722(558)

101726(564)

101727(549+ 1)

101732(589)

101733(627)

101738(565)

101741(613)

101743(568)

101744(574)

101747(600)

101749(620)

101754(564)

132501(619)

132517(583)

132523(551)

132531(614)

132542(564)

132546(601)

132575(568)

***********

***********

101571(473^ 3)

101580(487)

101583(482)

101595(525)

101598(498)

101614(513)

101623(505)

101651(500^ 2)

101652(494)

101677(539)

Grade : A
Grade : B

Grade : C

Grade : D

9
Jinnah Govt. College Nazimabad
101680(541)

101690(522)

101696(529)

101703(528)

101705(457)

101708(537)

101730(525^ 2)

101745(495)

132504(538)

132507(498)

132508(533)

132509(495)

132515(462)

132518(464)

132527(505)

132528(496)

132532(516)

132535(519)

132536(514)

132537(515)

132540(532)

132545(525)

132547(494)

132548(496)

132550(469)

132552(489)

132555(537)

132556(520)

132557(534)

132559(464)

132562(465)

132563(493^ 3)

132564(490)

132565(441)

132567(506)

132574(446)

132576(528)

***********

***********

***********

101610(434^ 3)

132516(414^ 2)

132533(411)

132570(423)

***********

Grade : E
Govt. Boys Degree College Buffer Zone
Grade : A-1
***********

***********

****NIL****

***********

***********

101856(775)

***********

***********

***********

***********

101886(703)

101900(719)

101943(750)

101945(727)

101946(671)

101948(720)

101954(672)

101957(708)

101959(656+ 4)

***********

101831(600)

101841(550)

101859(586)

101895(550)

101909(578)

101918(566)

101925(623)

101936(597)

101937(583)

101938(613)

101939(553)

101942(641)

101949(614)

101952(564)

101956(620)

101964(611)

101966(649)

101969(644)

101972(564)

101979(563)

101982(580)

101991(593)

132760(559)

132762(557)

132763(557)

132773(557)

132774(548+ 2)

132824(545+ 5)

132832(549+ 1)

132848(555)

132853(587)

132854(552)

132857(545+ 5)

132858(561)

132860(588)

132866(605)

132867(570)

132868(605)

132872(551)

***********

101837(493)

101852(462^ 2)

101869(457)

101875(460)

101880(455)

101884(467)

101888(463)

101893(470^ 2)

101903(517)

101908(537)

101910(510)

101911(487)

101921(485)

101929(516)

101930(490)

101933(523)

101940(464)

101944(499)

101947(464)

101950(508)

101951(472)

101955(481^ 1)

101960(497)

101962(480)

101970(537)

101974(520)

101977(509)

101992(538)

101996(541)

101999(476)

132751(490)

132764(512)

132765(495)

132767(495)

132770(485)

132771(460)

132776(498)

132777(507)

132778(482)

132779(448)

132781(478)

132785(536)

132789(522)

132793(503)

132794(520)

132797(496)

132798(482)

132799(494)

132801(498)

132802(514)

132805(505)

132806(517)

132807(485)

132808(490)

132809(476)

132810(525)

132811(457)

132815(504)

132817(479)

132818(437+ 3)

132821(448)

132823(496)

132826(536)

132830(490)

132831(472)

132834(529)

132836(497)

132840(470)

132842(530)

132844(490)

132847(540)

132850(500)

132851(518)

132852(469)

132855(471)

Grade : A
Grade : B

Grade : C

Grade : D

10
Govt. Boys Degree College Buffer Zone
132856(458)

132861(436+ 4)

132869(492)

132873(488)

132876(445)

132879(540)

***********

***********

***********

***********

101878(405^ 4)

132786(430)

132795(429)

132800(433)

132814(407)

132828(411)

132833(408)

***********

***********

***********

Grade : E

Premier Govt. College (Morning)
Grade : A-1
102153(882)

102257(882)

102274(912)

***********

***********

102066(825)

102072(820)

102081(798)

102099(773)

102100(821)

102129(831)

102141(781)

102150(767+ 3)

102190(771)

102200(791)

102202(829)

102213(826)

102218(856)

102220(806)

102224(828)

102278(784)

102284(767+ 3)

102319(816)

102346(841)

102347(783)

102354(817)

102355(823)

102380(772)

102398(796)

102420(769+ 1)

102428(812)

102430(793)

102454(854)

102455(778)

102472(824)

102486(789)

***********

***********

***********

***********

102062(698)

102065(665)

102080(683)

102082(675)

102083(714)

102116(758)

102117(750)

102119(755)

102120(747)

102126(720)

102136(726)

102144(760)

102145(737)

102155(658+ 2)

102162(694)

102164(687)

102166(655+ 5)

102169(719)

102182(738)

102185(678)

102188(690)

102193(669)

102203(685)

102227(693)

102229(724)

102230(736)

102234(750)

102236(662)

102243(676)

102251(674)

102254(704)

102259(720)

102261(684)

102265(713)

102273(678)

102277(695)

102289(701)

102301(692)

102305(666)

102307(672)

102318(661)

102323(708)

102332(702)

102341(709)

102356(706)

102359(730)

102365(711)

102377(661)

102379(689)

102384(672)

102388(737)

102393(664)

102400(706)

102403(689)

102404(720)

102439(670)

102444(697)

102445(723)

102456(682)

102460(705)

102462(664)

102465(702)

102475(658+ 2)

102476(750)

102481(703)

102483(722)

102484(749)

102501(758)

132951(670)

133022(745)

133108(691)

***********

***********

***********

***********

102061(572)

102076(551)

102107(613)

102108(602)

102113(606)

102114(633)

102121(611)

102122(642)

102128(557)

102133(550)

102139(627)

102140(628)

102143(625)

102148(640)

102151(597)

102156(569)

102159(638)

102163(596)

102178(577)

102186(650)

102187(611)

102221(634)

102233(614)

102235(641)

102238(645)

102241(581)

102242(607)

102247(611)

102250(551)

102260(617)

102262(594)

102263(605)

102270(619)

102276(582)

102279(654)

102290(572)

102293(587)

102295(589)

102311(575)

102316(609)

102320(600)

102322(547+ 3)

102324(589)

102325(557)

102326(574)

102328(637)

102330(583)

102334(579)

102338(564^ 3)

102345(574)

Grade : A

Grade : B

Grade : C

11
Premier Govt. College (Morning)
102350(627)

102362(553)

102369(597)

102370(586)

102373(545+ 5)

102374(608)

102390(606)

102391(637)

102407(607)

102412(654)

102416(547+ 3)

102419(628)

102422(601)

102429(622)

102437(612)

102441(633)

102443(563)

102449(654)

102450(603)

102458(554)

102464(630)

102466(640)

102467(566)

102470(584)

102471(650)

102478(584)

102485(546+ 4)

102490(568)

102495(629)

102496(566)

132953(627)

132957(550)

132971(557)

132977(573)

132982(563)

132984(554)

132985(583)

132996(600)

132997(579)

132999(560^ 2)

133004(626)

133014(559)

133025(554)

133048(548+ 2)

133050(555)

133051(613)

133053(597)

133055(625)

133056(601)

133057(645)

133058(591)

133061(589)

133075(597)

133076(549+ 1)

133080(619)

133086(570)

133099(629)

133103(579)

133104(548+ 2)

133107(646)

133115(638)

133117(586)

133121(568)

133122(569)

133124(547+ 3)

102085(449^ 3)

102086(526)

102098(464)

102110(513)

102124(507)

102131(540^ 3)

102137(511)

102152(508)

102158(481)

102171(523)

102172(505)

102174(492)

102175(516)

102177(497)

102179(532)

102181(503)

102198(507)

102209(451)

102210(533)

102211(479)

102216(467)

102239(441)

102246(518)

102249(498)

102253(454)

102255(505^ 2)

102256(538)

102267(523)

102272(488)

102297(448)

102300(498)

102306(542)

102308(447)

102310(494)

102313(468)

102314(529)

102340(479)

102344(539)

102357(534)

102366(496)

102367(458^ 2)

102372(509)

102382(519)

102387(459)

102395(460)

102399(492)

102402(525)

102405(489)

102406(523)

102414(534)

102442(534)

102448(489)

102468(512)

102469(497)

102474(493)

102488(451)

102491(474)

102506(488)

102507(520)

132952(495)

132956(446)

132960(525)

132961(500)

132962(453)

132963(490)

132964(534)

132969(500)

132973(472)

132975(504)

132976(538)

132978(452)

132979(507)

132983(478)

132986(482^ 1)

132987(504)

132993(526)

133002(531)

133005(506)

133006(487)

133007(480)

133008(501)

133010(517)

133012(451)

133013(497)

133016(454)

133018(528)

133023(494)

133024(456)

133028(485)

133029(446)

133031(495)

133032(512)

133033(500)

133034(491)

133035(444)

133036(483)

133038(511)

133042(445)

133043(474)

133044(489)

133045(498)

133046(466)

133047(530)

133054(505)

133059(510)

133060(509)

133062(528)

133063(543)

133064(447)

133065(500^ 3)

133066(535)

133067(488)

133068(479)

133069(454)

133070(510)

133071(543)

133074(495)

133077(519)

133078(541)

133085(442)

133087(540)

133088(497)

133089(523)

133091(468)

133093(445)

133094(534)

133095(525)

133096(537)

133097(435+ 5)

133100(529)

133101(484)

133102(489)

133105(467)

133106(530)

133112(490)

133120(496)

***********

***********

***********

***********

Grade : D

12
Premier Govt. College (Morning)
Grade : E
132959(402)

132974(423)

133009(420)

133015(420)

133026(414^ 1)

133027(422)

133098(411)

133113(433)

***********

***********

Premier Govt. College (Evening)
Grade : A-1
102857(914)

***********

***********

***********

***********

102881(792)

103068(786)

103069(767+ 3)

103200(806)

103271(772)

103308(772)

***********

***********

***********

***********

102825(676)

102833(702)

102852(661)

102865(708)

102869(745)

102912(725)

102944(726)

102957(657+ 3)

102975(695)

103003(658+ 2)

103004(716)

103005(667)

103006(685)

103009(682)

103010(704)

103013(666)

103023(663)

103041(720)

103046(711)

103047(664)

103050(704)

103051(668)

103054(658+ 2)

103055(668)

103057(722)

103059(754)

103061(749)

103064(689)

103076(693)

103077(713)

103084(741)

103086(705)

103093(686)

103096(708)

103098(741)

103099(699)

103100(722)

103101(709)

103102(715)

103114(666)

103116(695)

103117(694)

103119(694)

103128(669)

103133(729)

103137(729)

103140(670)

103141(680)

103143(690)

103144(688)

103145(677)

103146(695)

103148(675)

103158(690)

103159(674)

103162(700)

103164(735)

103166(674)

103168(659+ 1)

103178(661)

103196(701)

103202(723)

103203(681)

103209(671)

103212(682)

103228(685)

103229(750)

103237(703)

103249(687)

103272(708)

103275(680)

103279(681)

103285(723)

103382(662)

103385(679)

103428(718)

103439(719)

103450(666)

103457(730)

133339(655+ 5)

133384(657+ 3)

133389(662)

133390(734)

133393(695)

133404(658+ 2)

102722(547+ 3)

102728(566^ 3)

102729(565)

102730(555)

102732(574)

102736(610)

102737(551)

102741(592)

102742(557)

102746(559)

102747(602)

102763(571)

102765(562)

102767(592)

102768(592)

102772(612)

102783(608)

102786(565)

102789(588)

102795(559)

102796(609)

102800(596)

102803(616)

102804(548+ 2)

102805(556)

102807(636)

102808(599)

102811(571)

102812(568)

102814(578)

102815(565)

102816(595)

102817(585)

102818(561)

102823(553)

102826(626)

102827(629)

102828(612)

102830(578)

102834(606)

102835(620)

102836(587)

102838(546+ 4)

102839(611)

102845(628)

102846(587)

102847(631)

102848(581)

102849(604)

102853(620)

102854(581)

102855(592)

102856(554)

102858(585)

102860(617)

102863(570)

102866(624)

102870(589)

102871(558)

102873(643)

102874(654)

102875(639)

102877(582)

102878(597)

102882(637)

102883(633)

102884(622)

102887(571)

102890(598)

102891(546+ 4)

102896(645)

102897(576)

102898(593)

102899(585)

102900(597)

Grade : A

Grade : B

Grade : C

13
Premier Govt. College (Evening)
102903(619)

102904(643)

102906(553)

102908(607)

102913(578)

102914(601)

102915(568)

102918(575)

102919(581)

102920(603)

102927(580)

102928(607)

102931(548+ 2)

102941(583)

102942(604)

102946(556)

102954(558)

102955(568)

102959(549+ 1)

102961(613)

102962(562)

102963(575)

102974(624)

102976(558)

102978(608)

102979(558)

102980(617)

102981(583)

102983(597)

102984(581)

102987(571)

102989(625)

102991(636)

102998(550)

102999(556)

103000(560)

103002(643)

103007(575)

103011(584)

103012(545+ 5)

103014(636)

103015(645)

103016(641)

103018(628)

103019(595)

103021(586)

103024(634)

103025(624)

103026(576)

103027(576)

103028(642)

103029(614)

103033(597)

103034(587)

103035(583)

103036(582)

103040(581)

103042(618)

103043(653)

103044(581)

103049(588)

103052(574)

103053(604)

103060(563)

103063(639)

103066(567)

103067(554)

103070(631)

103072(603)

103073(641)

103074(556)

103075(558)

103078(643)

103079(548+ 2)

103085(652)

103088(589)

103089(640)

103090(554)

103092(596)

103094(639)

103095(599)

103103(623)

103104(592)

103107(555)

103109(643)

103112(576)

103113(579)

103118(556)

103121(578)

103122(577)

103124(612)

103126(636)

103127(625)

103129(571)

103130(620)

103131(630)

103134(617)

103138(646)

103142(555)

103147(630)

103149(607)

103150(566)

103151(623)

103152(581)

103153(573)

103154(573)

103156(587)

103161(652)

103165(574)

103167(603)

103169(579)

103172(597)

103176(634)

103179(596)

103180(652)

103183(551)

103185(593)

103186(642)

103188(628)

103189(578)

103191(641)

103193(568)

103194(566)

103195(618)

103198(651)

103199(568)

103204(651)

103211(636)

103216(560)

103217(602)

103218(567)

103220(570)

103223(615)

103225(566)

103226(628)

103230(596)

103233(618)

103234(633)

103235(568)

103247(635)

103254(622)

103268(625)

103270(603)

103273(619)

103274(600)

103276(547+ 3)

103281(615)

103283(633)

103289(566)

103302(567)

103307(636)

103312(599)

103315(604)

103318(612)

103319(599)

103321(646)

103323(607)

103326(644)

103330(564)

103335(559)

103336(580)

103339(626)

103340(625)

103341(561)

103342(621)

103346(637)

103352(562)

103359(585)

103360(630)

103361(545+ 5)

103375(550)

103380(582)

103381(587)

103383(647)

103384(581)

103386(553)

103390(570)

103395(579)

103396(623)

103397(553)

103401(551)

103402(638)

103410(590)

103411(567)

103414(592)

103415(571)

103419(610)

103427(593)

103429(654)

103436(627)

103438(624)

103441(641)

103442(569^ 3)

103444(546+ 4)

103445(645)

103446(594)

103453(619)

103456(621)

103458(571)

103459(628)

103461(568)

103463(594)

133252(550)

133259(645)

133270(547+ 3)

133271(577)

133275(567)

133281(550)

133282(555)

133288(563)

133291(549+ 1)

133292(575)

133295(573)

133299(614)

133313(570)

14
Premier Govt. College (Evening)
133314(551)

133324(553)

133336(545+ 5)

133342(577)

133343(572)

133375(558)

133376(545+ 5)

133385(576)

133394(552)

133399(623)

102721(462^ 3)

102724(501)

102725(508)

102727(524)

102734(491)

102752(450)

102755(486)

102759(527)

102761(499)

102762(509)

102764(533)

102770(490)

102771(528)

102775(522)

102776(530)

102780(534)

102791(539)

102792(543)

102793(529)

102794(529)

102797(539)

102801(502)

102806(513)

102809(529)

102810(533)

102821(499)

102822(507)

102824(523)

102831(523)

102832(475)

102840(472)

102841(533)

102842(524)

102843(522)

102844(519)

102850(523)

102851(515)

102859(481^ 2)

102862(449)

102864(465)

102867(467)

102872(530)

102886(536)

102892(534)

102893(528)

102902(512)

102905(534)

102907(519)

102911(527)

102921(514)

102932(520)

102937(537)

102938(513)

102940(518^ 2)

102947(529)

102953(494)

102956(486)

102958(516)

102960(473)

102965(534)

102967(499)

102970(503)

102985(490)

102986(510)

102988(526)

102990(506)

102995(513)

102997(487)

103001(539)

103017(491)

103030(526)

103031(515)

103032(511)

103037(504)

103058(523)

103082(538)

103083(480)

103087(533)

103106(534)

103108(518)

103132(532)

103135(524)

103139(527)

103155(542)

103160(491^ 1)

103170(505)

103175(467)

103177(510)

103181(541)

103182(495)

103184(540)

103187(501)

103197(517)

103205(520)

103206(451)

103207(534)

103219(516)

103222(513)

103227(513)

103231(530)

103232(520)

103238(528)

103239(439+ 1)

103240(534)

103241(486)

103242(525)

103243(474)

103244(521)

103251(516)

103253(519)

103264(519)

103277(535)

103282(533)

103288(474)

103291(518)

103295(494)

103296(503)

103297(540)

103301(526)

103304(473)

103306(493)

103316(492)

103317(504^ 1)

103325(525)

103327(526)

103329(441)

103331(507)

103338(524)

103345(518)

103353(492)

103355(515^ 1)

103357(462)

103362(516^ 2)

103368(469)

103371(509)

103377(468)

103391(529)

103394(484^ 4)

103399(514)

103400(494)

103404(452)

103406(522)

103408(440^ 6)

103412(541^ 1)

103413(507)

103416(524)

103418(542)

103420(488)

103430(464^ 3)

103431(449)

103437(517)

103443(544)

103449(500^ 1)

103455(491)

103460(502)

103464(497)

103467(444)

103468(449)

133251(519)

133257(543)

133260(466)

133262(509)

133263(516)

133264(474)

133266(530)

133269(507)

133274(486)

133279(524)

133280(492)

133284(533)

133289(500)

133290(498)

133293(520)

133298(512)

133300(500)

133302(478)

133303(491)

133306(441)

133307(447)

133308(460)

133309(491)

133310(502)

133312(474)

133315(534)

133317(505)

133322(500)

133323(513)

133327(469)

133328(515)

133331(464)

133333(507)

133335(523)

133337(503)

133338(479)

133344(532^ 1)

133345(497)

133347(517)

133353(463)

133361(487)

133362(497)

Grade : D

15
Premier Govt. College (Evening)
133365(466)

133366(501)

133370(456)

133372(456)

133374(448)

133380(469)

133381(500)

133382(503)

133392(509)

133395(497^ 2)

133397(496)

133398(532)

133401(521)

133403(475)

133408(523)

102930(428^ 3)

103299(421)

103334(438^ 1)

103387(411^ 2)

133332(438^ 1)

133334(399)

133360(432)

133378(431)

***********

***********

Grade : E

Tabani's College, North Nazimabad Campus
Grade : A-1
103603(884)

103610(920)

103611(920)

119175(955)

119177(958)

119178(969)

119179(993)

119180(983)

119181(895)

119182(918)

103601(851)

103602(850)

103605(771)

103606(862)

103608(829)

103609(867)

103613(850)

103614(866)

***********

***********

103607(700)

103616(756)

103617(718)

103618(693)

119171(751)

119172(726)

119173(719)

119174(733)

119176(751)

119183(738)

103604(635)

103612(654)

103615(643)

133551(545+ 5)

***********

***********

***********

****NIL****

***********

***********

***********

***********

****NIL****

***********

***********

Grade : A

Grade : B

Grade : C
Grade : D
Grade : E
Quaid-e-Azam Rangers Public School & College
Grade : A-1
***********

***********

****NIL****

***********

***********

103626(776)

119152(858)

***********

***********

***********

103622(738)

103623(686)

103624(728)

103625(688)

103627(731)

103628(693)

103629(764)

119153(671)

***********

***********

103621(601)

119151(618)

119154(579)

119155(593)

***********

***********

***********

****NIL****

***********

***********

***********

***********

****NIL****

***********

***********

Grade : A
Grade : B

Grade : C
Grade : D
Grade : E
Iqra Huffaz Boys College
Grade : A-1
***********

***********

****NIL****

***********

***********

***********

***********

****NIL****

***********

***********

***********

***********

****NIL****

***********

***********

Grade : A
Grade : B

16
Iqra Huffaz Boys College
Grade : C
103631(631)

***********

***********

***********

***********

103633(549^ 2)

103634(484)

***********

***********

***********

***********

***********

****NIL****

***********

***********

Grade : D
Grade : E
Dr. Ziauddin Intermediate College
Grade : A-1
***********

***********

****NIL****

***********

***********

***********

***********

****NIL****

***********

***********

133581(673)

***********

***********

***********

***********

103641(567)

119161(617)

119162(606)

***********

***********

***********

***********

****NIL****

***********

***********

***********

***********

****NIL****

***********

***********

Grade : A
Grade : B
Grade : C
Grade : D
Grade : E
Govt. Boys Baba Willayat Ali Shah Higher Secondary School
Grade : A-1
***********

***********

****NIL****

***********

***********

***********

***********

****NIL****

***********

***********

***********

***********

****NIL****

***********

***********

103667(597)

103673(552)

***********

***********

***********

103666(516)

103669(511)

103672(533)

133703(487^ 1)

***********

***********

***********

****NIL****

***********

***********

Grade : A
Grade : B
Grade : C
Grade : D
Grade : E
Govt. Degree Science & Commerce College Orangi Town
Grade : A-1
***********

***********

****NIL****

***********

***********

***********

***********

****NIL****

***********

***********

***********

***********

****NIL****

***********

***********

133751(551)

***********

***********

***********

***********

103701(484^ 3)

103703(515)

103704(491)

133752(474)

133753(478)

Grade : A
Grade : B
Grade : C
Grade : D

17
Govt. Degree Science & Commerce College Orangi Town
133754(465)

133757(471)

***********

***********

***********

***********

***********

****NIL****

***********

***********

Grade : E
Shaheed Zulfiqar Ali Bhutto Govt. Boys Degree College
Grade : A-1
***********

***********

****NIL****

***********

***********

***********

***********

****NIL****

***********

***********

***********

***********

****NIL****

***********

***********

103760(584)

103799(554)

***********

***********

***********

103741(510)

103761(459^ 3)

103766(539)

103771(484)

103775(460^ 2)

103776(507)

103782(441)

103783(455)

103790(537)

103791(505)

133801(452)

133804(439+ 1)

133807(461)

133808(517)

133810(509)

133811(447)

133812(476)

133814(460)

133815(488)

133819(511^ 3)

133817(422)

***********

***********

***********

***********

Grade : A
Grade : B
Grade : C
Grade : D

Grade : E
Govt. Degree Boys College Baldia Town
Grade : A-1
***********

***********

****NIL****

***********

***********

103896(835)

***********

***********

***********

***********

103919(761)

103928(714)

103930(687)

***********

***********

103880(551)

103885(626)

103899(618)

103905(653)

103915(577)

103916(552^ 2)

103917(589)

103923(557)

103926(574)

103927(636)

103936(553)

103943(647)

103944(627)

103948(588)

103949(562)

103954(614)

103959(557)

134112(562)

***********

***********

103871(532)

103873(488)

103878(473)

103884(521)

103886(511)

103891(483)

103898(482)

103903(533)

103911(467)

103918(472)

103922(498)

103925(489^ 2)

103929(526)

103933(540)

103935(528)

103937(516)

103938(544)

103941(476)

103950(490)

134101(472^ 5)

134102(523)

134104(471)

134106(467)

134108(480)

134109(455)

134113(451)

134116(457)

***********

***********

***********

134107(414)

134115(433)

134117(421)

134118(410)

***********

Grade : A
Grade : B
Grade : C

Grade : D

Grade : E
Govt. Degree Boys College 9-E, Baldia Town
Grade : A-1
***********

***********

****NIL****

***********

***********

18
Govt. Degree Boys College 9-E, Baldia Town
Grade : A
104091(800)

***********

***********

***********

***********

***********

***********

****NIL****

***********

***********

***********

***********

****NIL****

***********

***********

134201(467)

134202(509)

***********

***********

***********

***********

***********

****NIL****

***********

***********

Grade : B
Grade : C
Grade : D
Grade : E
HOPE Inter College
Grade : A-1
119594(901)

119613(892)

***********

***********

***********

119601(803)

119605(776)

119606(844)

***********

***********

104102(702)

104103(706)

104107(666)

104109(740)

104111(694)

104112(662)

104138(717)

104142(662)

104144(663)

119614(669)

134281(687)

134282(684)

***********

***********

***********

104101(581)

104104(593)

104105(613)

104106(642)

104108(627)

104113(617)

104115(621)

104116(634)

104117(551)

104118(548+ 2)

104119(573)

104124(587)

104125(584)

104126(623)

104127(597)

104130(573)

104132(596)

104133(631)

104134(619)

104137(599)

119591(571)

119597(610)

119598(584)

119599(570)

119602(626)

119603(548+ 2)

119607(614)

119612(616)

119616(618)

134284(552)

164021(628)

***********

***********

***********

***********

104114(528)

104120(537)

104122(510)

104136(456)

104139(512^ 2)

104140(542)

119592(515)

119608(543)

134283(458)

134285(544)

***********

***********

****NIL****

***********

***********

Grade : A
Grade : B

Grade : C

Grade : D

Grade : E
The Pinnacle College
Grade : A-1
***********

***********

****NIL****

***********

***********

104156(787)

119633(825)

119635(778)

***********

***********

104151(717)

104157(738)

104158(763)

119634(724)

***********

104152(606)

104153(577)

104154(599)

104155(619)

119631(561)

119632(594)

***********

***********

***********

***********

Grade : A
Grade : B
Grade : C

19
The Pinnacle College
Grade : D
***********

***********

****NIL****

***********

***********

***********

***********

****NIL****

***********

***********

Grade : E
The Leads Higher Secondary School, Saeedabad, Baldia Town
Grade : A-1
***********

***********

****NIL****

***********

***********

119655(770)

119671(795)

119672(855)

119673(782)

***********

119651(679)

119653(676)

119654(701)

119661(740)

119664(673)

119665(660)

119668(669)

119670(663)

119674(753)

***********

104165(563)

119652(576)

119658(644)

119666(584)

119667(644)

119675(596)

134391(623)

164132(562)

***********

***********

104166(497)

119662(499)

164131(490)

164134(495)

***********

***********

***********

****NIL****

***********

***********

Grade : A
Grade : B

Grade : C

Grade : D
Grade : E
Govt. Degree Boys College, Metrovill, S.I.T.E.
Grade : A-1
***********

***********

****NIL****

***********

***********

104229(772)

***********

***********

***********

***********

104227(683)

104237(655+ 5)

***********

***********

***********

104206(564)

104210(569)

104213(614)

104214(564)

104218(566)

104221(547+ 3)

104222(565)

104223(614)

104224(552)

104231(588)

104233(589)

104235(563)

104236(557^ 1)

104239(624)

134701(572)

134706(651)

***********

***********

***********

***********

104208(545^ 1)

104216(518)

104217(537)

104219(526)

104225(549^ 2)

104226(541)

104238(539)

134704(511)

***********

***********

***********

***********

****NIL****

***********

***********

Grade : A
Grade : B
Grade : C

Grade : D

Grade : E
Govt. Degree Science & Commerce College Asifabad
Grade : A-1
134793(899)

***********

***********

***********

***********

***********

***********

****NIL****

***********

***********

104326(713)

104334(659+ 1)

104357(678)

104381(678)

104382(657+ 3)

Grade : A
Grade : B

20
Govt. Degree Science & Commerce College Asifabad
104436(712)

104447(669)

104448(697)

104478(729)

104516(655+ 5)

104599(692)

134864(722)

***********

***********

***********

104261(575)

104288(631)

104309(549+ 1)

104310(591)

104312(633)

104319(629)

104323(602)

104329(587)

104337(619)

104354(610)

104372(547+ 3)

104373(582)

104376(595)

104377(590)

104383(613)

104387(641)

104388(556)

104391(624)

104392(556)

104396(647^ 1)

104397(622)

104400(642)

104445(597)

104479(597)

104483(587)

104490(584)

104496(595)

104515(582)

104520(576^ 3)

104535(574)

104540(549+ 1)

104541(575)

104564(547+ 3)

104573(602)

104577(580)

104595(583)

134758(565)

134765(546+ 4)

134768(546+ 4)

134775(568)

134782(547+ 3)

134797(567)

134803(558)

134824(560)

134837(590)

134850(610)

134873(564)

***********

***********

***********

104271(541)

104306(526)

104349(534)

104384(528^ 2)

104386(510)

104389(465)

104521(507^ 5)

104533(516)

104553(451)

104555(495^ 3)

104574(472)

104575(518)

104583(463)

104587(483)

104591(520)

104593(486)

104598(486^ 3)

134759(436+ 4)

134760(540)

134761(506)

134766(529)

134767(524)

134769(487)

134770(513)

134771(497)

134774(435+ 5)

134777(515)

134779(440)

134780(456)

134781(487)

134784(450)

134785(447)

134786(519)

134787(509)

134789(449)

134790(480)

134791(483)

134792(496)

134796(507)

134799(459)

134805(483)

134806(437+ 3)

134807(521)

134808(531)

134810(501)

134811(489)

134812(507)

134813(440)

134814(513)

134816(473)

134818(502)

134819(461)

134820(502)

134821(471)

134823(517)

134826(467)

134833(516)

134834(476)

134835(471)

134838(514)

134842(488)

134844(472)

134848(453)

134849(502)

134852(465)

134854(507)

134855(542)

134856(456^ 2)

134865(488^ 1)

134871(533)

134879(523)

134881(495)

***********

***********

***********

104267(425^ 3)

134764(433)

134778(414)

134798(429)

134800(406)

134802(392)

134815(420)

134861(432)

134867(434^ 3)

***********

Grade : C

Grade : D

Grade : E

Govt Boys College Manghopir
Grade : A-1
***********

***********

****NIL****

***********

***********

***********

***********

****NIL****

***********

***********

104724(719)

***********

***********

***********

***********

***********

***********

****NIL****

***********

***********

135005(502)

***********

***********

***********

***********

Grade : A
Grade : B
Grade : C
Grade : D

21
Govt Boys College Manghopir
Grade : E
***********

***********

****NIL****

***********

***********

Govt. City College (Morning)
Grade : A-1
104764(914)

***********

***********

***********

***********

104780(767+ 3)

***********

***********

***********

***********

104754(663)

104771(657+ 3)

104786(740)

104787(728)

104789(697)

104790(725)

104796(702)

104839(681)

104842(712)

104859(726)

104877(670)

135520(659+ 1)

***********

***********

***********

104763(575)

104767(568)

104768(644)

104774(641)

104779(615^ 3)

104783(643)

104784(629)

104788(650)

104791(572)

104792(603)

104794(550)

104798(597)

104802(569)

104813(573)

104814(570)

104816(551)

104817(553)

104818(552)

104819(580)

104820(638)

104822(546+ 4)

104823(619)

104824(556)

104828(610)

104835(639)

104836(634)

104837(577)

104844(636)

104852(585)

104853(612)

104858(568)

104865(561)

104866(588)

104868(554)

104870(610)

104874(547+ 3)

104878(603)

104886(551)

104887(612)

104889(551)

104895(583)

104896(560)

104899(597)

104905(632)

104906(546+ 4)

135402(612)

135404(647)

135405(577)

135407(567)

135409(648)

135427(583)

135430(548+ 2)

135471(557)

135495(561)

135511(636)

135514(555)

135522(548+ 2)

***********

***********

***********

104751(496)

104752(519)

104755(510)

104756(538)

104758(527)

104760(475)

104762(543)

104765(478^ 1)

104772(530)

104775(496)

104777(463)

104781(505)

104782(530)

104793(520)

104795(502)

104797(472)

104799(541)

104800(507)

104804(492)

104810(465)

104812(519)

104825(542)

104830(455^ 3)

104831(521)

104832(541)

104838(506)

104841(523)

104843(543)

104845(490^ 2)

104846(504)

104848(508)

104850(521)

104851(491^ 6)

104854(542)

104855(539)

104861(453^ 3)

104863(519)

104867(520^ 3)

104869(503)

104873(499^ 2)

104875(457^ 2)

104880(492)

104881(487)

104882(531)

104884(494^ 3)

104894(494)

104898(507)

104902(442)

104909(515)

135403(464^ 1)

135408(536)

135410(501)

135411(493)

135413(444)

135417(449)

135420(478)

135421(536)

135422(451)

135423(474)

135424(480)

135426(508)

135428(485)

135431(530)

135432(544)

135433(530)

135434(534)

135435(500)

135442(496)

135443(481)

135444(501)

135448(505)

135449(461)

135450(464)

135452(435+ 5)

135455(506)

135457(526)

135459(479)

135460(532)

135461(498)

135462(473)

135463(484)

135465(465)

135466(495)

135467(454)

135470(448)

135474(482)

135475(500)

135476(544)

135477(481)

135478(489)

Grade : A
Grade : B

Grade : C

Grade : D

22
Govt. City College (Morning)
135479(435+ 5)

135480(508)

135481(448)

135483(444)

135484(465)

135486(486)

135488(493)

135497(457)

135498(521)

135499(499)

135500(517)

135501(453)

135504(477)

135505(502)

135508(516)

135509(503)

135510(458)

135513(511)

135515(445)

135516(503)

135518(529)

135519(443)

135523(464)

135525(484)

135526(443)

104806(430)

104883(434)

135438(430)

135440(415)

135441(422)

135445(406)

135451(419)

135456(429)

135458(431)

135464(423)

135496(420)

***********

***********

***********

***********

Grade : E

Govt. City College (Evening)
Grade : A-1
***********

***********

****NIL****

***********

***********

104972(769+ 1)

***********

***********

***********

***********

104971(708)

104983(700)

105016(721)

105020(752)

105023(735)

105027(660)

105032(662)

105033(686)

105034(683)

105037(659+ 1)

105048(662)

105049(702)

105050(712)

105078(669)

105085(733)

135788(686)

***********

***********

***********

***********

104965(606)

104966(641)

104967(563)

104968(618)

104969(555)

104970(552)

104976(634)

104977(607)

104978(602)

104987(555)

104988(560)

104997(569)

104998(566)

105000(582)

105001(545+ 5)

105003(624)

105004(546+ 4)

105005(574^ 1)

105011(649)

105012(621)

105013(650)

105014(588)

105015(598)

105017(547+ 3)

105018(611)

105022(572)

105026(603)

105028(596)

105030(552)

105031(610)

105035(646)

105038(581)

105040(579)

105043(639)

105045(564)

105046(599)

105047(561)

105051(584)

105056(631)

105057(547+ 3)

105058(561)

105059(607)

105064(612)

105065(555)

105067(557)

105068(561)

105069(561)

105073(634)

105074(572)

105076(572)

105077(565)

105079(545+ 5)

105080(637)

105081(637)

105082(602)

105083(595)

105084(603)

105089(632)

105090(554)

105098(554)

105101(571)

105102(639)

105103(605)

135765(581)

135771(598)

135772(546+ 4)

135777(548+ 2)

135797(550)

***********

***********

104961(540)

104974(513)

104979(537)

104990(524)

104999(507)

105002(501)

105006(528)

105008(516)

105009(504)

105010(508^ 2)

105021(504)

105024(497^ 3)

105029(472)

105036(541)

105039(513)

105044(523)

105052(492)

105053(504)

105060(504)

105061(472^ 1)

105062(457)

105063(461)

105075(515)

105086(495)

105088(543)

105093(444)

105094(491)

105095(466)

135752(529)

135753(514)

135754(442)

135756(480)

135758(510)

135760(501)

135768(460)

135774(530)

135775(519)

135776(481)

135778(528)

135783(544)

Grade : A
Grade : B

Grade : C

Grade : D

23
Govt. City College (Evening)
135786(499)

135787(473)

135789(475)

135792(504)

135793(528)

135799(468)

***********

***********

***********

***********

135766(422)

135769(400)

135773(410)

135796(407)

***********

Grade : E
Govt. Boys Comprehensive H.S.School Azizabad F.B.Area
Grade : A-1
***********

***********

****NIL****

***********

***********

105272(788)

105273(831)

105274(810)

105291(795)

***********

105171(662)

105183(682)

105186(666)

105189(725)

105206(682)

105207(668)

105208(659+ 1)

105214(715)

105220(656+ 4)

105226(674)

105228(672)

105229(681)

105230(672)

105231(746)

105232(691)

105237(711)

105255(683)

105256(714)

105257(663)

105258(741)

105260(733)

105261(741)

105264(679)

105267(749)

105268(731)

105269(736)

105270(718)

105275(684)

105276(748)

105277(738)

105283(694)

105292(705)

105296(692)

105299(673)

105306(657+ 3)

105308(679)

105323(657+ 3)

105337(693)

105338(688^ 1)

105344(742)

105348(671)

135902(695)

135951(698)

135958(686)

***********

105172(605)

105174(545+ 5)

105176(567)

105177(631)

105178(580)

105179(639)

105180(628)

105182(564)

105185(545+ 5)

105187(603)

105188(632)

105192(562)

105193(646)

105195(557)

105197(587)

105198(592)

105200(574)

105201(622)

105202(592)

105204(553)

105209(548+ 2)

105211(625^ 2)

105212(545+ 5)

105215(629)

105217(608)

105218(639)

105219(624)

105222(590)

105223(624)

105224(613)

105225(577)

105227(590)

105233(627)

105234(585)

105235(638)

105236(648)

105238(605)

105239(558)

105240(650)

105242(557)

105248(623)

105250(651)

105251(586)

105252(619)

105253(646)

105254(653)

105259(624)

105263(650)

105271(630)

105278(619)

105282(608)

105284(612)

105286(554)

105287(640)

105289(642)

105290(616)

105293(604)

105297(626)

105300(606)

105302(628)

105303(638)

105305(577)

105307(565)

105309(546+ 4)

105311(639)

105312(549+ 1)

105314(627)

105315(618)

105320(567)

105321(649)

105325(587)

105326(545+ 5)

105327(575)

105328(564)

105330(558)

105335(625)

105339(605)

105341(567^ 1)

105342(594)

105345(623)

105347(600)

105350(607)

105352(550^ 1)

135901(579)

135907(596)

135917(587)

135924(622)

135925(623)

135935(604)

135944(586)

135945(558)

135948(591)

135959(651)

***********

***********

105173(541)

105175(501)

105181(494)

105191(513)

105194(477)

105196(490)

105203(544^ 2)

105205(516)

105221(479)

105281(475^ 2)

105301(542)

105304(524)

105310(509^ 2)

105313(519)

105316(545^ 3)

Grade : A
Grade : B

Grade : C

Grade : D

24
Govt. Boys Comprehensive H.S.School Azizabad F.B.Area
105317(447)

105322(501^ 2)

105336(526)

135903(442^ 4)

135905(499)

135908(540)

135910(530)

135911(499)

135912(491)

135913(447)

135914(475)

135915(477)

135916(472)

135919(542)

135920(502)

135921(461)

135922(463)

135923(471)

135927(441)

135928(534)

135930(452)

135931(483)

135933(501)

135934(543)

135938(481)

135939(538)

135940(492)

135943(512)

135946(542)

135953(525)

135954(464)

135957(543)

***********

***********

***********

135918(417)

135929(429)

***********

***********

***********

Grade : E
Dehli Science & Commerce College, Karimabad
Grade : A-1
***********

***********

****NIL****

***********

***********

***********

***********

****NIL****

***********

***********

***********

***********

****NIL****

***********

***********

105393(553)

***********

***********

***********

***********

***********

***********

****NIL****

***********

***********

***********

***********

****NIL****

***********

***********

Grade : A
Grade : B
Grade : C
Grade : D
Grade : E
Shah Commerce College, F.B. Area
Grade : A-1
120616(907)

***********

***********

***********

***********

105401(807)

105406(873)

105408(765+ 5)

120611(767+ 3)

120614(775)

120623(833)

***********

***********

***********

***********

105411(669)

105413(668)

105414(676)

105417(690)

105419(753)

105424(679)

105425(762)

105428(682)

105429(702)

120612(689)

120613(715)

120615(679)

***********

***********

***********

105402(614)

105407(623)

105409(602)

105415(572)

105426(650)

105427(628)

120618(647)

120620(641)

120624(578)

120627(545+ 5)

120629(623)

136161(564)

***********

***********

***********

105404(511)

105410(510)

105416(536)

105420(523)

105421(489)

165841(540)

***********

***********

***********

***********

***********

***********

****NIL****

***********

***********

Grade : A

Grade : B

Grade : C

Grade : D

Grade : E

25
Sir Adamjee Institute
Grade : A-1
105451(898)

105465(920)

105467(882)

120645(885)

120670(879+ 1)

120675(889)

***********

***********

***********

***********

105442(768+ 2)

105443(856)

105445(872)

105446(874)

105447(822)

105448(861)

105449(789)

105450(828)

105452(830)

105453(859)

105455(842)

105456(780)

105457(825)

105458(849)

105461(770)

105463(848)

105464(793)

105468(841)

105470(783)

105471(831)

120646(818)

120647(772)

120649(821)

120651(779)

120652(821)

120654(811)

120659(842)

120661(794)

120663(805)

120664(850)

120667(809)

120668(815)

120673(783)

120674(827)

120676(826)

120681(784)

***********

***********

***********

***********

105444(664)

105454(747)

105459(746)

105460(750)

105462(721)

120644(698)

120655(759)

120656(703)

120658(711)

120660(756)

120662(716)

120665(743)

120669(669)

120677(748)

120678(696)

120679(690)

120680(698)

***********

***********

***********

105441(649)

105469(559)

120641(648)

120642(615)

120643(629)

120648(648)

120650(602)

120657(623)

***********

***********

136171(536)

***********

***********

***********

***********

***********

***********

****NIL****

***********

***********

Grade : A

Grade : B

Grade : C

Grade : D
Grade : E
College for Advanced Studies
Grade : A-1
***********

***********

****NIL****

***********

***********

105481(814)

***********

***********

***********

***********

105482(739)

105489(668)

120692(734)

120694(698)

120697(749)

105485(565)

105491(653)

105495(586)

120695(627)

136181(622)

105483(478)

105484(490)

105486(520)

105490(493)

136182(531)

***********

***********

****NIL****

***********

***********

Grade : A
Grade : B
Grade : C
Grade : D
Grade : E
The Caspian College
Grade : A-1
***********

***********

****NIL****

***********

***********

105508(817)

120703(822)

120710(843)

***********

***********

Grade : A

26
The Caspian College
Grade : B
105531(660)

105532(743)

120701(760)

120704(681)

120705(734)

120707(696)

120711(673)

120718(700)

120719(685)

120722(658+ 2)

105501(560)

105506(629)

105509(580)

105515(621)

105517(617)

105518(554)

105519(548+ 2)

105520(654)

105522(644)

105523(591)

105524(644)

105533(639)

120702(619)

120713(628)

120714(621)

120715(613)

136191(585)

136193(566)

***********

***********

105513(529)

105526(523)

105528(534)

105529(539)

120708(530)

136194(475)

136195(489)

***********

***********

***********

***********

***********

****NIL****

***********

***********

Grade : C

Grade : D

Grade : E
Govt. College For Men Nazimabad
Grade : A-1
105597(887)

105645(914)

105647(911)

105667(887)

105744(883)

105553(812)

105559(814)

105560(838)

105561(801)

105599(765+ 5)

105606(778)

105619(840)

105627(833)

105628(808)

105635(817)

105639(767+ 3)

105640(816)

105650(840)

105651(815)

105652(852)

105653(861)

105663(873)

105677(837)

105700(863)

105710(776)

105555(679)

105558(674)

105567(716)

105568(673)

105571(673)

105575(747)

105576(760)

105577(722)

105578(707)

105585(708)

105586(751)

105588(691)

105595(745)

105602(706)

105603(711)

105605(711)

105613(703)

105624(748)

105641(673)

105655(656+ 4)

105658(728)

105664(738)

105668(737)

105673(664)

105678(728)

105679(732)

105682(764)

105685(753)

105704(700)

105711(678)

105717(667^ 2)

105721(754)

105729(725)

105730(661)

105739(700)

105742(692)

105743(709)

105749(713)

136501(676)

136504(697)

105554(638)

105557(646)

105564(587)

105569(608)

105570(591)

105572(552)

105574(586)

105580(610)

105592(575)

105617(581)

105623(548+ 2)

105632(648)

105636(612)

105637(650)

105638(610)

105646(564)

105654(636)

105659(628)

105666(650)

105669(619)

105672(565)

105676(570)

105683(555)

105691(576)

105698(631)

105709(609)

105714(556)

105715(631)

105716(639)

105718(560)

105719(600)

105726(623)

105733(563)

105736(593)

105738(618)

105740(650)

105745(609)

136509(577)

136532(569)

136535(584)

136541(579)

136547(580)

136551(646)

***********

***********

105565(528)

105573(458)

105579(447)

105587(515)

105591(497)

105594(534)

105660(533^ 1)

105661(514)

105665(487)

105681(522)

Grade : A

Grade : B

Grade : C

Grade : D

27
Govt. College For Men Nazimabad
105686(502^ 3)

105693(526)

105708(523)

105722(546^ 1)

105723(507)

105728(459)

136506(480)

136507(493)

136508(529)

136517(472)

136529(522)

136531(444)

136536(522)

136539(489)

136545(498)

136559(458)

***********

***********

***********

***********

136558(431)

***********

***********

***********

***********

Grade : E
Quaid-e-Millat Govt. College (Evening)
Grade : A-1
***********

***********

****NIL****

***********

***********

136724(765+ 5)

***********

***********

***********

***********

105871(733)

105874(671)

105877(670)

105878(661)

105881(711)

105890(707)

105908(711)

105915(707)

105923(665)

105938(705)

105947(684)

105950(663)

105951(679)

105952(661)

105953(656+ 4)

105957(656+ 4)

105966(699)

***********

***********

***********

105861(604)

105864(585)

105867(583)

105868(564)

105869(632)

105872(638)

105873(547+ 3)

105879(641)

105880(630)

105884(583)

105885(605)

105888(583)

105892(609)

105894(606)

105895(593)

105896(583)

105897(592)

105898(580)

105905(582)

105909(602)

105913(621)

105914(603)

105916(652)

105918(619)

105919(625)

105922(609)

105925(571)

105927(549+ 1)

105928(589)

105931(565)

105932(606)

105933(574)

105934(608)

105935(580)

105939(565)

105940(652)

105941(557)

105944(606)

105945(607)

105946(654)

105948(577^ 1)

105949(558)

105955(550)

105958(610)

105959(567)

105960(577)

105961(641)

105963(622)

105965(567)

136703(618)

136710(581)

136723(604)

***********

***********

***********

105865(465)

105866(506)

105870(527)

105875(544)

105882(544)

105883(467)

105886(496)

105887(533)

105891(536)

105893(513)

105899(512)

105903(517)

105904(500)

105911(512)

105912(504)

105917(518)

105920(530)

105921(510)

105924(488)

105926(502)

105929(511)

105930(537)

105937(531)

105943(544)

105956(518)

136704(511)

136706(478)

136707(503)

136708(495)

136709(509)

136712(454)

136713(465)

136714(486)

136715(481)

136716(510)

136717(502)

136719(467)

136720(501)

136721(456)

***********

136711(425)

***********

***********

***********

***********

Grade : A
Grade : B

Grade : C

Grade : D

Grade : E
Sirajuddaullah Govt. College (Morning)
Grade : A-1
***********

***********

****NIL****

***********

***********

28
Sirajuddaullah Govt. College (Morning)
Grade : A
106098(808)

***********

***********

***********

***********

106009(707)

106021(741)

106023(668)

106028(753)

106030(761)

106032(697)

106038(701)

106043(669)

106049(671)

106058(673)

106061(737)

106073(696)

106089(711)

106096(673)

106100(684)

106104(659+ 1)

106105(673)

106118(756)

106131(657+ 3)

***********

106001(562)

106005(561^ 1)

106010(572)

106017(566)

106020(573)

106022(617)

106024(587)

106026(643)

106027(610)

106029(641)

106033(596)

106035(573)

106039(599)

106040(617)

106042(612)

106044(641)

106047(633)

106048(649)

106050(596)

106051(617)

106052(606)

106053(629)

106054(613)

106055(617)

106057(599)

106059(641)

106060(622)

106062(594)

106063(607)

106067(605)

106069(574)

106071(612)

106074(600)

106075(561)

106076(590)

106077(652)

106078(623)

106079(546+ 4)

106081(632)

106082(595)

106084(578)

106085(648)

106086(564)

106087(588)

106090(586)

106091(595)

106093(557)

106094(570)

106099(566)

106101(593)

106102(633)

106108(627)

106109(622)

106111(587)

106112(593^ 3)

106117(568)

106123(546+ 4)

106127(641)

106128(574)

106134(616)

106136(582)

106138(580)

106140(609)

136805(594)

136814(572)

136823(551)

136824(557)

136832(579)

136839(555)

136856(546+ 4)

136867(557)

136874(586)

136877(566)

136880(552)

136881(575^ 1)

106002(521)

106007(523)

106008(513)

106013(540)

106016(484)

106019(540^ 1)

106025(449)

106065(526)

106080(519^ 1)

106083(524)

106116(463)

106120(549^ 3)

106125(543)

106126(444)

106129(541)

106130(542)

106133(525)

106142(531)

106143(504)

106145(519)

136806(542)

136809(459)

136810(455)

136811(469)

136813(519)

136815(509)

136816(526)

136817(528)

136818(483)

136819(530)

136820(518)

136821(523)

136825(532)

136826(486)

136827(505)

136829(531)

136831(522)

136835(458)

136836(516)

136837(477)

136840(520)

136841(474)

136842(489)

136843(505)

136848(534)

136849(450)

136850(464)

136853(498)

136854(508)

136855(475)

136858(515)

136861(507)

136862(512)

136863(454)

136864(511)

136865(501)

136866(446)

136868(520)

136870(462)

136871(509)

136876(544)

136878(529)

136885(505)

136887(483)

***********

136801(412^ 2)

136828(418)

136852(404)

136869(427)

***********

Grade : B

Grade : C

Grade : D

Grade : E
Sirajuddaullah Govt. College (Evening)
Grade : A-1
***********

***********

****NIL****

***********

***********

29
Sirajuddaullah Govt. College (Evening)
Grade : A
106352(831)

106452(807)

***********

***********

***********

106346(699)

106364(750)

106438(758)

***********

***********

106238(632)

106275(597)

106284(551)

106317(571)

106340(641)

106378(550)

106387(628)

106391(586)

106394(588)

106397(571)

106405(616)

106410(629)

106413(591)

106414(563)

106416(569^ 1)

106419(632)

106420(617)

106422(546+ 4)

106425(602)

106426(588)

106427(591)

106435(595)

106437(622)

106439(547+ 3)

106442(572)

106444(585)

106446(597)

106449(594)

106451(566)

106457(628)

106459(577)

137003(617)

137007(545+ 5)

137009(584)

137013(642)

137016(563)

***********

***********

***********

***********

106221(470)

106245(534)

106250(465^ 2)

106251(508^ 3)

106258(515)

106259(518)

106260(538)

106277(492)

106286(457)

106298(527)

106323(500)

106333(506)

106338(511)

106353(476^ 1)

106360(534)

106385(487)

106389(460)

106390(511)

106393(472^ 2)

106401(512^ 3)

106415(474^ 6)

106417(519)

106421(531)

106423(501)

106429(517)

106434(489)

106441(540)

106448(525)

106454(530)

106455(461^ 2)

106461(449^ 3)

106462(477)

106463(455)

137006(527)

137008(462)

137017(436+ 4)

137018(485)

137020(467)

137023(458)

137024(472)

137026(492)

137027(523)

137033(448)

137038(445)

137040(518)

137041(507)

137042(462)

137044(529)

137045(439+ 1)

137046(526)

137048(501)

***********

***********

***********

***********

137015(418)

137019(426)

137021(420)

137022(426)

137037(392)

137039(420)

***********

***********

***********

***********

Grade : B
Grade : C

Grade : D

Grade : E

Hussaini Government Boys Higher Secondary School
Grade : A-1
***********

***********

****NIL****

***********

***********

106565(780)

***********

***********

***********

***********

106536(680)

***********

***********

***********

***********

106526(585)

106532(559)

106550(557)

106561(566)

106566(621)

106569(562)

106571(618)

106587(568)

106593(562)

106594(562)

106596(589)

106599(557)

106602(582)

106606(557)

***********

106521(494)

106522(494)

106529(435+ 5)

106530(507)

106531(544)

106535(523)

106538(510)

106539(495)

106542(497^ 2)

106545(488)

106546(536)

106548(539)

106549(490)

106553(491^ 3)

106554(504)

Grade : A
Grade : B
Grade : C

Grade : D

30
Hussaini Government Boys Higher Secondary School
106555(505)

106563(535)

106570(526)

106576(475)

106579(495^ 2)

106580(471)

106582(508)

106583(516^ 2)

106585(523)

106590(542)

106591(534)

106595(531^ 1)

106597(493)

106598(512)

106600(540)

106607(500)

137152(532)

137153(506)

137155(523)

***********

106528(424^ 2)

106558(418)

106560(434^ 3)

***********

***********

Grade : E
Govt. Boys Higher Secondary School Haji Mureed Goth (S.M.), Firdous Colony
Grade : A-1
***********

***********

****NIL****

***********

***********

***********

***********

****NIL****

***********

***********

106642(682)

106644(735)

***********

***********

***********

106631(573)

106635(587)

106637(593)

106645(611)

106646(560)

106649(603)

106651(582)

***********

***********

***********

106632(516)

106634(504)

106636(489)

106647(504^ 1)

106652(490)

***********

***********

****NIL****

***********

***********

Grade : A
Grade : B
Grade : C

Grade : D
Grade : E
Bahria Foundation College (Nazimabad Campus)
Grade : A-1
***********

***********

****NIL****

***********

***********

***********

***********

****NIL****

***********

***********

106691(695)

106692(698)

106693(686)

106694(724)

122502(674)

122501(553)

122503(554)

***********

***********

***********

***********

***********

****NIL****

***********

***********

***********

***********

****NIL****

***********

***********

Grade : A
Grade : B
Grade : C
Grade : D
Grade : E
Aisha Bawany Govt. College (Evening)
Grade : A-1
***********

***********

****NIL****

***********

***********

106761(822)

106785(775)

***********

***********

***********

106772(738)

106783(718)

106810(751)

106900(743)

106914(733)

106760(603)

106766(560)

106767(567)

106768(628)

106771(632)

106773(654)

106776(551)

106781(619)

106782(549+ 1)

106786(557)

Grade : A
Grade : B
Grade : C

31
Aisha Bawany Govt. College (Evening)
106788(596)

106796(634)

106805(599)

106833(584)

106837(652)

106854(573)

106890(577)

106908(625)

106911(587)

106912(563)

106913(567)

137777(626)

137778(548+ 2)

137781(556)

137795(551)

106763(506)

106764(538)

106765(542)

106769(528)

106790(527)

106798(475)

106860(461)

106861(538)

106866(529)

106879(522)

106898(470)

106903(462)

106904(507)

106909(498)

137706(506)

137708(483)

137709(537)

137713(465)

137718(544)

137719(494)

137722(523)

137723(484)

137724(499)

137726(480)

137728(460)

137729(493)

137734(485)

137736(475)

137737(530)

137740(530)

137741(448)

137744(447)

137745(494)

137750(444)

137751(439+ 1)

137756(510)

137764(456)

137765(535)

137766(492)

137770(489)

137783(450)

137785(469)

137786(451)

137792(440)

137796(469)

137800(508)

137801(489)

***********

***********

***********

137710(432)

137720(433)

137721(404)

137725(397)

137732(432)

137733(418)

137748(427)

137760(410^ 1)

137761(421)

137773(432)

137790(425)

***********

***********

***********

***********

Grade : D

Grade : E

Govt. Degree Boys College, KMC Store Nishter Road
Grade : A-1
***********

***********

****NIL****

***********

***********

107004(808)

***********

***********

***********

***********

107021(709)

107047(666)

107051(682)

137962(693)

***********

107003(638)

107008(611)

107013(613)

107019(644)

107035(556)

107041(653)

107049(565)

107057(578)

107062(557)

107079(631)

107085(640)

137953(546+ 4)

137955(546+ 4)

137975(546+ 4)

137976(569)

137978(577)

137979(581)

138009(643)

***********

***********

106984(527)

107005(500^ 3)

107006(461^ 3)

107012(454)

107023(519)

107024(481)

107027(509)

107032(448^ 2)

107044(542)

107055(500)

107064(473)

107073(483)

137961(505)

137964(468)

137965(462)

137966(530)

137967(447)

137968(507)

137969(509)

137970(457)

137971(514)

137972(462)

137974(531^ 2)

137977(516)

137981(449)

137983(442)

137985(451)

137986(479)

137990(498)

137994(479)

137997(544)

137998(486)

138008(531)

***********

***********

107058(433^ 1)

107080(438^ 1)

***********

***********

***********

107283(923)

107307(924)

Grade : A
Grade : B
Grade : C

Grade : D

Grade : E
Govt. National College (Morning)
Grade : A-1
107202(946)

107211(877+ 3)

107220(912)

32
Govt. National College (Morning)
Grade : A
107207(869)

107209(772)

107210(793)

107235(845)

107247(846)

107254(793)

107270(799)

107275(794)

107277(786)

107281(796)

107282(798)

107284(852)

107286(811)

107293(830)

107297(777)

107298(836)

107323(781)

107325(849)

107333(847)

107347(785)

107206(717)

107213(666)

107215(705)

107216(656+ 4)

107218(718)

107225(721)

107229(657+ 3)

107240(705)

107241(754)

107242(689)

107243(670)

107244(662)

107249(749)

107276(734)

107279(681)

107294(725)

107311(684)

107315(699)

107320(729)

107329(682)

107332(709)

107340(681)

107342(688)

***********

***********

107203(612)

107214(641)

107219(558)

107228(585)

107231(653)

107232(645)

107233(653)

107234(578)

107239(619)

107256(635)

107266(559)

107268(566^ 3)

107285(641)

107288(569)

107299(612)

107301(632)

107306(598)

107308(580)

107310(556)

107312(587)

107314(590)

107317(600)

107321(646)

107334(583)

107345(598^ 1)

107346(570)

***********

***********

***********

***********

107223(536)

107245(503)

107291(537)

107335(542)

107336(450^ 3)

107348(493)

107349(516)

107351(533)

138101(491)

138104(516)

138105(457)

***********

***********

***********

***********

***********

***********

****NIL****

***********

***********

Grade : B

Grade : C

Grade : D

Grade : E
Govt. National College (Evening)
Grade : A-1
107507(908)

107759(913)

***********

***********

***********

107383(789)

107495(863)

107594(870)

107628(819)

107763(851)

107825(796)

107848(773)

138269(829)

138305(778)

***********

107415(715)

107456(686)

107482(740)

107486(696)

107560(688)

107561(692)

107569(668)

107684(660)

107685(740)

107721(710)

107726(691)

107739(656+ 4)

107740(725)

107769(677)

107786(656+ 4)

107803(702)

107816(688)

107817(684)

107824(714)

107834(669)

107863(698)

138289(725)

***********

***********

***********

107405(607)

107421(563)

107427(570)

107434(582)

107439(575)

107453(604)

107458(600)

107481(546+ 4)

107484(565)

107491(651)

107496(549+ 1)

107524(555)

107526(566)

107538(562)

107540(593)

107544(556)

107600(568)

107606(638)

107639(603^ 2)

107674(570)

107676(609)

107679(607)

107681(610)

107703(639)

107709(564)

107710(563)

107712(650)

107724(554)

107731(629)

107735(583)

Grade : A

Grade : B

Grade : C

33
Govt. National College (Evening)
107749(565)

107751(644)

107754(549+ 1)

107757(554)

107761(604)

107767(643)

107770(603)

107771(573)

107778(564)

107779(623)

107789(635)

107800(601^ 3)

107805(548+ 2)

107810(597)

107826(546+ 4)

107833(638)

107839(609)

107871(549+ 1)

107891(606)

107896(566)

107905(611)

138255(575)

138258(629)

138273(554)

138282(566)

138286(572)

138351(587)

138360(604)

138367(639)

138377(636)

138415(592)

138438(621)

***********

***********

***********

107424(532)

107431(503)

107433(471)

107469(502)

107513(483^ 5)

107520(512)

107527(534)

107528(543)

107530(472)

107531(496)

107546(460)

107558(532)

107572(475)

107576(500)

107585(455)

107591(501)

107629(536)

107641(481)

107646(518)

107647(514)

107648(450)

107653(519)

107683(511^ 1)

107711(452^ 3)

107713(518)

107716(441)

107733(527)

107734(497)

107743(513)

107745(483)

107750(441)

107752(502)

107768(508)

107772(530)

107776(514)

107781(447)

107796(472^ 4)

107830(467)

107832(493)

107835(542)

107836(451)

107838(464)

107847(456)

107849(461)

107856(448)

107862(470)

107882(499)

107883(545^ 3)

107886(534)

107889(518)

107892(535)

107893(454)

107894(533^ 1)

107908(471)

107910(527)

107911(455^ 2)

107912(514^ 2)

107914(465^ 3)

138252(494)

138256(531)

138260(465)

138264(478)

138267(470)

138271(523)

138274(489)

138277(510)

138284(495)

138285(490)

138291(524)

138293(496)

138301(539)

138303(507)

138310(441)

138314(449)

138315(449)

138318(474)

138322(442)

138323(516)

138331(467)

138332(492)

138333(462)

138335(459)

138345(468)

138347(526)

138348(493)

138352(481)

138354(459)

138357(435+ 5)

138362(537)

138363(448)

138364(481)

138366(506)

138368(444)

138370(524)

138372(507)

138375(471)

138376(467)

138378(455)

138382(510)

138386(510)

138390(485)

138397(436+ 4)

138401(497)

138408(526)

138410(466)

138414(495)

138419(528)

138424(452)

138431(456)

***********

107426(431^ 3)

107737(434^ 6)

107909(430)

107913(437^ 1)

138265(432^ 2)

138270(429)

138276(409)

138288(421)

138294(414)

138324(416)

138325(414)

138328(415)

138329(427^ 1)

138336(433)

138341(418)

138346(423)

138409(423)

138425(405^ 4)

***********

***********

Grade : D

Grade : E

C.M.S Govt. Higher Secondary (Campus School) Boys & Girls, Nishter Road
Grade : A-1
***********

***********

****NIL****

***********

***********

108106(767+ 3)

***********

***********

***********

***********

108107(754)

123432(719)

123436(689)

123447(699)

***********

Grade : A
Grade : B

34
C.M.S Govt. Higher Secondary (Campus School) Boys & Girls, Nishter Road
Grade : C
108105(617)

108116(605)

108128(648)

108131(620)

108133(623)

108135(600)

108145(588)

138513(561)

***********

***********

108110(490)

108112(544)

108118(525)

108121(496)

108130(493)

108141(468^ 3)

108148(524^ 1)

108152(528)

123433(520^ 3)

123444(507)

138504(474)

138505(503)

138506(483)

138509(481)

169153(502)

138507(428)

169152(410)

***********

***********

***********

Grade : D

Grade : E
Al-Hamd College of Professional Education
Grade : A-1
***********

***********

****NIL****

***********

***********

108175(806)

***********

***********

***********

***********

108171(750)

108174(753)

108177(737)

108178(679)

138613(688)

123491(586)

138611(620)

***********

***********

***********

***********

***********

****NIL****

***********

***********

***********

***********

****NIL****

***********

***********

Grade : A
Grade : B
Grade : C
Grade : D
Grade : E
Askari Inter College, Bahadurabad
Grade : A-1
***********

***********

****NIL****

***********

***********

108206(778)

123503(785)

***********

***********

***********

108200(729)

108201(731)

108202(734)

108203(668)

108204(663)

108207(716)

108212(715)

138622(731)

***********

***********

108191(575)

108193(618)

108194(641)

108195(636)

108196(560)

108197(580)

108198(589)

108199(654)

108205(545+ 5)

108209(570)

123501(597)

123502(551)

***********

***********

***********

108210(533)

123504(539)

138623(451)

***********

***********

***********

***********

****NIL****

***********

***********

Grade : A
Grade : B

Grade : C

Grade : D
Grade : E
College of Accounting and Management Sciences PECHS Campus
Grade : A-1
***********

***********

****NIL****

***********

***********

108227(794)

108241(776)

123516(857)

123518(787)

123520(780)

Grade : A

35
College of Accounting and Management Sciences PECHS Campus
Grade : B
108221(666)

108225(739)

108228(683)

108229(729)

108230(735)

108231(703)

108233(676)

108234(661)

108235(738)

108236(758)

108237(684)

108238(670)

108239(715)

108240(686)

108242(717)

108244(664)

108245(678)

108246(668)

108247(719)

123519(677)

123524(684)

***********

***********

***********

***********

108222(552)

108223(557)

108226(650)

108232(624)

108243(608)

108248(598)

123513(628)

123517(560)

123522(621)

123523(617)

138641(625)

***********

***********

***********

***********

123511(531)

***********

***********

***********

***********

***********

***********

****NIL****

***********

***********

Grade : C

Grade : D
Grade : E
College of Emerging Technologies
Grade : A-1
108271(936)

***********

***********

***********

***********

108262(786)

108272(823)

108276(810)

108283(820)

***********

108263(723)

108264(674)

108265(661)

108273(668)

108274(743)

108275(710)

108282(682)

108284(675)

108285(693)

108286(658+ 2)

108288(747)

108289(749)

108290(699)

108291(727)

108292(704)

108293(742)

123533(689)

***********

***********

***********

108261(602)

108266(643)

108267(563)

108268(570)

108277(591)

108278(601^ 2)

108279(616)

108287(653)

123532(648)

***********

108280(479)

169402(491)

***********

***********

***********

***********

***********

****NIL****

***********

***********

Grade : A
Grade : B

Grade : C

Grade : D
Grade : E
Fatimiyah College Boys Campus
Grade : A-1
***********

***********

****NIL****

***********

***********

108311(841)

108319(816)

108320(785)

***********

***********

108301(683)

108302(659+ 1)

108303(682)

108306(671)

108308(668)

108309(685)

108313(675)

108315(662)

108316(725)

108318(668)

108323(744)

108327(734)

108328(670)

108329(673)

108330(690)

108332(663)

108337(711)

***********

***********

***********

108304(642)

108305(598)

108312(625)

108314(583)

108321(594)

Grade : A
Grade : B

Grade : C

36
Fatimiyah College Boys Campus
108322(612)

108331(625)

108333(589)

108334(553)

108336(580)

138671(592)

***********

***********

***********

***********

108325(531^ 3)

***********

***********

***********

***********

***********

***********

****NIL****

***********

***********

Grade : D
Grade : E
Gulistan Shah Abdul Latif Boys Higher Secondary School
Grade : A-1
***********

***********

****NIL****

***********

***********

***********

***********

****NIL****

***********

***********

***********

***********

****NIL****

***********

***********

108353(605)

***********

***********

***********

***********

108352(508)

108357(524)

***********

***********

***********

***********

***********

****NIL****

***********

***********

Grade : A
Grade : B
Grade : C
Grade : D
Grade : E
Tabani's College
Grade : A-1
108364(901)

108366(938)

108373(910)

108374(898)

108389(884)

108391(900)

123603(891)

123614(926)

123620(894)

123623(946)

108361(787)

108368(856)

108371(777)

108372(773)

108375(783)

108376(790)

108377(790)

108378(781)

108379(768+ 2)

108380(823)

108381(793)

108383(787)

108384(800)

108386(851)

108387(816)

108392(839)

108397(765+ 5)

123601(865)

123606(866)

123607(776)

123615(847)

123616(841)

123621(824)

123622(815)

123624(822)

123627(778)

***********

***********

***********

***********

108362(692)

108363(676)

108365(710)

108367(698)

108369(679)

108370(727)

108382(672)

108385(731)

108388(663)

108390(698)

108393(735)

108395(708)

108396(743)

108398(749)

108399(700)

108400(713)

123602(741)

123604(722)

123612(734)

123613(762)

123617(756)

123618(751)

123628(700)

138701(737)

***********

108401(643)

123608(576^ 2)

123609(602)

123611(630)

123619(604)

***********

***********

****NIL****

***********

***********

***********

***********

****NIL****

***********

***********

Grade : A

Grade : B

Grade : C
Grade : D
Grade : E

37
Meritorious Science College
Grade : A-1
***********

***********

****NIL****

***********

***********

108411(822)

108414(809)

108416(871)

108417(812)

108418(772)

108419(780)

123634(780)

123635(792)

123636(854)

***********

108413(706)

108415(753)

123632(668)

123637(754)

123638(695)

169491(681)

***********

***********

***********

***********

108412(649)

123631(587)

123633(579)

123639(647)

***********

***********

***********

****NIL****

***********

***********

***********

***********

****NIL****

***********

***********

Grade : A

Grade : B

Grade : C
Grade : D
Grade : E
South City Institute of Management & Technology
Grade : A-1
***********

***********

****NIL****

***********

***********

***********

***********

****NIL****

***********

***********

***********

***********

****NIL****

***********

***********

108421(587)

108422(610)

108424(640)

108425(590)

***********

***********

***********

****NIL****

***********

***********

***********

***********

****NIL****

***********

***********

Grade : A
Grade : B
Grade : C
Grade : D
Grade : E
Exemplar Intermediate College, PECHS
Grade : A-1
123761(886)

***********

***********

***********

***********

***********

***********

****NIL****

***********

***********

108442(725)

108443(683)

108445(673)

123762(706)

***********

108444(597)

123767(626)

***********

***********

***********

108446(535)

123769(494)

138761(504)

***********

***********

***********

***********

****NIL****

***********

***********

Grade : A
Grade : B
Grade : C
Grade : D
Grade : E
Banglore Town Higher Secondary School (Tipu Sultan Road)
Grade : A-1
***********

***********

****NIL****

***********

***********

38
Banglore Town Higher Secondary School (Tipu Sultan Road)
Grade : A
***********

***********

****NIL****

***********

***********

123782(696)

***********

***********

***********

***********

108471(630)

***********

***********

***********

***********

***********

***********

****NIL****

***********

***********

***********

***********

****NIL****

***********

***********

Grade : B
Grade : C
Grade : D
Grade : E
Govt. College of Commerce & Economics No. 1
Grade : A-1
108582(912)

108657(913)

124082(876+ 4)

124239(918)

124259(928)

124320(891)

139239(912)

***********

***********

***********

108527(774)

108548(796)

108555(779)

108556(786)

108559(783)

108567(802)

108613(841)

108614(773)

108617(775)

108624(866)

108651(771)

108652(816)

108654(861)

108663(788)

108664(822)

108696(772)

108712(770)

108726(767+ 3)

108730(822)

108732(835)

108750(816)

108751(785)

108754(772)

108757(780)

108768(792)

108785(765+ 5)

108793(829)

124062(854)

124063(865)

124064(769+ 1)

124074(826)

124076(855)

124077(808)

124078(781)

124079(769+ 1)

124084(804)

124085(838)

124086(813)

124088(837)

124089(787)

124090(790)

124091(852)

124092(809)

124093(795)

124095(826)

124096(810)

124102(781)

124103(807)

124104(797)

124106(835)

124114(780)

124119(858)

124122(820)

124131(779)

124138(793)

124143(774)

124147(769+ 1)

124153(849)

124154(824)

124155(781)

124156(796)

124158(794)

124162(769+ 1)

124163(856)

124166(820)

124167(789)

124170(796)

124171(846)

124174(774)

124178(785)

124184(816)

124193(775)

124197(790)

124203(797)

124208(839)

124211(791)

124219(768+ 2)

124225(804)

124234(844)

124236(781)

124237(809)

124247(848)

124251(823)

124270(861)

124271(865)

124273(782)

124274(854)

124281(870)

124283(821)

124289(849)

124300(845)

124309(775)

124321(767+ 3)

124323(841)

124327(808)

124338(810)

124361(798)

124379(867)

***********

***********

108501(661)

108504(692)

108512(702)

108513(662)

108514(675)

108521(760)

108524(669)

108525(719)

108528(752)

108529(706)

108563(696)

108565(700)

108571(675)

108574(745)

108578(695)

108583(660)

108590(687)

108591(728)

108594(691)

108595(763)

108603(741)

108604(660)

108607(728)

108618(704)

108627(704)

108628(716)

108649(698)

108650(701)

108660(755)

108661(698)

108662(680)

108665(735)

108690(690)

108691(750)

108698(667)

Grade : A

Grade : B

39
Govt. College of Commerce & Economics No. 1
108705(764)

108719(674)

108727(657+ 3)

108729(718)

108731(700)

108736(680)

108740(680)

108746(725)

108749(713)

108753(759)

108755(750)

108756(706)

108758(742)

108759(697)

108764(757)

108766(672)

108767(661)

108771(694)

108778(720)

108780(718)

108792(762)

108796(713)

108800(695)

108803(677)

108806(655+ 5)

108827(671)

124066(660)

124071(722)

124072(716)

124073(719)

124075(733)

124080(726)

124081(715)

124083(723)

124087(760)

124094(761)

124097(662)

124098(750)

124099(709)

124100(716)

124105(755)

124109(734)

124110(704)

124115(722)

124116(730)

124117(741)

124118(659+ 1)

124120(674)

124121(669)

124123(709)

124125(658+ 2)

124127(671)

124128(728)

124129(671)

124130(683)

124133(742)

124135(740)

124136(689)

124137(695)

124140(705)

124141(695)

124144(693)

124148(752)

124149(679)

124152(735)

124157(757)

124160(720)

124161(742)

124164(729)

124165(672)

124168(664)

124169(696)

124172(715)

124175(724)

124176(702)

124177(727)

124179(723)

124181(741)

124185(679)

124188(731)

124190(763)

124192(706)

124195(669)

124198(703)

124199(725)

124204(751)

124205(748)

124207(655+ 5)

124212(661)

124213(694)

124218(719)

124222(728)

124226(750)

124229(761)

124241(740)

124242(733)

124244(727)

124245(699)

124253(751)

124255(706)

124256(758)

124257(733)

124264(757)

124279(735)

124282(759)

124285(758)

124287(699)

124288(713)

124290(657+ 3)

124293(688)

124302(680)

124306(694)

124307(689)

124310(673)

124311(667)

124317(745)

124326(659+ 1)

124328(658+ 2)

124329(683)

124330(669)

124332(744)

124339(760)

124342(753)

124350(703)

124351(678)

124358(664)

124363(714)

124371(667)

124375(669)

124376(656+ 4)

139228(664)

170292(666)

***********

***********

***********

108502(606)

108506(558)

108507(610)

108508(616)

108509(606)

108511(582)

108515(567)

108517(590)

108518(616)

108523(623)

108526(554)

108530(558)

108531(615)

108532(653)

108533(569)

108536(579)

108539(637)

108540(548+ 2)

108541(648)

108545(654)

108546(609)

108547(595)

108549(648)

108552(582)

108560(580)

108561(640)

108562(588)

108564(645)

108566(580)

108568(653)

108569(639)

108570(559)

108572(570)

108575(645)

108577(651)

108585(569)

108586(631)

108593(591)

108596(639)

108600(588)

108601(593)

108602(653)

108605(654)

108606(649)

108608(575)

108609(573)

108610(624)

108612(575)

108615(590)

108616(620)

108619(636)

108622(600)

108623(581)

108629(650)

108633(549+ 1)

108634(652)

108635(589)

108643(624)

108644(592)

108645(548+ 2)

108646(555)

108648(561)

108658(552)

108669(588)

108672(607)

108673(641)

108674(616)

108684(567)

108687(579)

108688(629)

108697(554)

108699(628)

108700(560)

108703(600)

108704(651)

Grade : C

40
Govt. College of Commerce & Economics No. 1
108706(607)

108707(551)

108711(631)

108713(555)

108715(640)

108718(625)

108721(584)

108723(632)

108724(615)

108725(620)

108728(569)

108737(648)

108743(576)

108744(569)

108747(595)

108752(553)

108763(590)

108769(576)

108770(601)

108772(653)

108773(629)

108774(624)

108776(616)

108779(623)

108788(599)

108789(589)

108790(593)

108797(653)

108798(574)

108799(612)

108802(566)

108804(559^ 3)

108805(622)

108809(652)

108814(576)

108822(564)

108824(609)

108830(602)

108835(589)

124061(622)

124065(630)

124067(566)

124069(583)

124070(603)

124107(647)

124111(550)

124124(562)

124126(616)

124132(565)

124134(594)

124139(618^ 3)

124150(547+ 3)

124159(634)

124173(651)

124180(570)

124182(593)

124183(624)

124186(592)

124189(633)

124191(609)

124194(583)

124196(596)

124200(622)

124201(649)

124202(577)

124209(650)

124216(646)

124217(649)

124220(575)

124224(652)

124227(643)

124228(627)

124230(647)

124231(619)

124232(611)

124233(547+ 3)

124235(591)

124238(652)

124246(638)

124249(562)

124250(561)

124252(605)

124258(559)

124260(553)

124261(645)

124262(568)

124265(592)

124268(595)

124277(557)

124278(632)

124280(583)

124286(546+ 4)

124291(639)

124292(613)

124297(590)

124298(613)

124301(631)

124304(600)

124305(568)

124308(555)

124312(545+ 5)

124314(640)

124315(654)

124316(622)

124318(632)

124319(630)

124322(601)

124331(625)

124333(652)

124337(632)

124340(597^ 3)

124341(594)

124345(651)

124347(566)

124348(627)

124355(624)

124359(577)

124369(606)

124377(593)

124378(599)

139206(608)

139210(563)

139214(558)

139227(589)

139230(595)

139234(555)

139235(546+ 4)

170266(558)

170283(651)

170287(606)

170288(584)

170290(566)

170298(557)

170300(582)

170304(637)

170306(622)

***********

***********

***********

***********

108503(438+ 2)

108505(489)

108510(522)

108516(464)

108522(448^ 2)

108534(519)

108543(533)

108551(539)

108553(471^ 3)

108557(511)

108579(503)

108580(537)

108589(494^ 2)

108597(530)

108598(509)

108599(501^ 1)

108611(487)

108620(544)

108621(439+ 1)

108626(468)

108636(534)

108637(494)

108639(486)

108653(538)

108656(541)

108659(495^ 2)

108676(541)

108677(503)

108679(534)

108681(480)

108683(510)

108709(498)

108742(534)

108761(530)

108762(480)

108765(526)

108775(474)

108781(539)

108784(543)

108795(518)

108811(538)

108818(536)

108819(496)

108820(539)

108821(534)

108826(468)

108829(491)

108836(494)

108838(470)

108840(479^ 1)

124142(527)

124210(453)

124214(506)

124215(467)

124221(495)

124248(536)

124254(544)

124269(537)

124275(495)

124295(455^ 3)

124296(494)

124313(535)

124336(517)

124343(487^ 6)

124344(530)

124346(516)

124349(481^ 3)

124360(489)

124362(522)

124365(495)

Grade : D

41
Govt. College of Commerce & Economics No. 1
124366(544)

124367(504)

124373(514)

124380(482^ 3)

139201(518)

139205(514)

139207(527)

139208(473)

139212(488)

139213(456)

139215(515)

139218(491)

139219(474)

139222(513)

139229(472)

139232(487)

139237(525)

139242(505)

170262(508)

170263(523)

170265(441)

170267(513)

170268(538)

170269(451)

170271(484)

170272(448)

170275(444)

170276(470)

170277(512)

170278(509)

170279(503)

170285(524)

170289(528)

170291(528)

170293(459)

170294(446)

170295(469)

170303(514)

170308(513^ 1)

***********

124284(421^ 3)

139217(430)

139220(439^ 3)

139231(403)

170273(431)

170299(420^ 1)

***********

***********

***********

***********

Grade : E

Govt. College of Commerce & Economics (Evening)
Grade : A-1
109211(913)

***********

***********

***********

***********

109024(846)

109060(838)

109079(779)

109118(787)

***********

108915(687)

108932(662)

108986(723)

109021(671)

109036(754)

109087(663)

109140(691)

109143(686)

109156(670)

109253(761)

108920(586)

108921(618)

108936(558)

108965(569)

108999(590)

109003(566)

109026(548+ 2)

109044(604)

109045(652)

109048(595)

109061(627)

109065(614)

109084(654)

109105(554)

109109(578)

109110(584)

109112(643)

109149(563)

109161(582)

109168(631)

109170(552)

109177(568)

109181(595)

109183(553)

109227(566)

109266(595)

109270(551)

139351(593)

139375(564)

139405(574)

139413(631)

139426(601)

139427(589)

***********

***********

108937(537)

108946(510)

108950(538)

108952(520)

108953(441)

108968(486^ 3)

108969(442)

108977(486^ 3)

108982(507)

108983(523)

108984(543)

108994(486)

108998(534)

109000(532)

109001(482^ 1)

109004(476^ 3)

109014(481)

109016(510)

109039(543)

109049(507)

109055(512^ 4)

109077(470)

109089(503)

109098(507)

109111(478)

109116(467^ 2)

109120(477^ 3)

109125(495)

109129(464)

109132(478)

109135(475^ 3)

109139(444)

109144(459)

109145(520)

109146(514)

109152(532)

109153(532)

109155(525)

109159(524)

109163(517)

109165(508)

109173(474)

109186(456)

109193(507)

109200(540)

109205(481)

109209(505)

109235(458)

109257(443)

109262(481)

139352(497)

139355(509)

139356(485)

139357(437+ 3)

139360(452)

139368(473)

139371(484)

139379(445)

139385(503)

139386(450)

139387(523)

139389(503)

139391(469)

139397(516)

139408(489)

139412(519)

139425(479)

139433(524)

139442(475)

139447(521)

Grade : A
Grade : B

Grade : C

Grade : D

42
Govt. College of Commerce & Economics (Evening)
Grade : E
108925(430)

109107(427^ 2)

109130(424)

109134(404^ 3)

109157(439^ 3)

139367(430)

139380(417)

139388(431)

139400(390)

139421(424)

139429(416)

***********

***********

***********

***********

S.M. Govt. Arts & Commerce College (Morning)
Grade : A-1
***********

***********

****NIL****

***********

***********

109535(828)

109546(813)

109580(794)

109581(805)

109624(807)

109459(658+ 2)

109461(741)

109470(757)

109490(697)

109496(754)

109507(655+ 5)

109515(680)

109520(708)

109521(741)

109534(700)

109540(752)

109545(675)

109590(673)

109609(726)

109613(734)

109614(686)

109647(657+ 3)

109659(706)

109666(718)

109668(706)

109673(688)

109684(671)

109685(704)

109688(677)

109709(697)

139686(679)

139697(677)

139821(679)

139864(674)

***********

109423(609)

109434(552)

109453(546+ 4)

109473(571)

109482(645)

109506(645)

109519(560)

109530(647)

109531(557^ 3)

109532(606)

109533(646)

109538(625)

109541(559)

109547(563)

109548(650)

109549(596)

109550(618)

109555(564)

109560(615)

109561(562)

109568(590)

109577(578)

109582(571)

109585(600)

109587(549+ 1)

109596(584)

109597(557)

109623(577)

109625(643)

109634(606)

109638(621)

109641(622)

109648(589)

109651(556)

109656(548+ 2)

109675(564)

109676(573)

109677(579)

109678(547+ 3)

109679(587)

109682(586)

109686(570)

109712(578)

139608(580)

139644(577)

139661(566)

139712(545+ 5)

139717(560)

139741(548+ 2)

139769(548+ 2)

139791(561)

139794(582)

139800(563)

139811(620)

139815(605)

139838(591)

139847(579)

***********

***********

***********

109422(495)

109427(476)

109429(506)

109436(444)

109439(472)

109446(496)

109451(530)

109462(500)

109472(498)

109491(461)

109504(538^ 3)

109517(487)

109522(502)

109523(523)

109528(473)

109529(455)

109539(483)

109544(494)

109557(514^ 3)

109558(540)

109562(472^ 3)

109566(533)

109570(528)

109572(472)

109574(499)

109622(478)

109655(460)

109658(510)

109660(515)

109662(524)

109663(524)

109689(533)

109692(534)

109718(546^ 3)

109720(523)

138861(516)

139632(475)

139643(444)

139646(459)

139658(461)

139665(447)

139672(475^ 1)

139675(460)

139680(464)

139681(460)

139684(440)

139685(437+ 3)

139689(448)

139694(460)

139698(521)

139701(437+ 3)

139703(516)

139705(456)

139707(462)

139708(512)

139709(457)

139718(437+ 3)

139720(479)

139721(477)

139724(537)

139726(521)

139727(507)

139733(435+ 5)

139734(444)

139743(502)

Grade : A
Grade : B

Grade : C

Grade : D

43
S.M. Govt. Arts & Commerce College (Morning)
139744(451)

139748(465)

139757(461)

139760(482)

139761(492)

139762(464)

139770(466)

139771(441)

139774(467)

139785(479)

139787(538)

139789(491)

139792(539)

139795(478)

139796(449)

139798(499)

139801(478)

139807(513)

139808(543)

139812(455)

139813(519)

139825(478)

139827(507)

139829(473)

139834(445)

139839(473)

139840(530)

139841(539)

139842(511^ 3)

139850(462)

139856(528)

***********

***********

***********

***********

109498(427)

109605(405^ 4)

109608(428^ 2)

139636(434^ 1)

139674(417)

139678(416)

139679(416)

139682(405)

139711(428)

139713(380)

139715(421)

139754(414)

139763(434)

139764(397)

139765(409)

139773(433)

139775(414)

139782(403)

139786(425)

***********

Grade : E

S.M. Govt. Arts & Commerce College (Evening)
Grade : A-1
***********

***********

****NIL****

***********

***********

***********

***********

****NIL****

***********

***********

109880(705)

109892(696)

109923(679)

109937(656+ 4)

109950(673)

109956(702)

109964(688)

109973(718)

109974(717)

109990(665)

110004(718)

110020(736)

110052(731)

140045(657+ 3)

140062(655+ 5)

140070(691)

***********

***********

***********

***********

109871(583)

109872(621)

109876(588)

109887(595)

109891(571)

109902(632)

109906(553)

109913(548+ 2)

109915(618)

109919(621)

109929(635)

109930(594)

109945(629)

109957(575)

109958(564)

109961(549+ 1)

109987(632)

109989(634)

110006(642)

110007(638)

110021(600)

110025(580)

110044(564)

110067(572)

140019(623)

140063(559)

140071(604)

140081(623)

***********

***********

109875(541^ 1)

109878(522)

109899(508)

109900(468)

109903(490)

109905(533)

109912(516)

109914(542)

109925(539)

109926(536)

109927(449)

109936(520)

109938(511)

109939(510)

109972(535)

109980(504)

109983(489)

109984(512)

109986(511)

109988(442^ 1)

109994(504)

110011(473)

110012(507)

110030(536)

110031(527)

110047(517)

110057(467)

110058(513)

110059(541^ 2)

110062(517)

140023(497)

140025(501)

140032(521)

140039(469)

140040(465)

140044(501)

140057(447)

140059(467)

140061(518)

140066(535)

140067(489)

140072(445)

140073(467)

140077(501)

***********

109922(403^ 6)

140033(430)

140053(411)

140065(431)

***********

Grade : A
Grade : B

Grade : C

Grade : D

Grade : E

44
N.J.V. Govt. Higher Secondary School (Campus), Saeed Manzil
Grade : A-1
124796(920)

***********

***********

***********

***********

124794(783)

124795(811)

124803(787)

***********

***********

110153(669)

110154(680)

124797(729)

124798(745)

124799(667)

124800(755)

124801(692)

***********

***********

***********

110147(639)

110151(587)

110155(612)

110157(561)

124802(614)

110144(520^ 1)

110150(516)

***********

***********

***********

***********

***********

****NIL****

***********

***********

Grade : A
Grade : B

Grade : C
Grade : D
Grade : E
Govt. Boys Higher Secondary School P&T Colony Gizri Road
Grade : A-1
***********

***********

****NIL****

***********

***********

***********

***********

****NIL****

***********

***********

110165(724)

***********

***********

***********

***********

***********

***********

****NIL****

***********

***********

110164(480)

140291(505)

***********

***********

***********

***********

***********

****NIL****

***********

***********

Grade : A
Grade : B
Grade : C
Grade : D
Grade : E
Bahria College (M.T. Khan Road)
Grade : A-1
110181(882)

110190(896)

124826(876+ 4)

***********

***********

110183(813)

110184(796)

124821(868)

124823(852)

124824(812)

124825(833)

124827(864)

***********

***********

***********

110182(727)

110186(727)

110192(743)

124822(736)

124828(680)

124829(746)

124832(726)

124833(718)

124834(735)

124835(757)

124836(682)

124837(762)

***********

***********

***********

110185(650)

110187(575)

110188(613)

110189(633)

110191(580)

110193(582)

110194(631)

124830(553)

124831(630)

***********

***********

***********

****NIL****

***********

***********

***********

***********

****NIL****

***********

***********

Grade : A

Grade : B

Grade : C

Grade : D
Grade : E

45
Guard Public Higher Secondary School
Grade : A-1
***********

***********

****NIL****

***********

***********

***********

***********

****NIL****

***********

***********

110210(663)

110218(706)

***********

***********

***********

110203(597)

110208(599)

110212(601)

110213(582)

110216(605)

124841(580)

124844(549+ 1)

***********

***********

***********

110204(529)

110214(547^ 2)

110217(457)

124842(462)

124845(531)

140352(519)

140353(451)

***********

***********

***********

***********

***********

****NIL****

***********

***********

Grade : A
Grade : B
Grade : C

Grade : D

Grade : E
St. Patrick's College (Morning)
Grade : A-1
110250(913)

110253(881)

***********

***********

***********

110247(862)

110252(793)

110254(769+ 1)

110256(776)

124863(811)

110233(716)

110234(691)

110245(758)

110246(655+ 5)

110248(712)

124851(695)

124856(744)

124857(668)

124859(728)

124862(723)

124866(727)

***********

***********

***********

***********

110232(605)

110238(555)

110255(642)

110259(606)

110266(576)

110267(550)

124853(584)

124855(586)

124860(631)

124865(639)

140397(564)

170783(615)

***********

***********

***********

110241(542)

110244(484)

110249(512)

110258(530)

110260(498)

110265(492)

124852(524)

124854(543)

124864(522^ 2)

140398(539)

140399(451)

140400(534)

140401(529)

***********

***********

110231(433)

***********

***********

***********

***********

Grade : A
Grade : B

Grade : C

Grade : D

Grade : E
St. Patrick's College (Evening)
Grade : A-1
110303(912)

110324(913)

***********

***********

***********

110285(833)

110294(807)

110319(860)

110325(824)

124881(797)

124877(723)

***********

***********

***********

***********

110290(558)

110298(601)

110299(563)

110301(591)

110302(588)

110306(587)

110326(610)

124874(591)

124880(611)

124882(576)

Grade : A
Grade : B
Grade : C

46
St. Patrick's College (Evening)
124885(551)

140422(581)

140429(545+ 5)

140430(607)

140431(572)

140437(566)

140439(587)

***********

***********

***********

110282(495)

110321(458)

110322(481)

110331(444^ 3)

124873(544)

124875(473)

124883(488)

140432(488)

140438(488)

170803(518^ 2)

170802(433)

***********

***********

***********

***********

Grade : D

Grade : E
DHACSS Degree College (Intermediate)
Grade : A-1
110389(913)

***********

***********

***********

***********

110351(814)

110352(767+ 3)

110354(846)

110355(849)

110356(842)

110357(824)

110358(790)

110362(766+ 4)

110363(823)

110364(837)

110365(786)

110367(774)

110398(776)

124901(809)

124902(796)

124903(776)

124908(772)

124909(778)

***********

***********

110353(692)

110359(734)

110361(748)

110368(752)

110374(700)

110375(734)

110379(674)

110381(732)

110382(704)

110383(705)

110386(716)

110393(708)

110394(679)

110400(685)

110401(741)

110402(751)

110403(684)

110404(689)

110405(676)

110406(707)

110407(754)

124904(763)

124905(679)

124907(695)

170851(668)

110366(610)

110370(568)

110371(561)

110372(624)

110373(642)

110378(622)

110380(596)

110384(573)

110385(614)

110387(628)

110390(589)

110392(622)

110397(631)

110408(608)

124910(558)

140457(568)

140458(604)

170852(587)

***********

***********

110376(527)

110377(512)

110391(495^ 1)

110395(520)

110396(518)

110399(522)

140452(483)

***********

***********

***********

***********

***********

****NIL****

***********

***********

Grade : A

Grade : B

Grade : C

Grade : D

Grade : E
The City School, Darakhshan Campus
Grade : A-1
170881(914)

***********

***********

***********

***********

110423(794)

110430(774)

110431(772)

140484(804)

***********

110421(745)

110424(704)

110425(661)

110426(665)

110429(695)

110432(725)

124911(713)

***********

***********

***********

110422(624)

110427(606)

110428(616)

110435(629)

140482(640)

124913(461^ 3)

140481(504)

140483(486)

***********

***********

Grade : A
Grade : B

Grade : C
Grade : D

47
The City School, Darakhshan Campus
Grade : E
***********

***********

****NIL****

***********

***********

Pace College of Advance Studies Clifton
Grade : A-1
***********

***********

****NIL****

***********

***********

***********

***********

****NIL****

***********

***********

110441(683)

110442(700)

110444(668)

110445(714)

***********

***********

***********

****NIL****

***********

***********

***********

***********

****NIL****

***********

***********

***********

***********

****NIL****

***********

***********

Grade : A
Grade : B
Grade : C
Grade : D
Grade : E
Concordia College Garden Campus, Business Recorder Road
Grade : A-1
***********

***********

****NIL****

***********

***********

110454(849)

125112(775)

125113(779)

***********

***********

***********

***********

****NIL****

***********

***********

***********

***********

****NIL****

***********

***********

***********

***********

****NIL****

***********

***********

***********

***********

****NIL****

***********

***********

Grade : A
Grade : B
Grade : C
Grade : D
Grade : E
The Nation's College of Science Arts & Commerce DHA-I, Karachi
Grade : A-1
***********

***********

****NIL****

***********

***********

***********

***********

****NIL****

***********

***********

***********

***********

****NIL****

***********

***********

110461(608)

110462(592)

***********

***********

***********

110463(518^ 3)

***********

***********

***********

***********

***********

***********

****NIL****

***********

***********

Grade : A
Grade : B
Grade : C
Grade : D
Grade : E

48
Govt. Degree Science & Commerce College Lyari
Grade : A-1
110589(898)

***********

***********

***********

***********

***********

***********

****NIL****

***********

***********

110537(727)

110539(718)

110594(710)

***********

***********

110506(621)

110538(601)

110547(576)

110553(567)

110601(577)

110611(583)

110614(584)

110621(583)

110625(545+ 5)

141007(618)

141021(582)

141027(545+ 5)

141033(580)

141036(581)

***********

110501(469)

110512(510)

110515(480^ 2)

110516(537)

110524(459)

110528(481)

110531(528)

110548(533)

110549(535)

110551(512)

110554(466)

110559(517)

110566(491)

110567(454)

110570(518)

110571(531)

110572(521)

110577(510)

110580(505)

110581(524)

110585(489^ 2)

110599(528)

110602(521)

110605(522)

110607(505)

110608(510)

110623(527)

110626(527)

110627(491)

110628(484)

110630(492)

110631(514)

110634(468)

110635(536)

110636(505)

110637(477)

110639(439+ 1)

110640(536)

110641(526)

110648(457)

141006(470)

141014(537^ 1)

141022(538)

141023(444)

141024(518)

141025(471)

141026(455)

141030(525)

141032(463)

141034(498)

141035(452)

141037(489)

141045(523)

141046(497)

141047(499)

141048(462)

141049(497)

141052(471)

141054(474)

***********

110518(419^ 3)

110597(432)

***********

***********

***********

Grade : A
Grade : B
Grade : C

Grade : D

Grade : E
Haji Abdullah Haroon Govt. College (Evening)
Grade : A-1
***********

***********

****NIL****

***********

***********

***********

***********

****NIL****

***********

***********

110742(686)

***********

***********

***********

***********

110741(620)

110746(562)

110807(619)

110808(616)

110831(599)

110838(555)

110848(578)

110868(574)

***********

***********

110766(513)

110781(512)

110785(514)

110787(479)

110789(504)

110799(498)

110800(473)

110806(486^ 3)

110809(471)

110843(518)

110849(514)

110852(498)

110856(485)

110866(460)

110867(504)

110869(440^ 1)

141210(478)

141219(499)

141222(458^ 1)

***********

110819(438^ 2)

110864(413^ 2)

110865(425)

***********

***********

Grade : A
Grade : B
Grade : C

Grade : D

Grade : E

49
Nusrat Bhutto Govt. Degree Boys College Lyari
Grade : A-1
111109(912)

***********

***********

***********

***********

***********

***********

****NIL****

***********

***********

111046(689)

111071(667)

***********

***********

***********

110958(556)

110964(575)

110971(548+ 2)

110990(550)

110992(596)

111009(547+ 3)

111020(547+ 3)

111024(563)

111028(587)

111032(618)

111033(621)

111037(575)

111038(600)

111068(591)

141309(557^ 3)

141324(557^ 1)

***********

***********

***********

***********

110953(511)

110955(464^ 2)

110959(529)

110960(448)

110966(542)

110972(485)

110974(528)

110975(465)

110993(480^ 3)

111002(515)

111003(454)

111004(440)

111013(485)

111014(499)

111017(489)

111019(445)

111025(448)

111027(492)

111030(486)

111039(485)

111040(520)

111041(492^ 2)

111042(457)

111045(482^ 2)

111052(525)

111058(525)

111060(527)

111067(475)

111069(492)

111097(534)

111110(490)

141305(456)

***********

***********

***********

110957(420)

111048(429^ 1)

141317(429)

***********

***********

Grade : A
Grade : B
Grade : C

Grade : D

Grade : E
K.M.A Boys Higher Secondary School & College, Shah Abdul Latif Bhittai Road Moosa Lane
Grade : A-1
***********

***********

****NIL****

***********

***********

111183(841)

111191(776)

***********

***********

***********

111200(703)

***********

***********

***********

***********

111188(647)

111190(551)

111192(578)

111193(581)

111195(613)

111197(560)

111198(587)

111199(610)

***********

***********

111184(459)

111187(540)

111189(446)

***********

***********

***********

***********

****NIL****

***********

***********

Grade : A
Grade : B
Grade : C

Grade : D
Grade : E
Memon Degree College (Intermediate)
Grade : A-1
***********

***********

****NIL****

***********

***********

***********

***********

****NIL****

***********

***********

125745(742)

***********

***********

***********

***********

Grade : A
Grade : B

50
Memon Degree College (Intermediate)
Grade : C
111220(591)

111224(630)

125741(565)

125744(634)

***********

111228(488)

141412(463)

***********

***********

***********

111212(429)

***********

***********

***********

***********

Grade : D
Grade : E
Govt. Degree Boys College Shams Peer Baba Bith
Grade : A-1
***********

***********

****NIL****

***********

***********

***********

***********

****NIL****

***********

***********

***********

***********

****NIL****

***********

***********

***********

***********

****NIL****

***********

***********

***********

***********

****NIL****

***********

***********

***********

***********

****NIL****

***********

***********

Grade : A
Grade : B
Grade : C
Grade : D
Grade : E
Govt. Degree College Shamspir Mauripur, Hawks Bay Road
Grade : A-1
***********

***********

****NIL****

***********

***********

***********

***********

****NIL****

***********

***********

***********

***********

****NIL****

***********

***********

111262(578)

125901(636)

***********

***********

***********

111261(527)

141722(486)

***********

***********

***********

***********

***********

****NIL****

***********

***********

Grade : A
Grade : B
Grade : C
Grade : D
Grade : E
Govt. Degree College Jungle Shah, Keamari
Grade : A-1
111339(876+ 4)

111340(887)

***********

***********

***********

***********

***********

****NIL****

***********

***********

***********

***********

****NIL****

***********

***********

111305(567)

111306(617)

111307(551)

111311(628^ 3)

111316(553)

111318(554)

111323(633)

111332(603)

141811(612)

***********

Grade : A
Grade : B
Grade : C

51
Govt. Degree College Jungle Shah, Keamari
Grade : D
111289(483)

111299(483)

111300(535)

111303(495)

111309(515^ 3)

111310(540)

111327(517^ 3)

111330(495)

141804(448)

***********

***********

***********

****NIL****

***********

***********

Grade : E
Begum Hajra Mehmood Ali Govt. Boys & Girls Higher Secondary School, Mari Pur Road
Grade : A-1
***********

***********

****NIL****

***********

***********

***********

***********

****NIL****

***********

***********

***********

***********

****NIL****

***********

***********

111371(592)

141851(606)

***********

***********

***********

172801(528)

***********

***********

***********

***********

***********

***********

****NIL****

***********

***********

Grade : A
Grade : B
Grade : C
Grade : D
Grade : E
Govt. Degree Boys College No. 1 Gulistan-e-Jauhar
Grade : A-1
111486(913)

111534(912)

142234(913)

***********

***********

111471(844)

111544(872)

111554(777)

111625(787)

111626(862)

111456(717)

111464(713)

111465(722)

111467(690)

111494(759)

111507(669)

111522(685)

111523(674)

111524(713)

111528(671)

111530(729)

111533(676)

111542(656+ 4)

111543(684)

111566(696)

111567(764)

111595(689)

111596(661)

111603(685)

111629(694)

111632(656+ 4)

111635(679)

111638(665)

142223(681)

***********

111454(568)

111455(601)

111457(548+ 2)

111458(591)

111459(546+ 4)

111462(625)

111463(552)

111466(640)

111468(651)

111469(621)

111476(561)

111477(564)

111480(547+ 3)

111481(591)

111483(585)

111488(572)

111491(565)

111493(609)

111496(557)

111497(592)

111498(578)

111499(560)

111500(546+ 4)

111501(636)

111518(592)

111520(588)

111521(618)

111535(551)

111536(658^ 3)

111539(592)

111541(615)

111546(621)

111548(580)

111550(634)

111551(648)

111552(630)

111553(587)

111565(545+ 5)

111571(571)

111578(629)

111582(584)

111584(577)

111586(590)

111588(615)

111594(545+ 5)

111599(585)

111605(584)

111606(549+ 1)

111613(603)

111615(649)

111624(610)

111631(563)

111633(554)

111634(582)

111639(561)

142201(561)

142217(568)

142218(573)

142235(598)

***********

Grade : A
Grade : B

Grade : C

52
Govt. Degree Boys College No. 1 Gulistan-e-Jauhar
Grade : D
111453(502)

111487(513)

111492(495)

111502(530)

111512(479^ 5)

111515(443^ 3)

111516(511^ 1)

111519(532)

111529(495^ 2)

111540(533)

111564(542^ 3)

111569(533)

111600(529)

111617(481)

111645(493)

142202(465)

142203(460)

142204(511)

142205(500)

142207(491)

142208(498)

142210(517)

142211(535)

142212(496)

142224(481)

142225(508)

142227(494)

142232(499)

142233(469)

***********

142216(426)

142226(427)

***********

***********

***********

Grade : E
Govt. Degree Boys College No. 2 Gulistan-e-Jauhar
Grade : A-1
142443(910)

***********

***********

***********

***********

111873(839)

111901(788)

111967(771)

***********

***********

111782(667)

111791(661)

111811(717)

111814(672)

111840(655+ 5)

111844(662)

111850(717)

111851(710)

111853(726)

111857(733)

111859(675)

111863(689)

111874(663)

111875(747)

111883(671)

111884(712)

111898(701)

111913(675)

111921(692)

111924(676)

111931(761)

111935(661)

111937(667)

111939(678)

111940(685)

111942(694)

111943(702)

111944(684)

111945(656+ 4)

111948(692)

111950(702)

111951(656+ 4)

111952(736)

111956(725)

111959(677)

111962(697)

111968(701)

111976(748)

111982(687)

111983(683)

111987(721)

111991(677)

111995(711)

112015(672)

112018(658+ 2)

112023(683)

112024(720)

***********

***********

***********

111756(622)

111757(646)

111758(550)

111760(634)

111762(589)

111767(611)

111774(605)

111777(549+ 1)

111778(575)

111779(624)

111786(559)

111787(596)

111790(592)

111799(644)

111800(615)

111801(586)

111802(604)

111803(612)

111805(586)

111809(577)

111813(580)

111815(565)

111816(629)

111820(648)

111824(573)

111829(615)

111833(646)

111835(557)

111836(565)

111837(564)

111838(606)

111849(654)

111854(589)

111855(612)

111858(631)

111862(585)

111864(604)

111865(615)

111866(610)

111867(579)

111868(575)

111871(625)

111878(603)

111881(648)

111882(615)

111885(628)

111886(633)

111887(635)

111889(616)

111895(564)

111896(570)

111897(580)

111907(652)

111908(601)

111911(587)

111916(642)

111917(556)

111920(615)

111923(613)

111926(604)

111928(614)

111929(652)

111930(639)

111933(586)

111934(582)

111947(624)

111949(621)

111955(572)

111957(565)

111965(588)

111966(639)

111969(654)

111971(644)

111972(576)

111973(652)

111974(630)

111975(558)

111978(580)

111979(583)

111984(568)

111985(627)

111988(591)

111989(640)

111990(597)

111994(619)

Grade : A
Grade : B

Grade : C

53
Govt. Degree Boys College No. 2 Gulistan-e-Jauhar
111996(584)

111997(554)

111998(599)

112000(622)

112007(612)

112011(578)

112014(547+ 3)

112017(570)

112019(649)

112020(618)

142381(553)

142384(582)

142404(600)

142415(559)

142429(566)

111755(518)

111771(498^ 1)

111773(524)

111781(470^ 3)

111783(497)

111793(540)

111818(488)

111841(532)

111848(492)

111861(516)

111876(521)

111890(539)

111891(516)

111900(537)

111925(495)

111953(508)

111980(452)

111999(473)

112004(508)

112010(485)

112013(525)

112022(528)

142357(467)

142375(503)

142378(450)

142382(527)

142389(439+ 1)

142414(472)

***********

***********

142371(417)

142374(404)

142395(402^ 5)

142401(414)

142444(390^ 1)

Grade : D

Grade : E
Govt. Deg. Sc./Commerce College Block 7, Gulshan-e-Iqbal
Grade : A-1
112141(914)

112154(891)

112164(890)

112213(914)

126343(880)

126399(880)

***********

***********

***********

***********

112152(872)

112153(872)

112158(795)

112159(836)

112170(859)

112172(793)

112173(817)

112181(805)

112187(811)

112190(777)

112194(821)

112195(842)

112199(812)

112226(836)

126339(811)

126344(862)

126345(783)

126350(767+ 3)

126351(839)

126352(783)

126353(779)

126360(818)

126361(843)

126362(812)

126363(812)

126369(777)

126378(824)

126379(775)

126380(787)

126385(787)

126393(778)

126397(789)

126398(800)

126404(768+ 2)

126407(821)

126408(817)

126409(866)

126410(785)

126414(826)

126418(783)

126420(808)

126422(777)

126431(771)

126436(794)

126437(850)

126438(829)

126448(824)

126449(864)

126456(821)

***********

112143(701)

112147(728)

112150(722)

112151(684)

112155(696)

112160(734)

112161(699)

112162(733)

112166(714)

112168(717)

112169(695)

112174(695)

112176(698)

112179(732)

112182(725)

112184(697)

112188(762)

112189(750)

112191(714)

112198(709)

112201(728)

112204(726)

112205(716)

112207(683)

112210(754)

112216(764)

112217(659+ 1)

112222(715)

112235(688)

112237(672)

126332(700)

126333(764)

126335(709)

126336(716)

126337(714)

126338(693)

126346(709)

126347(753)

126348(725)

126349(737)

126355(720)

126357(757)

126358(728)

126364(743)

126365(672)

126367(725)

126368(741)

126370(726)

126371(712)

126372(720)

126383(712)

126386(699)

126388(750)

126389(746)

126390(762)

126391(761)

126401(751)

126402(750)

126405(747)

126406(699)

126415(755)

126416(676)

126419(764)

126421(707)

126423(663)

126424(715)

126426(722)

126429(704)

126430(736)

126435(680)

126450(751)

126454(718)

142656(722)

***********

***********

Grade : A

Grade : B

54
Govt. Deg. Sc./Commerce College Block 7, Gulshan-e-Iqbal
Grade : C
112146(610)

112148(562)

112156(566)

112157(636)

112171(636)

112175(619)

112177(568)

112192(572)

112193(605)

112196(615)

112197(643)

112200(625)

112202(594)

112212(637)

112219(586)

112225(624)

112227(586)

112228(651)

112230(650)

112231(596)

112233(580)

112236(631)

112238(566)

112239(638)

112242(583)

126331(552)

126334(639)

126340(646)

126359(604)

126366(649)

126374(643)

126375(644)

126381(546+ 4)

126382(642)

126387(614)

126392(632)

126394(629)

126400(591)

126403(654)

126412(624)

126425(620)

126428(582)

126433(606)

126434(620)

126439(634)

126440(633)

126441(602)

126447(579)

126451(649)

126452(653)

126453(649)

126457(565)

142614(561)

142615(585)

142618(645)

142630(626)

142631(593)

142653(605)

142654(601)

142655(620)

173605(554)

173607(561)

173616(625)

173617(590)

***********

112145(517)

112165(504)

112167(536)

112183(544)

126354(535)

126395(525)

126411(519)

126427(510)

126432(524^ 3)

126443(502)

142604(493)

142606(465)

142607(522)

142616(461)

142620(499)

142622(506)

142629(540^ 2)

142633(438+ 2)

142634(491)

142643(535)

142646(477)

142647(468)

142649(491)

142650(442)

142651(462)

142657(475)

173608(498)

173609(469)

173610(453)

173611(470)

126417(427)

142610(424)

142636(434)

***********

***********

Grade : D

Grade : E
Commecs College
Grade : A-1
126693(939)

126699(899)

126717(876+ 4)

126718(877+ 3)

126720(889)

112273(806)

112278(792)

112290(833)

112291(786)

112298(806)

112307(813)

112308(796)

112318(831)

112320(849)

112321(815)

112322(765+ 5)

112323(808)

112324(797)

126694(840)

126695(804)

126697(809)

126698(773)

126700(849)

126701(841)

126702(809)

126704(798)

126705(787)

126706(775)

126707(778)

126708(768+ 2)

126709(848)

126710(789)

126711(837)

126713(787)

126719(831)

112271(737)

112272(760)

112274(744)

112275(741)

112276(698)

112277(683)

112280(717)

112281(689)

112283(663)

112284(721)

112287(691)

112288(699)

112289(695)

112292(750)

112293(753)

112295(744)

112296(691)

112297(717)

112299(691)

112300(735)

112301(701)

112302(734)

112304(732)

112305(696)

112306(735)

112309(701)

112312(751)

112313(719)

112315(674)

112316(695)

112317(696)

112319(744)

112325(734)

126691(696)

126692(716)

126696(712)

126703(758)

126714(729)

126715(748)

126716(676)

Grade : A

Grade : B

55
Commecs College
Grade : C
112279(600)

112282(591)

112285(646)

112286(654)

112294(559)

112303(633)

112310(583)

126712(653)

142871(630)

174521(622)

112314(542)

***********

***********

***********

***********

***********

***********

****NIL****

***********

***********

Grade : D
Grade : E
Ghazi Foundation College, Gulshan-e-Iqbal
Grade : A-1
***********

***********

****NIL****

***********

***********

***********

***********

****NIL****

***********

***********

***********

***********

****NIL****

***********

***********

***********

***********

****NIL****

***********

***********

142893(470)

***********

***********

***********

***********

***********

***********

****NIL****

***********

***********

Grade : A
Grade : B
Grade : C
Grade : D
Grade : E
Bahria College (Karsaz)
Grade : A-1
112352(913)

112357(903)

112363(888)

126731(923)

126734(908)

126736(909)

126738(927)

126739(899)

126740(921)

126742(887)

126743(903)

126759(893)

126766(889)

126767(923)

***********

112343(792)

112344(849)

112345(809)

112347(861)

112348(813)

112349(774)

112350(826)

112351(828)

112353(870)

112354(810)

112356(825)

112358(818)

112359(855)

112360(867)

112361(849)

112362(871)

112364(845)

112366(778)

126732(862)

126733(851)

126735(852)

126737(864)

126741(864)

126744(790)

126748(873)

126749(847)

126750(834)

126751(777)

126752(851)

126753(854)

126755(768+ 2)

126756(862)

126757(831)

126760(858)

126761(852)

126764(770)

126765(850)

126768(790)

126769(802)

126770(778)

126771(781)

***********

***********

***********

***********

112341(709)

112342(741)

112346(760)

112355(763)

112365(764)

112367(744)

126745(691)

126746(736)

126747(712)

126754(657+ 3)

126758(747)

126763(717)

***********

***********

***********

***********

***********

****NIL****

***********

***********

***********

***********

****NIL****

***********

***********

Grade : A

Grade : B

Grade : C
Grade : D

56
Bahria College (Karsaz)
Grade : E
***********

***********

****NIL****

***********

***********

Adler College
Grade : A-1
112373(912)

***********

***********

***********

***********

126782(814)

126785(785)

126790(821)

***********

***********

112372(661)

126783(656+ 4)

126784(716)

126787(707)

126788(701)

126789(731)

***********

***********

***********

***********

112371(632^ 3)

126781(549+ 1)

126786(641)

***********

***********

***********

***********

****NIL****

***********

***********

***********

***********

****NIL****

***********

***********

Grade : A
Grade : B

Grade : C
Grade : D
Grade : E
Rowan College
Grade : A-1
112387(882)

***********

***********

***********

***********

112385(796)

112397(792)

112400(776)

126792(824)

126793(798)

126798(820)

***********

***********

***********

***********

112386(661)

112390(707)

112393(683)

112396(732)

126797(709)

126799(716)

126800(733)

***********

***********

***********

112383(618^ 1)

112391(597)

112392(610)

126791(590)

126794(580)

126795(549+ 1)

126796(603)

***********

***********

***********

112384(461^ 1)

112388(524)

112389(540)

112398(509^ 3)

112399(525)

112401(518^ 3)

174661(538)

***********

***********

***********

***********

***********

****NIL****

***********

***********

Grade : A

Grade : B

Grade : C

Grade : D

Grade : E
The City School, University Road Campus
Grade : A-1
***********

***********

****NIL****

***********

***********

112411(816)

112412(835)

126802(814)

***********

***********

***********

***********

****NIL****

***********

***********

142992(648)

***********

***********

***********

***********

Grade : A
Grade : B
Grade : C

57
The City School, University Road Campus
Grade : D
142991(534)

***********

***********

***********

***********

***********

***********

****NIL****

***********

***********

Grade : E
Everest Grammar Higher Secondary School, Block-13, Gulistan-e-Jauhar
Grade : A-1
***********

***********

****NIL****

***********

***********

***********

***********

****NIL****

***********

***********

112424(684)

126812(705)

126813(743)

***********

***********

126811(652)

***********

***********

***********

***********

126814(480)

***********

***********

***********

***********

***********

***********

****NIL****

***********

***********

Grade : A
Grade : B
Grade : C
Grade : D
Grade : E
Concordia College Jauhar Campus (Intermediate)
Grade : A-1
112432(887)

***********

***********

***********

***********

126821(830)

***********

***********

***********

***********

***********

***********

****NIL****

***********

***********

***********

***********

****NIL****

***********

***********

***********

***********

****NIL****

***********

***********

***********

***********

****NIL****

***********

***********

Grade : A
Grade : B
Grade : C
Grade : D
Grade : E
Govt. Allama Iqbal Degree College (Evening)
Grade : A-1
***********

***********

****NIL****

***********

***********

***********

***********

****NIL****

***********

***********

112475(655+ 5)

112479(726)

112486(744)

***********

***********

112454(576)

112456(561)

112462(552)

112493(574)

112494(580)

143507(596)

143511(608)

***********

***********

***********

112457(525)

112460(507)

112463(518)

112467(440)

112470(499)

112477(461^ 3)

112480(537)

112482(475)

112487(508)

112488(523^ 1)

Grade : A
Grade : B
Grade : C

Grade : D

58
Govt. Allama Iqbal Degree College (Evening)
112489(487)

112496(456)

143521(503)

143522(464)

***********

143510(402)

143514(434)

143518(422)

143525(425)

***********

Grade : E
Govt. Superior Commerce College (Evening)
Grade : A-1
112631(899)

***********

***********

***********

***********

112635(788)

112657(807)

112703(806)

112704(802)

***********

112548(677)

112554(714)

112566(673)

112571(681)

112573(712)

112575(701)

112579(679)

112582(660)

112583(702)

112584(683)

112601(671)

112602(663)

112606(674)

112607(661)

112609(683)

112612(664)

112624(693)

112625(674)

112647(671)

112651(740)

112654(752)

112658(674)

112669(689)

112695(691)

112699(718)

112702(743)

112707(712)

112710(706)

112711(657+ 3)

112713(674)

112718(679)

112723(748)

112725(674)

112733(666)

112742(662)

112750(675)

143611(682)

***********

***********

***********

112521(571)

112522(617)

112523(569)

112525(583)

112527(553)

112528(635)

112536(609)

112537(547+ 3)

112539(567)

112541(592)

112542(635)

112545(573)

112546(577)

112549(545+ 5)

112550(635)

112553(552)

112555(568)

112557(601)

112560(553)

112561(585)

112563(581)

112564(592)

112565(604)

112567(597)

112568(571)

112569(630)

112570(576)

112576(639)

112577(593)

112578(557)

112580(549+ 1)

112581(596)

112585(570)

112586(576)

112587(636)

112589(597)

112590(633)

112591(587)

112593(552)

112598(605)

112599(599)

112600(590)

112603(556)

112604(580)

112608(631)

112610(560)

112611(654)

112614(564)

112616(548+ 2)

112617(567)

112618(598)

112620(633)

112621(570)

112627(615)

112628(602)

112630(556)

112633(611)

112634(639)

112636(642)

112637(564)

112639(603)

112641(638)

112642(632)

112644(597)

112646(563)

112648(548+ 2)

112652(615)

112656(644)

112660(571)

112664(630)

112665(610)

112667(589)

112668(636)

112670(637)

112671(586)

112676(636)

112681(616)

112683(643)

112686(626)

112687(605)

112688(552)

112689(567)

112691(586)

112693(560)

112694(604)

112696(638)

112698(610)

112701(616)

112705(636)

112706(606)

112714(650)

112715(645)

112716(625)

112717(572)

112720(551)

112722(600)

112724(611)

112729(593)

112731(548+ 2)

112738(585)

112740(555)

112745(611)

112746(587)

112749(579)

112752(546+ 4)

112757(566)

143601(602)

143606(573)

143609(602)

143612(644)

143629(570)

143632(597)

143641(588)

143650(547+ 3)

143653(548+ 2)

143663(562)

143676(582)

143691(645)

143692(567)

143693(574)

Grade : A
Grade : B

Grade : C

59
Govt. Superior Commerce College (Evening)
Grade : D
112531(536)

112532(528)

112533(498)

112534(479)

112544(524)

112547(531)

112552(521)

112556(528)

112558(524)

112559(523)

112562(521)

112572(508)

112588(536)

112592(522)

112594(541)

112595(495)

112596(514)

112597(473^ 2)

112615(544)

112619(502)

112623(516)

112643(526)

112653(518)

112655(521)

112661(498^ 3)

112662(517)

112663(515)

112666(518)

112672(510)

112674(500)

112677(491)

112682(509)

112690(531)

112692(528)

112708(522)

112712(532^ 3)

112719(485)

112721(506)

112727(519)

112728(518)

112732(519)

112734(539)

112736(471)

112737(525)

112743(526)

112747(524)

112748(510)

112751(523)

112754(530)

143605(522)

143614(519)

143617(459^ 2)

143619(474)

143622(522)

143623(476)

143624(465)

143625(477)

143626(538)

143627(483)

143628(541)

143630(463)

143633(449)

143634(450)

143635(487)

143642(473)

143645(490)

143647(537)

143648(491)

143651(485)

143652(486)

143655(479)

143656(511)

143664(484)

143666(503)

143670(509)

143671(466)

143673(455)

143674(512)

143675(459)

143677(487)

143678(523)

143679(508)

143680(490)

143681(484)

143683(448)

143684(509)

143685(464)

143686(543)

143687(510)

143689(476)

143690(509)

***********

***********

***********

***********

143637(422)

143649(420)

143654(425)

143667(425)

143672(424)

Grade : E
KBV CAA Model School & College
Grade : A-1
112841(893)

127381(882)

127387(920)

***********

***********

127386(832)

***********

***********

***********

***********

112843(681)

112847(655+ 5)

127382(686)

127385(705)

***********

112844(646)

112846(654)

112849(632)

112850(552)

127383(572)

127384(623)

***********

***********

***********

***********

127389(526)

143871(523)

143872(465)

***********

***********

***********

***********

****NIL****

***********

***********

Grade : A
Grade : B
Grade : C

Grade : D
Grade : E
New Fazaia Intermediate College, Shahrah-e-Faisal
Grade : A-1
***********

***********

****NIL****

***********

***********

***********

***********

****NIL****

***********

***********

112861(697)

112864(657+ 3)

112865(659+ 1)

112868(689)

127393(751)

Grade : A
Grade : B

60
New Fazaia Intermediate College, Shahrah-e-Faisal
127394(732)

127397(738)

***********

***********

***********

112862(654)

112863(588)

112867(618)

112870(588)

112871(652)

112872(547+ 3)

127391(654)

127396(549+ 1)

***********

***********

112869(540)

127395(530)

***********

***********

***********

***********

***********

****NIL****

***********

***********

Grade : C

Grade : D
Grade : E
Bright Success College
Grade : A-1
***********

***********

****NIL****

***********

***********

***********

***********

****NIL****

***********

***********

***********

***********

****NIL****

***********

***********

112882(568)

***********

***********

***********

***********

112881(486)

143901(530)

143902(521)

143903(510)

***********

***********

***********

****NIL****

***********

***********

Grade : A
Grade : B
Grade : C
Grade : D
Grade : E
Govt. Degree Arts & Commerce College Malir (Evening)
Grade : A-1
***********

***********

****NIL****

***********

***********

112958(819)

***********

***********

***********

***********

112956(676)

112962(717)

112967(693)

144209(714)

***********

112957(557)

112959(576)

112961(594)

144204(618)

144210(577)

112953(484)

112969(521)

144206(464)

144207(513)

144208(480)

144216(498)

144217(515)

144220(503)

144223(501)

***********

112964(423^ 4)

***********

***********

***********

***********

Grade : A
Grade : B
Grade : C
Grade : D

Grade : E
Abdul Razzak Gabol Govt. Degree Boys & Girls, Razzakabad, Bin Qasim
Grade : A-1
***********

***********

****NIL****

***********

***********

113014(785)

113046(809)

113076(786)

***********

***********

113012(676)

113015(656+ 4)

113016(706)

113017(708)

113019(716)

113020(682)

113026(722)

113042(683)

113043(660)

113061(655+ 5)

Grade : A
Grade : B

61
Abdul Razzak Gabol Govt. Degree Boys & Girls, Razzakabad, Bin Qasim
113062(693)

113063(751)

113070(659+ 1)

113078(669)

113084(683)

113011(633)

113013(551)

113018(647)

113021(616)

113022(615)

113023(552)

113024(576)

113027(583)

113028(621)

113030(641)

113031(608)

113032(593)

113033(634)

113034(637)

113035(596)

113038(570)

113048(599)

113051(592)

113052(651)

113053(654)

113054(578)

113055(596)

113056(603)

113057(548+ 2)

113058(581)

113059(580)

113060(546+ 4)

113064(560)

113065(570)

113066(556)

113067(570)

113068(590)

113069(601)

113071(576)

113072(571)

113073(573)

113079(579)

113083(546+ 4)

113085(614)

144301(550)

113039(484)

113050(450)

113074(515)

113075(460^ 1)

113077(542)

113081(542)

113082(544)

144303(497)

144304(498)

144403(494)

***********

***********

****NIL****

***********

***********

Grade : C

Grade : D

Grade : E
Govt. Degree Sc., Arts & Comm. College Murad Memon Goth
Grade : A-1
***********

***********

****NIL****

***********

***********

***********

***********

****NIL****

***********

***********

***********

***********

****NIL****

***********

***********

113173(598)

113178(548+ 2)

113183(578)

113209(607)

113218(568)

144517(575)

***********

***********

***********

***********

113147(516)

113155(498)

113160(534)

113161(509)

113165(463)

113168(525)

113171(534)

113172(524^ 2)

113181(508)

113185(457)

113193(538)

113205(518)

113207(524)

113210(484)

144509(485)

144510(498)

144516(491)

144518(539)

144532(505)

***********

***********

***********

****NIL****

***********

***********

Grade : A
Grade : B
Grade : C

Grade : D

Grade : E
Govt. Degree Science/Commerce College Malir at Saudabad
Grade : A-1
***********

***********

****NIL****

***********

***********

113297(804)

113298(786)

113308(776)

113320(826)

***********

113285(690)

113311(739)

113312(684)

113313(748)

113324(705)

113334(722)

113335(696)

113336(655+ 5)

***********

***********

113282(589)

113283(635)

113284(555)

113286(642)

113287(591)

113289(649)

113291(553)

113292(652)

113294(545+ 5)

113296(654)

Grade : A
Grade : B

Grade : C

62
Govt. Degree Science/Commerce College Malir at Saudabad
113301(603)

113302(628)

113305(582)

113322(605)

113331(593)

113343(606)

113344(610)

113345(621)

144656(600)

144658(549+ 1)

144660(591)

144683(590)

***********

***********

***********

113281(534)

113290(538)

113299(473)

113303(491)

113304(498)

113307(510)

113309(486^ 3)

113310(497)

113314(544)

113315(507)

113319(494)

113326(489^ 3)

113337(502)

113341(543)

113342(536)

144653(460)

144657(544)

144659(530)

144661(516)

144662(462)

144663(439+ 1)

144666(450)

144670(463)

144672(441)

144674(448)

144676(486)

144677(501)

144678(520)

144682(510)

***********

***********

***********

****NIL****

***********

***********

Grade : D

Grade : E
Jamia Millia Govt. College Malir (Evening)
Grade : A-1
***********

***********

****NIL****

***********

***********

***********

***********

****NIL****

***********

***********

113416(762)

113421(701)

***********

***********

***********

113379(557)

113380(590)

113383(588)

113391(611)

113396(549+ 1)

113399(580)

113400(626)

113405(583)

113412(631)

113415(605)

113418(565)

113419(651)

113422(560)

113425(545+ 5)

113435(615)

113436(630)

113440(648)

113453(562)

144803(550)

144816(559)

144827(599)

***********

***********

***********

***********

113377(463)

113378(495)

113382(488)

113384(532)

113394(523)

113398(460)

113402(471)

113403(527)

113406(526)

113408(457^ 3)

113411(479)

113417(515)

113420(521)

113423(497)

113424(520)

113431(485)

113432(526)

113441(486)

113442(501^ 2)

113443(459)

113444(509)

113446(542)

113447(539)

113450(440^ 1)

144806(506)

144807(460)

144811(496)

144812(463)

144813(500)

144814(531)

144817(462)

144818(512)

144819(471)

144820(514)

144821(447)

144822(446)

144823(477)

144825(460)

144829(512)

144831(443)

144832(457)

144833(502)

144838(493)

144840(447)

144841(475)

144842(462)

144843(455)

144844(461)

144845(529)

***********

144834(416)

144835(416)

144836(412)

***********

***********

Grade : A
Grade : B
Grade : C

Grade : D

Grade : E
Liaquat Govt. College (Evening) Malir
Grade : A-1
***********

***********

****NIL****

***********

***********

113530(781)

113629(788)

113651(774)

113672(766+ 4)

113676(838)

Grade : A

63
Liaquat Govt. College (Evening) Malir
113692(840)

113707(779)

113713(782)

113752(798)

113774(773)

113818(809)

***********

***********

***********

***********

113553(699)

113580(745)

113610(666)

113632(666)

113642(694)

113643(759)

113655(743)

113671(703)

113674(668)

113675(655+ 5)

113677(676)

113678(706)

113679(655+ 5)

113681(664)

113682(716)

113684(722)

113685(674)

113691(673)

113703(678)

113715(693)

113719(701)

113734(682)

113738(690)

113744(677)

113748(668)

113749(700)

113751(725)

113755(737)

113765(711)

113767(670)

113772(725)

113773(697)

113784(683)

113786(655+ 5)

113791(668)

113797(659+ 1)

113803(663)

113810(658+ 2)

113817(751)

145048(755)

113481(581)

113518(582)

113522(611)

113524(631)

113525(594)

113526(641)

113544(555)

113546(569)

113549(625)

113551(579)

113554(601)

113560(572)

113561(576)

113562(567)

113566(578)

113567(556)

113569(624)

113570(558)

113572(603)

113573(547+ 3)

113581(575)

113587(583)

113590(612)

113591(566)

113598(605)

113600(596)

113612(548+ 2)

113613(565)

113616(576)

113617(557)

113631(621)

113633(556)

113650(646)

113652(649)

113653(582)

113658(607)

113663(549+ 1)

113664(617)

113666(589)

113670(623)

113687(563)

113688(573)

113690(556)

113693(612)

113694(597)

113695(619)

113697(579)

113699(575)

113700(602)

113702(652)

113704(633)

113705(558)

113708(604)

113716(555)

113717(607)

113718(568)

113720(551)

113721(592)

113722(611)

113726(651)

113729(558)

113731(584)

113733(599)

113736(590)

113737(566)

113741(628)

113742(634)

113745(609)

113746(628)

113747(593)

113753(562)

113754(586)

113760(633)

113761(578)

113762(576)

113763(557)

113764(610)

113766(644)

113768(633)

113769(623)

113770(546+ 4)

113776(555)

113777(558)

113778(631)

113780(631)

113781(601)

113782(581)

113783(566)

113788(590)

113789(618)

113790(597)

113792(565)

113793(548+ 2)

113794(637)

113795(647)

113798(601)

113801(594)

113802(600)

113804(599)

113805(652)

113806(623)

113807(574)

113808(619)

113811(577^ 2)

113812(647)

113813(563)

113814(574)

113815(634)

113816(622)

145001(649)

145003(557)

145005(550)

145006(557)

145007(560)

145009(623)

145010(557)

145011(562)

145012(549+ 1)

145015(581)

145016(570)

145017(569)

145020(595)

145022(556)

145026(580)

145028(636)

145029(638)

145036(565)

145043(593)

145044(577)

145045(559)

145046(642)

145047(576)

145049(568)

145050(654)

145052(589)

113471(495)

113477(468^ 1)

113478(520^ 2)

113479(501)

113494(512)

113503(523)

113505(496)

113510(464)

113515(461)

113517(476)

113528(522)

113538(476)

113539(495^ 2)

113542(527)

113543(506)

Grade : B

Grade : C

Grade : D

64
Liaquat Govt. College (Evening) Malir
113545(532)

113550(483^ 1)

113552(522)

113559(503)

113571(484)

113574(493)

113578(502)

113586(525)

113589(450)

113592(505^ 1)

113594(510)

113595(440)

113603(464)

113604(523^ 3)

113606(499)

113608(488)

113621(538)

113625(478^ 1)

113627(533)

113637(504)

113644(490^ 2)

113647(457^ 2)

113657(483)

113661(510)

113662(532)

113665(510^ 3)

113680(489^ 1)

113683(514)

113686(525)

113698(516)

113701(532)

113706(530)

113709(540)

113712(482)

113714(444)

113723(522)

113727(469)

113728(523)

113730(533)

113732(504)

113735(469)

113740(517)

113743(528)

113750(480)

113757(517)

113759(539)

113775(539)

113785(536)

113787(533)

113796(536)

113799(488)

113800(540)

113809(539)

145004(514)

145008(476)

145014(511)

145018(511)

145021(509)

145023(448)

145024(534)

145025(484)

145027(528)

145030(493)

145032(448)

145033(501)

145034(543)

145038(493)

145040(522)

145041(529)

145042(517)

145055(497)

145057(530)

***********

***********

***********

113556(399^ 3)

113609(423^ 4)

113635(435^ 5)

145037(408)

***********

Grade : E
Govt. Degree Boys College Sheesha Gali, Liaquat Square Market Malir
Grade : A-1
***********

***********

****NIL****

***********

***********

***********

***********

****NIL****

***********

***********

***********

***********

****NIL****

***********

***********

113922(629)

113923(575)

113930(573)

113932(553)

113933(566)

113928(537)

***********

***********

***********

***********

***********

***********

****NIL****

***********

***********

Grade : A
Grade : B
Grade : C
Grade : D
Grade : E
Concordia College Malir Campus, Jinnah Garden
Grade : A-1
***********

***********

****NIL****

***********

***********

***********

***********

****NIL****

***********

***********

113941(723)

***********

***********

***********

***********

113943(601)

***********

***********

***********

***********

145261(436+ 4)

145262(495)

***********

***********

***********

***********

***********

****NIL****

***********

***********

Grade : A
Grade : B
Grade : C
Grade : D
Grade : E

65
Kent College of Science & Commerce
Grade : A-1
***********

***********

****NIL****

***********

***********

176941(803)

***********

***********

***********

***********

176942(655+ 5)

***********

***********

***********

***********

113951(564)

***********

***********

***********

***********

176943(473^ 1)

***********

***********

***********

***********

***********

***********

****NIL****

***********

***********

Grade : A
Grade : B
Grade : C
Grade : D
Grade : E
Qamar-e-Bani Hashim Higher Secondary School
Grade : A-1
***********

***********

****NIL****

***********

***********

128411(825)

128419(766+ 4)

***********

***********

***********

113964(674)

113966(723)

128412(687)

128413(665)

128416(671)

128417(720)

128418(706)

***********

***********

***********

113961(620)

113962(652)

113963(643)

113965(597)

128414(551)

128415(597)

***********

***********

***********

***********

145291(542)

***********

***********

***********

***********

***********

***********

****NIL****

***********

***********

Grade : A
Grade : B

Grade : C

Grade : D
Grade : E
Cantt Public School & College Malir
Grade : A-1
***********

***********

****NIL****

***********

***********

***********

***********

****NIL****

***********

***********

113988(721)

***********

***********

***********

***********

113975(640)

113979(550)

128425(575)

128426(578)

128427(566)

128429(592)

***********

***********

***********

***********

113972(496)

113977(505)

113978(511)

113980(513)

113981(489)

113982(535)

113984(515)

113985(470)

113986(464)

113987(532)

128423(539)

128428(518)

***********

***********

***********

***********

***********

****NIL****

***********

***********

Grade : A
Grade : B
Grade : C

Grade : D

Grade : E

66
Govt. Deg. Arts & Comm. College for Men (Evening) Korangi 6
Grade : A-1
***********

***********

****NIL****

***********

***********

114202(833)

***********

***********

***********

***********

114053(691)

114054(711)

114180(721)

***********

***********

114073(549+ 1)

114114(605)

114118(594)

114119(549+ 1)

114124(604)

114130(571)

114136(628)

114159(549+ 1)

114185(560)

114188(651)

114189(553)

114218(555)

114228(551)

114236(553)

114246(585)

114247(550)

114248(558)

114249(646)

114250(547+ 3)

114257(578)

145813(568)

145814(605)

145818(580)

145824(601)

145837(571)

145839(608)

145843(550)

145854(592)

145855(564)

145864(628)

114063(454)

114064(471)

114065(490)

114066(508)

114067(448^ 2)

114090(457)

114091(521)

114106(480)

114107(447^ 3)

114109(439+ 1)

114110(485)

114116(525^ 3)

114117(474)

114120(489)

114121(465^ 3)

114125(508)

114128(478^ 1)

114134(543)

114137(504)

114139(493)

114140(514^ 2)

114143(519)

114149(535)

114151(503)

114152(488)

114154(485)

114158(480)

114160(446)

114161(495)

114166(486)

114173(504)

114174(483)

114175(484)

114181(503)

114183(494)

114184(482)

114186(460)

114187(491)

114199(502)

114200(537)

114208(539)

114209(486)

114211(512)

114214(518)

114215(451)

114217(535)

114220(522)

114226(502)

114227(482)

114230(484)

114232(468)

114251(492)

114253(511)

114254(486)

114262(516)

114269(495^ 3)

145806(503)

145809(466)

145810(438+ 2)

145811(458)

145812(462)

145815(491)

145823(495)

145828(474)

145829(516)

145831(489)

145834(494)

145840(509)

145847(519)

145848(450)

145849(474)

145858(477)

145861(503)

145863(488)

***********

114060(424)

114168(428)

114169(431)

145836(423)

145841(411^ 1)

145850(384)

145852(402)

145857(433)

***********

***********

Grade : A
Grade : B
Grade : C

Grade : D

Grade : E

Govt. Degree Science & Commerce College Landhi/Korangi
Grade : A-1
***********

***********

****NIL****

***********

***********

114411(811)

114447(765+ 5)

114482(797)

114525(776)

114533(773)

114414(703)

114417(704)

114426(709)

114431(668)

114435(712)

114439(667)

114440(680)

114445(682)

114449(676)

114453(658+ 2)

114462(692)

114466(660)

114471(677)

114479(669)

114487(669)

114488(669)

114490(689)

114493(694)

114495(678)

114500(719)

114502(716)

114506(718)

114507(666)

114509(693)

114514(672)

Grade : A
Grade : B

67
Govt. Degree Science & Commerce College Landhi/Korangi
114516(752)

114519(667)

114524(676)

114528(688)

114531(681)

114534(672)

114535(688)

114538(662)

114540(658+ 2)

114541(705)

114544(757)

114545(688)

114550(655+ 5)

114556(694)

114567(674)

114597(676)

114603(673)

114604(682)

114605(684)

114609(683)

114615(665)

114629(668)

114633(657+ 3)

114639(748)

114640(697)

114657(727)

114659(690)

114661(680)

114666(678)

114678(655+ 5)

114693(738)

***********

***********

***********

***********

114412(599)

114416(553)

114421(568)

114422(613)

114424(615)

114425(639)

114427(610)

114428(605)

114430(616)

114432(599)

114433(548+ 2)

114434(593)

114436(545+ 5)

114437(641)

114438(631)

114441(588)

114442(588)

114444(654)

114448(599)

114451(615)

114452(594)

114454(647)

114455(567)

114456(634)

114457(556)

114458(631)

114459(618)

114460(583)

114467(623)

114469(605)

114470(582)

114476(613)

114477(581)

114478(654)

114480(591)

114481(627)

114483(589)

114485(611)

114486(584)

114497(639)

114498(615)

114501(594)

114503(555)

114504(640)

114505(601)

114508(642)

114510(637)

114511(554)

114512(646)

114515(606)

114518(610)

114521(613)

114522(641)

114523(622)

114526(642)

114527(642)

114529(601)

114530(581)

114532(651)

114536(633)

114537(639)

114539(592)

114543(598)

114546(621)

114547(650)

114548(602)

114551(595)

114552(649)

114553(581)

114554(589)

114557(606)

114560(643)

114561(569)

114562(547+ 3)

114566(625)

114568(586)

114569(618)

114570(642)

114571(578)

114572(610)

114573(595)

114574(580)

114576(648)

114577(609)

114578(591)

114579(585)

114581(605)

114582(628)

114583(599)

114585(592)

114587(564)

114588(614)

114589(653)

114590(586)

114591(609)

114592(631)

114593(630)

114594(578)

114595(589)

114596(559)

114598(635)

114599(632)

114600(614)

114601(601)

114602(643)

114608(548+ 2)

114610(548+ 2)

114611(596)

114612(550)

114613(631)

114614(643)

114616(625)

114617(632)

114618(568)

114620(601)

114623(636)

114625(561)

114626(602)

114627(620)

114628(639)

114630(632)

114631(631)

114632(611)

114635(633)

114636(624)

114637(625)

114638(596)

114641(572)

114642(613)

114644(633)

114646(602)

114647(595)

114648(611)

114650(633)

114651(639)

114653(556)

114654(601)

114655(591)

114658(624)

114660(590)

114663(554)

114664(627)

114665(607)

114668(648)

114669(634)

114670(603)

114673(562)

114674(635)

114675(645)

114676(596)

114677(610)

114679(649)

114681(571)

114682(573)

114683(585)

114684(547+ 3)

114687(617)

114688(564)

114689(597)

114694(590)

114695(652)

114697(552)

114698(635)

146001(553)

146002(550)

146009(576)

146012(560)

146018(559)

146038(550)

146039(546+ 4)

146049(549+ 1)

146066(545+ 5)

146076(547+ 3)

***********

***********

Grade : C

68
Govt. Degree Science & Commerce College Landhi/Korangi
Grade : D
114413(533)

114415(513)

114419(533)

114423(537)

114443(533)

114446(536)

114450(462)

114463(479^ 1)

114465(535)

114475(505)

114489(517)

114491(467)

114492(527)

114499(508)

114555(495)

114558(521)

114559(526)

114563(506)

114565(544)

114575(529)

114584(532)

114606(521)

114621(540)

114624(516)

114634(451)

114643(521)

114652(523)

114656(530)

114667(525)

114671(491)

114672(512)

114680(528)

114690(500)

114692(512)

146004(457)

146008(488)

146013(482)

146014(439+ 1)

146015(472)

146017(542)

146019(439+ 1)

146022(475)

146024(446)

146025(475)

146026(449)

146029(522)

146030(510)

146031(449)

146032(467)

146035(501)

146036(515)

146037(484)

146040(469)

146041(509)

146042(450)

146043(496)

146044(504)

146045(495)

146046(475)

146047(466)

146048(438+ 2)

146051(462)

146052(471)

146053(509)

146054(510)

146055(487)

146058(469)

146059(478)

146060(460)

146063(460)

146064(501)

146065(466)

146067(472)

146068(496)

146070(459)

146073(475)

146074(510)

146075(494)

146078(495)

146079(488)

146081(477)

146082(472)

146083(471)

146087(487)

146088(452)

146091(440)

***********

***********

***********

***********

146010(427)

146061(433)

146062(413)

***********

***********

Grade : E
Govt. Degree Boys College Korangi 2-1/2
Grade : A-1
***********

***********

****NIL****

***********

***********

114832(802)

***********

***********

***********

***********

114942(686)

114951(684)

114956(672)

114957(686)

114963(742)

114990(715)

***********

***********

***********

***********

114822(613)

114824(596)

114825(651)

114836(629)

114851(562)

114855(604)

114860(560)

114878(581)

114927(585)

114974(576)

114980(577)

114993(583)

146321(557)

146328(598)

146332(602)

146363(607)

146399(617)

***********

***********

***********

114812(543)

114814(473)

114815(474)

114817(530)

114818(533)

114828(491)

114829(458^ 1)

114830(496)

114840(538)

114847(491)

114853(512)

114858(501)

114859(465)

114917(475)

114923(512)

114925(520)

114936(538)

114937(523)

114953(532^ 2)

114959(521)

114961(528)

114964(488)

114976(522)

114979(536)

114982(473)

146302(447^ 1)

146312(489)

146314(460^ 3)

146320(508)

146322(489)

146323(498)

146324(469^ 3)

146327(454)

146329(470)

146330(535)

146334(504)

146336(495)

146337(492)

146339(493)

146340(481)

Grade : A
Grade : B

Grade : C

Grade : D

69
Govt. Degree Boys College Korangi 2-1/2
146341(500)

146343(501)

146344(474)

146346(488)

146347(491)

146355(443)

146356(450)

146357(445)

146359(454)

146360(523)

146361(543)

146362(521)

146364(449)

146365(537)

146366(538)

146367(476)

146368(504)

146369(442)

146370(530)

146371(508)

146374(484)

146375(509)

146382(494)

146391(457)

146394(466)

146401(514)

146403(477)

146408(473)

***********

***********

146354(431)

146392(433)

146393(428^ 2)

***********

***********

Grade : E
Govt. Degree Boys College Ibrahim Hyderi
Grade : A-1
***********

***********

****NIL****

***********

***********

***********

***********

****NIL****

***********

***********

115157(676^ 2)

***********

***********

***********

***********

115151(580)

115154(547+ 3)

115155(587)

115159(636)

115163(550)

115164(558)

115165(608)

115166(609)

115168(556)

115170(552)

146512(576)

146520(626)

***********

***********

***********

115126(525^ 3)

115135(488)

115139(513^ 2)

115140(470)

115153(491)

115161(475)

115169(494)

115172(529)

115174(513)

115175(533)

146501(518)

146503(492)

146505(479)

146511(452)

146515(476)

146517(447)

146518(488)

146522(452)

146524(482)

***********

***********

***********

****NIL****

***********

***********

Grade : A
Grade : B
Grade : C

Grade : D

Grade : E
Govt. Comprehensive Boys Higher Sec. School Korangi 3
Grade : A-1
***********

***********

****NIL****

***********

***********

***********

***********

****NIL****

***********

***********

115269(701)

***********

***********

***********

***********

115296(592)

115297(555)

115305(558)

146661(549+ 1)

146670(625)

115272(523)

115304(483^ 2)

146662(459)

146672(477^ 3)

146680(455)

146681(441)

146683(525)

146684(445)

***********

***********

146665(424^ 1)

***********

***********

***********

***********

Grade : A
Grade : B
Grade : C
Grade : D

Grade : E
Govt. Boys/Girls Higher Secondary School No. 2 K-Area Korangi (Campus)
Grade : A-1
***********

***********

****NIL****

***********

***********

70
Govt. Boys/Girls Higher Secondary School No. 2 K-Area Korangi (Campus)
Grade : A
***********

***********

****NIL****

***********

***********

115466(657+ 3)

129351(750)

129363(657+ 3)

***********

***********

115459(624)

129344(613)

129354(628)

129362(576)

129364(602)

129365(548+ 2)

129368(628)

129375(584)

146753(621)

146760(569)

115453(542)

115457(484)

115458(501)

115460(461)

115469(526)

129350(517)

129360(482)

129361(539)

129372(533)

129376(454^ 3)

146756(509)

146757(460)

146759(489)

178903(461)

***********

***********

***********

****NIL****

***********

***********

Grade : B
Grade : C

Grade : D

Grade : E
SSAT Degree College
Grade : A-1
129420(879+ 1)

129421(903)

129424(892)

129427(890)

***********

115541(787)

115545(852)

129418(768+ 2)

129426(864)

129433(784)

129434(807)

***********

***********

***********

***********

115536(703)

115537(713)

115547(676)

129411(753)

129412(691)

129413(733)

129414(711)

129417(673)

129422(669)

129428(690)

129432(743)

146801(676)

***********

***********

***********

115531(581)

115533(549+ 1)

115535(551)

129419(588)

129423(591)

129431(589)

129436(548+ 2)

***********

***********

***********

115534(497)

115540(520)

115543(517)

129416(535)

129430(541)

***********

***********

****NIL****

***********

***********

Grade : A

Grade : B

Grade : C

Grade : D
Grade : E
Pak Askari Intermediate College
Grade : A-1
***********

***********

****NIL****

***********

***********

***********

***********

****NIL****

***********

***********

***********

***********

****NIL****

***********

***********

115562(567)

***********

***********

***********

***********

115563(501)

***********

***********

***********

***********

***********

***********

****NIL****

***********

***********

Grade : A
Grade : B
Grade : C
Grade : D
Grade : E

71
Hira Institute of Emerging Sciences (HIES) Intermediate (Evening Shift)
Grade : A-1
***********

***********

****NIL****

***********

***********

***********

***********

****NIL****

***********

***********

129467(718)

***********

***********

***********

***********

115582(581)

129464(596)

129465(592)

129466(607)

***********

115581(537)

115584(505)

***********

***********

***********

***********

***********

****NIL****

***********

***********

Grade : A
Grade : B
Grade : C
Grade : D
Grade : E
Guard Public College Korangi No. 2 1/2
Grade : A-1
***********

***********

****NIL****

***********

***********

129483(791)

129484(772)

***********

***********

***********

115594(709)

115595(709)

115596(674)

115597(683)

115598(762)

115599(668)

115600(697)

115601(665)

129481(675)

129482(693)

129485(726)

129487(711)

129488(707)

129489(673)

129490(685)

129491(718)

129492(749)

***********

***********

***********

115591(618)

115592(640)

115593(642)

129486(643)

179011(559)

146861(493)

***********

***********

***********

***********

146862(410)

***********

***********

***********

***********

Grade : A
Grade : B

Grade : C
Grade : D
Grade : E
Govt. Degree Boys College, 36-B Landhi 4
Grade : A-1
***********

***********

****NIL****

***********

***********

115706(840)

115736(776)

115739(768+ 2)

***********

***********

115703(671)

115705(740)

115707(698)

115713(731)

115715(686)

147541(735)

***********

***********

***********

***********

115701(562)

115704(651)

115708(592)

115709(602)

115716(594)

115729(547+ 3)

115743(578^ 1)

115744(611)

115749(550)

115755(571)

147505(622)

147507(563)

147510(547+ 3)

***********

***********

115710(531)

115711(539^ 1)

115714(447^ 3)

115717(505^ 3)

115718(485)

115719(489)

115720(504)

115721(450)

115722(480)

115727(479)

Grade : A
Grade : B

Grade : C

Grade : D

72
Govt. Degree Boys College, 36-B Landhi 4
115730(518)

115734(515)

115740(471)

115741(479)

115745(480)

115746(491)

115753(516)

115754(466)

115758(523)

147502(497)

147504(485)

147506(467)

147508(543)

147512(487)

147515(504)

147516(441^ 2)

147520(499)

147524(539)

147525(531)

147526(507)

147529(512)

147532(497)

147535(459)

147540(495)

147550(539)

147551(466)

147552(468^ 3)

147554(524)

147555(471)

***********

115747(428^ 3)

147533(429)

***********

***********

***********

Grade : E
Govt. Degree Boys College Quaidabad
Grade : A-1
***********

***********

****NIL****

***********

***********

***********

***********

****NIL****

***********

***********

***********

***********

****NIL****

***********

***********

***********

***********

****NIL****

***********

***********

147706(536)

147712(490)

***********

***********

***********

***********

***********

****NIL****

***********

***********

Grade : A
Grade : B
Grade : C
Grade : D
Grade : E
R.J Memorial Higher Secondary School
Grade : A-1
***********

***********

****NIL****

***********

***********

130051(802)

***********

***********

***********

***********

***********

***********

****NIL****

***********

***********

116222(548+ 2)

***********

***********

***********

***********

116221(536)

***********

***********

***********

***********

***********

***********

****NIL****

***********

***********

Grade : A
Grade : B
Grade : C
Grade : D
Grade : E
Jamia Baitussalam College (Intermediate)
Grade : A-1
***********

***********

****NIL****

***********

***********

116301(776)

116303(839)

116306(841)

116307(776)

***********

116302(736)

***********

***********

***********

***********

116304(644)

116308(602)

116309(552)

148006(628)

***********

Grade : A
Grade : B
Grade : C

73
Jamia Baitussalam College (Intermediate)
Grade : D
148003(536)

148004(512)

***********

***********

***********

***********

***********

****NIL****

***********

***********

Grade : E
Concordia College (Gulshan-e-Hadeed Campus)
Grade : A-1
130172(900)

***********

***********

***********

***********

130171(806)

130173(871)

130174(846)

***********

***********

116311(657+ 3)

116314(690)

116315(676)

130175(712)

***********

116312(625)

116313(637)

116316(612)

***********

***********

***********

***********

****NIL****

***********

***********

***********

***********

****NIL****

***********

***********

Grade : A
Grade : B
Grade : C
Grade : D
Grade : E
Govt. Degree College, Konkar Village, Gadap
Grade : A-1
***********

***********

****NIL****

***********

***********

116351(767+ 3)

130251(864)

130253(774)

130254(823)

130255(832)

***********

***********

****NIL****

***********

***********

116355(554)

***********

***********

***********

***********

116353(542)

116356(527)

116357(540)

116360(509)

148501(502)

***********

***********

****NIL****

***********

***********

Grade : A
Grade : B
Grade : C
Grade : D
Grade : E
Govt. Degree Boys College Gulzar-e-Hijri
Grade : A-1
116387(908)

***********

***********

***********

***********

116430(822)

116441(802)

116446(792)

116448(767+ 3)

116452(826)

116457(837)

116461(793)

116463(789)

116467(788)

116468(776)

116374(733)

116386(679)

116418(699)

116421(658+ 2)

116425(682)

116444(726)

116449(683)

116451(724)

116454(655+ 5)

116456(734)

116458(719)

116460(690)

116462(735)

116464(696)

116469(716)

116470(672)

116472(683)

116473(762)

116486(659+ 1)

116488(672)

116490(745)

***********

***********

***********

***********

Grade : A

Grade : B

74
Govt. Degree Boys College Gulzar-e-Hijri
Grade : C
116372(562)

116377(559)

116381(546+ 4)

116383(604)

116384(563)

116385(556)

116393(564)

116395(561)

116396(614)

116404(609)

116407(559)

116409(625)

116411(557^ 3)

116415(653)

116417(652)

116420(600)

116422(568)

116424(567)

116427(615)

116431(628)

116437(560)

116438(584)

116440(644)

116442(570)

116445(589)

116447(651)

116459(654)

116481(598)

116482(626)

116485(654)

116493(612)

116494(632)

***********

***********

***********

116371(450)

116378(516)

116380(540)

116382(486^ 3)

116388(520)

116389(538)

116392(506)

116397(466)

116403(520^ 3)

116406(519)

116408(496)

116419(497^ 3)

116428(541)

116434(529)

116435(509)

116439(537)

116453(488)

116471(482)

116499(533)

148575(475)

148580(468)

148584(514)

148587(531)

148588(491)

148589(450)

148592(449)

148598(467)

148599(491)

148600(525)

148601(475)

148603(540)

148604(445)

148607(498)

***********

***********

148577(418)

148586(421)

148594(418)

***********

***********

Grade : D

Grade : E
Al-Beroni Intermediate College, Ahsanabad
Grade : A-1
***********

***********

****NIL****

***********

***********

***********

***********

****NIL****

***********

***********

116561(749)

116562(694)

***********

***********

***********

116558(651)

116559(587)

116560(552)

116563(606)

116564(599)

116565(611)

***********

***********

***********

***********

116553(529)

116554(483)

116555(534)

116557(438+ 2)

***********

116552(422^ 3)

116556(419)

***********

***********

***********

Grade : A
Grade : B
Grade : C

Grade : D
Grade : E
Noor-e-Hamza Islamic College
Grade : A-1
116582(899)

116591(875+ 5)

***********

***********

***********

116571(787)

116574(801)

116576(768+ 2)

116577(809)

116581(798)

116583(822)

116584(848)

116585(822)

116586(799)

116587(822)

116588(873)

116589(819)

116590(780)

148721(843)

148722(829)

116573(755)

116575(738)

116578(695)

116579(749)

116580(754)

148723(754)

***********

***********

***********

***********

Grade : A

Grade : B

75
Noor-e-Hamza Islamic College
Grade : C
***********

***********

****NIL****

***********

***********

***********

***********

****NIL****

***********

***********

***********

***********

****NIL****

***********

***********

Grade : D
Grade : E
Kingston Islamic Higher Secondary Main Usmania Road, Bahria Town
Grade : A-1
***********

***********

****NIL****

***********

***********

***********

***********

****NIL****

***********

***********

***********

***********

****NIL****

***********

***********

116601(547+ 3)

116602(569)

***********

***********

***********

***********

***********

****NIL****

***********

***********

***********

***********

****NIL****

***********

***********

Grade : A
Grade : B
Grade : C
Grade : D
Grade : E
Commander Schooling System & College (Higher Secondary) Bahria Town
Grade : A-1
***********

***********

****NIL****

***********

***********

***********

***********

****NIL****

***********

***********

116611(702)

***********

***********

***********

***********

***********

***********

****NIL****

***********

***********

116613(521)

***********

***********

***********

***********

***********

***********

****NIL****

***********

***********

Grade : A
Grade : B
Grade : C
Grade : D
Grade : E
Quaid-e-Azam Rangers School & College, Super Highway
Grade : A-1
***********

***********

****NIL****

***********

***********

130492(766+ 4)

130493(774)

***********

***********

***********

116622(762)

116624(740)

130491(730)

***********

***********

116625(630)

***********

***********

***********

***********

116623(480)

116627(485)

116629(499)

116631(540)

116633(518)

Grade : A
Grade : B
Grade : C
Grade : D

76
Quaid-e-Azam Rangers School & College, Super Highway
Grade : E
***********

***********

****NIL****

***********

***********

Govt. College For Women New Karachi 11-F
Grade : A-1
***********

***********

****NIL****

***********

***********

***********

***********

****NIL****

***********

***********

117008(690)

117023(667)

117024(691)

117059(715)

***********

117001(593)

117002(561)

117005(558)

117006(652)

117007(640)

117009(629)

117012(631)

117014(652)

117026(628)

117027(624)

117030(571)

117055(613)

117057(570)

117061(583)

117072(627)

117083(560)

***********

***********

***********

***********

117038(528)

117041(475^ 3)

117043(523)

117048(522)

117051(474)

117066(508)

117078(467)

117082(495)

161003(512)

161005(469)

161006(504)

161007(513)

161008(459)

161011(441)

161013(435+ 5)

161014(526)

161019(534)

161021(459)

161023(436+ 4)

161024(441)

161027(458)

***********

***********

***********

***********

161018(412)

161022(430)

***********

***********

***********

Grade : A
Grade : B
Grade : C

Grade : D

Grade : E
Govt. Degree Girls College, Surjani Town
Grade : A-1
***********

***********

****NIL****

***********

***********

117145(846)

117153(769+ 1)

117169(767+ 3)

***********

***********

117152(676)

***********

***********

***********

***********

117161(559)

117165(635)

117167(596)

161112(554)

161114(558)

117143(506)

117144(472)

117149(481)

117151(468)

117157(517)

117166(476)

117168(500)

117171(456^ 1)

161102(486)

161103(501)

161104(525)

161108(498)

161113(539)

161115(482)

161116(499)

161107(418^ 3)

161117(416)

***********

***********

***********

Grade : A
Grade : B
Grade : C
Grade : D

Grade : E
Govt. Degree Girls College Sector 11-B North Karachi
Grade : A-1
117532(901)

***********

***********

***********

***********

117215(773)

117233(849)

117252(839)

117256(783)

117286(808)

117314(777)

117326(817)

117338(815)

117375(799)

117413(772)

Grade : A

77
Govt. Degree Girls College Sector 11-B North Karachi
117500(789)

***********

***********

***********

***********

117213(719)

117214(702)

117229(660)

117234(764)

117244(728)

117245(706)

117248(696)

117251(664)

117261(734)

117262(699)

117263(656+ 4)

117271(717)

117280(684)

117283(755)

117284(685)

117292(743)

117293(702)

117295(682)

117296(688)

117298(692)

117305(715)

117315(734)

117321(660)

117325(711)

117334(699)

117336(730)

117342(742)

117346(675)

117348(688)

117365(723)

117371(678)

117381(662)

117398(667)

117399(704)

117401(706)

117420(655+ 5)

117433(692)

117443(684)

117458(756)

117467(718)

117469(657+ 3)

117477(720)

117488(681)

117514(746)

117516(666)

117517(742)

117518(670)

161199(673)

***********

***********

117206(569)

117211(606)

117219(601)

117220(580)

117221(613)

117222(634)

117226(593^ 1)

117242(569)

117243(593)

117249(613)

117254(556)

117264(617)

117266(637)

117268(582)

117269(597)

117274(638)

117281(640)

117285(653)

117297(626)

117300(645)

117301(572)

117310(572)

117313(625)

117317(619)

117318(585)

117319(594)

117327(624)

117328(610)

117329(550)

117332(560)

117335(568)

117339(610)

117343(577)

117344(592)

117352(558)

117354(554)

117355(587)

117357(654)

117364(588)

117366(588)

117368(555)

117369(573)

117372(575)

117373(577)

117380(638)

117384(601)

117386(555)

117391(651)

117392(626)

117404(604)

117406(570)

117407(582)

117408(625)

117409(553)

117410(594)

117414(595)

117415(592)

117419(621)

117425(621)

117431(608)

117434(566)

117435(618)

117445(641)

117446(585)

117447(573)

117456(580)

117463(595)

117468(550)

117479(584)

117484(607)

117501(607)

117502(564)

117505(633)

117509(592)

117510(622)

117512(634)

117513(586)

117515(549+ 1)

117537(547+ 3)

117539(582)

117541(593)

161151(580)

161163(548+ 2)

161180(626)

161194(582)

161198(591)

***********

***********

***********

***********

117202(512)

117216(456)

117224(463)

117230(494)

117241(539)

117265(481)

117275(529)

117278(536)

117302(488^ 1)

117306(544)

117308(504^ 3)

117331(524)

117345(525^ 1)

117349(506)

117351(521)

117356(518)

117374(515)

117382(507)

117397(470)

117400(493)

117417(535)

117426(534)

117427(488)

117430(486)

117439(534)

117441(515)

117451(461)

117464(503)

117466(490)

117475(455)

117507(507)

117529(525)

117535(513)

161157(450)

161161(489)

161165(530)

161166(520)

161167(440)

161168(476)

161170(536)

161173(437+ 3)

161179(435+ 5)

161186(544)

161189(504)

161196(467)

117276(433^ 3)

161177(424)

161187(432)

***********

***********

Grade : B

Grade : C

Grade : D

Grade : E

78
Govt. Degree Girls College Sector 11-I, North Karachi
Grade : A-1
***********

***********

****NIL****

***********

***********

117630(777)

117638(793)

117639(837)

117642(798)

117646(827)

117663(800)

117675(811)

117680(773)

117711(848)

117712(788)

117716(809)

117741(807)

117747(779)

117752(775)

117758(874)

117763(767+ 3)

117764(775)

117772(812)

117781(782)

117806(802)

117628(686)

117629(684)

117640(655+ 5)

117641(696)

117643(759)

117644(712)

117645(692)

117647(666)

117654(656+ 4)

117655(757)

117658(656+ 4)

117659(719)

117662(695)

117664(737)

117666(738)

117670(675)

117672(760)

117673(755)

117674(695)

117684(719)

117685(685)

117691(683)

117700(750)

117705(754)

117713(698)

117718(715)

117730(673)

117731(713)

117734(676)

117737(664)

117738(671)

117739(714)

117745(659+ 1)

117746(684)

117757(701)

117761(751)

117762(739)

117767(719)

117773(760)

117783(729)

117786(704)

117791(691)

117792(692)

117794(702)

***********

117621(577)

117624(642)

117625(568)

117631(605)

117648(551)

117649(625)

117653(632)

117661(633)

117665(616)

117667(581)

117668(634)

117671(570)

117676(649)

117677(586)

117681(650)

117683(638)

117687(548+ 2)

117692(581)

117701(593)

117702(597)

117703(618)

117706(624)

117717(609)

117719(601)

117720(584)

117726(636)

117728(641)

117729(568)

117736(616)

117740(617)

117749(553)

117751(613)

117753(647)

117768(610)

117774(626)

117778(639)

117780(625)

117782(587)

117787(548+ 2)

117790(641)

117796(571)

117800(568)

117805(602)

161402(546+ 4)

161421(582)

161422(588)

161450(612)

161451(550)

***********

***********

117627(480)

117632(480)

117633(503)

117635(499)

117636(448)

117650(500)

117651(518)

117652(473)

117669(531)

117686(491)

117688(496)

117695(537)

117696(451)

117698(514)

117704(539)

117707(466^ 2)

117714(518^ 1)

117715(489)

117721(530)

117724(479)

117727(472)

117732(521)

117743(486)

117750(541)

117754(528)

117756(526)

117759(498)

117760(527)

117779(514)

117788(539)

117793(491)

117795(525)

117797(485)

117802(534)

117803(537)

117804(519)

161410(491)

161419(542)

161420(465)

161428(445)

161429(478)

161431(458)

161432(450)

161434(465)

161435(455)

161441(481)

161446(465)

161453(491)

***********

***********

117798(422)

161416(419^ 5)

161423(413)

161427(430)

***********

Grade : A

Grade : B

Grade : C

Grade : D

Grade : E

79
Abdullah Govt. College For Women North Nazimabad
Grade : A-1
***********

***********

****NIL****

***********

***********

118024(776)

118026(787)

***********

***********

***********

118028(668)

118037(680)

118038(687)

118049(666)

118060(694)

118063(702)

118083(701)

118100(663)

***********

***********

118002(599)

118007(640)

118009(644)

118011(642)

118021(618)

118030(583)

118031(642)

118050(632)

118054(624)

118055(635)

118057(625)

118061(629)

118064(576)

118067(652)

118069(632)

118073(568)

118076(558)

118081(590)

118091(562)

118097(584)

118104(610)

118108(564)

162007(577)

***********

***********

118004(538)

118005(464^ 2)

118008(507)

118012(520)

118019(528)

118025(493)

118035(538)

118043(544)

118044(534)

118045(517)

118047(506)

118070(495)

118074(503)

118078(533)

118096(498)

118101(463)

118107(508)

162001(504)

162005(488)

162006(512)

162009(476)

162012(499)

162013(435+ 5)

162017(448)

162018(493)

162014(422^ 2)

***********

***********

***********

***********

Grade : A
Grade : B

Grade : C

Grade : D

Grade : E
Govt. Degree College For Women Block-M, North Nazimabad
Grade : A-1
118190(940)

118273(886)

118291(880)

***********

***********

118174(825)

118175(769+ 1)

118180(798)

118193(827)

118194(791)

118201(798)

118204(817)

118221(858)

118224(809)

118243(789)

118244(796)

118271(770)

118274(770)

118281(784)

118290(779)

118293(828)

***********

***********

***********

***********

118171(662)

118173(759)

118176(738)

118177(702)

118178(723)

118179(733)

118188(729)

118191(728)

118192(734)

118195(718)

118197(715)

118202(722)

118206(754)

118210(664)

118216(738)

118217(728)

118219(726)

118222(696)

118223(723)

118230(709)

118232(756)

118233(709)

118234(727)

118235(663)

118252(739)

118261(748)

118267(697)

118269(729)

118270(726)

118276(691)

118279(655+ 5)

118280(670)

118283(726)

118292(658+ 2)

118295(761)

118181(644)

118182(589)

118189(550)

118196(603)

118198(570)

118208(610)

118214(582)

118215(549+ 1)

118218(629)

118220(654)

118226(650)

118227(577)

118228(648)

118229(604)

118231(625)

118245(624)

118250(646)

118253(580)

118256(563)

118259(651)

118260(644)

118263(550)

118264(618)

118265(607)

118272(644)

Grade : A

Grade : B

Grade : C

80
Govt. Degree College For Women Block-M, North Nazimabad
118275(602)

118277(606)

118282(630)

118287(653)

118288(627)

118297(564)

118298(648)

162103(581)

162114(576)

162148(647)

118185(481)

118187(527)

118200(507)

118203(494)

118213(527)

118257(520)

162105(445)

162107(485)

162109(502)

162115(516)

162122(469)

162127(506)

162130(501)

162137(523)

162145(470)

162128(432)

162131(429)

162133(415^ 3)

162135(433)

***********

Grade : D

Grade : E
Govt. Degree Girls College Buffer Zone
Grade : A-1
118341(912)

***********

***********

***********

***********

118337(850)

118338(846)

118340(848)

118355(819)

118387(781)

118394(796)

118414(769+ 1)

118423(822)

118430(775)

118433(770)

118438(793)

118450(854)

***********

***********

***********

118334(726)

118336(678)

118343(683)

118345(670)

118346(728)

118349(721)

118357(713)

118358(707)

118360(659+ 1)

118364(698)

118367(715)

118370(733)

118378(750)

118379(662)

118381(701)

118393(659+ 1)

118397(734)

118401(666)

118404(692)

118406(681)

118408(700)

118412(708)

118413(698)

118417(740)

118421(744)

118422(744)

118424(736)

118426(676)

118428(725)

118429(737)

118434(691)

118435(666)

118436(694)

118437(730)

118455(667)

118456(701)

118459(671)

118463(696)

162252(691)

***********

118331(635)

118333(607)

118344(639)

118347(567)

118348(618)

118350(566^ 1)

118352(619)

118354(629)

118356(600)

118365(618)

118368(652)

118377(636)

118392(626)

118398(591^ 2)

118403(618)

118407(615)

118409(579)

118410(567)

118411(554)

118418(596)

118425(648)

118427(630)

118431(596)

118444(641)

118447(574)

118449(553)

118452(607)

118453(597)

118458(570)

118466(640)

162212(646)

162233(627)

162264(567)

162265(620)

***********

118371(535)

118374(497)

118448(522)

118454(530)

162201(471)

162202(531)

162209(506)

162210(456)

162214(442)

162221(526)

162223(481)

162232(521)

162240(447)

162243(451)

162245(498)

162246(490)

162248(444)

162249(494)

162261(488)

***********

162213(405^ 2)

162222(426)

162226(403)

162235(412)

162244(434)

162256(408)

162263(432)

***********

***********

***********

Grade : A

Grade : B

Grade : C

Grade : D

Grade : E

Govt. Girls Sc./Comm. College Block K, North Nazimabad
Grade : A-1
***********

***********

****NIL****

***********

***********

81
Govt. Girls Sc./Comm. College Block K, North Nazimabad
Grade : A
***********

***********

****NIL****

***********

***********

118493(699)

118500(711)

118502(703)

***********

***********

118504(596)

118514(585)

118516(578)

118528(609)

***********

118503(479)

118530(511)

162354(491)

162362(511)

162363(515)

162368(540)

162370(525)

***********

***********

***********

162371(423)

162373(412)

162375(433)

***********

***********

Grade : B
Grade : C
Grade : D

Grade : E
Govt. Premier College for Women, North Nazimabad
Grade : A-1
118589(933)

118752(899)

118796(889)

118806(908)

***********

118575(857)

118579(813)

118588(774)

118601(873)

118602(861)

118611(813)

118617(769+ 1)

118619(789)

118623(784)

118625(830)

118628(802)

118635(802)

118641(850)

118645(795)

118649(804)

118651(829)

118661(830)

118702(797)

118705(812)

118708(815)

118711(795)

118725(788)

118729(809)

118736(765+ 5)

118745(862)

118774(872)

118775(805)

118778(827)

118780(788)

118783(867)

118791(789)

118794(873)

118802(798)

118812(784)

118816(857)

118821(800)

118843(811)

118847(858)

118853(771)

118863(853)

118581(679)

118584(677)

118585(740)

118590(745)

118598(669)

118599(745)

118603(707)

118608(701)

118610(743)

118618(739)

118633(682)

118636(662)

118642(743)

118643(734)

118646(722)

118652(671)

118657(716)

118658(755)

118660(660)

118681(761)

118693(742)

118694(700)

118701(746)

118703(681)

118712(662)

118714(710)

118718(683)

118721(675)

118724(755)

118726(661)

118727(662)

118730(730)

118740(757)

118742(721)

118746(701)

118749(708)

118753(660)

118759(722)

118760(660)

118766(658+ 2)

118767(724)

118777(748)

118781(744)

118784(756)

118785(698)

118787(669)

118795(734)

118803(696)

118814(665)

118817(731)

118828(731)

118831(713)

118833(764)

118836(693)

118838(756)

118844(714)

118848(753)

118850(700)

118856(732)

118860(749)

118862(760)

118865(754)

118868(709)

118873(664)

118883(740)

118894(732)

118895(743)

162461(740)

162464(707)

***********

118571(652)

118577(630)

118578(624)

118583(622)

118592(562)

118600(575)

118605(619)

118607(620)

118616(572)

118620(569)

118621(552)

118626(600)

118639(639)

118640(607)

118644(646)

118648(593)

118667(649)

118668(545+ 5)

118672(625)

118673(597)

Grade : A

Grade : B

Grade : C

82
Govt. Premier College for Women, North Nazimabad
118675(583)

118684(640)

118688(636)

118706(590)

118707(588)

118710(583)

118723(637)

118732(554)

118733(618)

118741(602)

118748(582)

118755(607)

118756(599)

118762(571)

118763(552)

118771(595)

118773(615)

118782(576)

118793(549+ 1)

118798(554)

118809(585)

118811(650)

118820(637)

118823(623)

118832(622)

118835(594)

118842(550)

118846(635)

118857(609)

118861(586)

118870(572)

118871(595)

118872(595)

118880(577)

118882(635)

162466(547+ 3)

162487(581)

162493(619)

162510(575)

162523(608)

162534(563)

***********

***********

***********

***********

118609(505)

118630(527)

118647(532)

118653(525)

118680(447^ 3)

118687(513^ 2)

118689(491)

118690(518)

118704(487)

118709(499)

118720(499)

118737(525)

118739(484)

118743(511)

118747(504)

118761(519)

118799(529)

118800(492)

118801(473^ 3)

118808(526)

118824(483)

118841(498)

118852(517)

118864(499)

118867(543)

118874(521)

118888(467)

162451(527^ 1)

162457(455)

162463(517)

162465(500)

162467(475)

162475(484)

162476(462)

162480(442)

162482(445)

162486(508)

162488(454^ 4)

162489(540)

162490(487)

162492(457)

162496(523)

162497(454)

162499(436+ 4)

162501(521)

162504(477)

162505(458)

162506(473)

162507(468)

162508(456)

162509(510)

162514(491)

162516(537)

162518(468)

162524(473)

162525(476)

162533(529)

***********

***********

***********

118757(430)

162462(416)

162474(420)

162483(413)

162484(395)

162529(424)

***********

***********

***********

***********

Grade : D

Grade : E

Govt. Girls Comprehensive Higher Sec. School Block M, N. Nazimabad
Grade : A-1
***********

***********

****NIL****

***********

***********

119042(803)

***********

***********

***********

***********

119013(752)

119019(759)

119035(736)

***********

***********

119011(652)

119015(556)

119016(570)

119020(578)

119034(596)

119039(603)

119041(619)

119048(602)

119055(601)

162704(547+ 3)

119001(438+ 2)

119003(542)

119007(541^ 1)

119017(493)

119029(544)

119049(508)

119058(487)

119060(480)

119061(531)

162705(527)

119045(424)

119056(416)

162701(426)

***********

***********

Grade : A
Grade : B
Grade : C

Grade : D

Grade : E
Govt. Girls Degree College, Block-N, North Nazimabad
Grade : A-1
***********

***********

****NIL****

***********

***********

83
Govt. Girls Degree College, Block-N, North Nazimabad
Grade : A
***********

***********

****NIL****

***********

***********

119095(661)

119110(762)

119129(693)

***********

***********

119094(547+ 3)

119111(597)

119115(571)

***********

***********

119104(447)

119107(440)

***********

***********

***********

***********

***********

****NIL****

***********

***********

Grade : B
Grade : C
Grade : D
Grade : E
Govt. Girls Degree College Sector 11, Orangi Town
Grade : A-1
119207(911)

***********

***********

***********

***********

119202(776)

119209(841)

119211(770)

119219(805)

119226(829)

119236(821)

***********

***********

***********

***********

119206(667)

119233(692)

119238(695)

119239(670)

119240(667)

119201(552)

119225(647)

119230(602)

***********

***********

119208(502)

119212(537)

119227(507)

163012(457)

***********

163009(429)

163011(433)

***********

***********

***********

Grade : A

Grade : B
Grade : C
Grade : D
Grade : E
Govt. Inter Sc./Arts/Comm. College Orangi Town Sector 15-C
Grade : A-1
***********

***********

****NIL****

***********

***********

119344(827)

***********

***********

***********

***********

119275(694)

119295(659+ 1)

119303(655+ 5)

119320(751)

163101(666)

163118(685)

***********

***********

***********

***********

119266(639)

119269(640)

119272(568)

119274(552)

119276(619)

119277(630)

119284(559)

119286(613)

119297(573)

119305(561^ 1)

119334(599)

119337(563)

163105(565)

163117(565)

***********

119270(514^ 1)

119273(491)

119288(448)

119294(465)

119304(447^ 3)

119308(515)

119317(524)

119328(514)

119357(510^ 1)

119358(476^ 3)

119365(418)

***********

***********

***********

***********

Grade : A
Grade : B

Grade : C

Grade : D

Grade : E

84
Govt. Girls Degree Sc./Arts College Orangi Town Sector 11-1/2
Grade : A-1
***********

***********

****NIL****

***********

***********

***********

***********

****NIL****

***********

***********

***********

***********

****NIL****

***********

***********

***********

***********

****NIL****

***********

***********

***********

***********

****NIL****

***********

***********

***********

***********

****NIL****

***********

***********

Grade : A
Grade : B
Grade : C
Grade : D
Grade : E
Govt. Degree Girls College, 7-C, Orangi Town
Grade : A-1
***********

***********

****NIL****

***********

***********

119474(783)

119485(805)

***********

***********

***********

119452(671)

119470(694)

119478(681)

119496(719)

***********

119451(592)

119463(625)

119467(645)

119479(608)

119482(636)

119486(561)

119491(567)

119492(612)

119494(636)

119495(634)

119456(460)

119480(509)

119483(520)

119484(506)

119493(522)

119500(538)

163315(500)

***********

***********

***********

***********

***********

****NIL****

***********

***********

Grade : A
Grade : B
Grade : C

Grade : D

Grade : E
Govt. Degree Science & Arts College For Women Baldia Town
Grade : A-1
***********

***********

****NIL****

***********

***********

***********

***********

****NIL****

***********

***********

119563(717)

***********

***********

***********

***********

119552(556)

119561(561)

119562(573)

***********

***********

163902(537)

163906(527)

163907(507)

163908(437+ 3)

163914(463)

163909(433)

***********

***********

***********

***********

Grade : A
Grade : B
Grade : C
Grade : D
Grade : E
The Graceful Higher Secondary School
Grade : A-1
***********

***********

****NIL****

***********

***********

85
The Graceful Higher Secondary School
Grade : A
***********

***********

****NIL****

***********

***********

119641(731)

119642(726)

119643(664)

119645(732)

***********

119644(631)

***********

***********

***********

***********

***********

***********

****NIL****

***********

***********

***********

***********

****NIL****

***********

***********

Grade : B
Grade : C
Grade : D
Grade : E
Govt. Degree Girls College, Metrovill, S.I.T.E.
Grade : A-1
***********

***********

****NIL****

***********

***********

***********

***********

****NIL****

***********

***********

119707(671)

119708(704)

***********

***********

***********

119703(634)

164503(569)

***********

***********

***********

164501(475)

***********

***********

***********

***********

***********

***********

****NIL****

***********

***********

Grade : A
Grade : B
Grade : C
Grade : D
Grade : E
Govt. Girls Degree College Qasba Colony
Grade : A-1
***********

***********

****NIL****

***********

***********

***********

***********

****NIL****

***********

***********

***********

***********

****NIL****

***********

***********

***********

***********

****NIL****

***********

***********

***********

***********

****NIL****

***********

***********

***********

***********

****NIL****

***********

***********

Grade : A
Grade : B
Grade : C
Grade : D
Grade : E
APWA Govt. College for Women Karimabad
Grade : A-1
***********

***********

****NIL****

***********

***********

119760(780)

119828(806)

119857(810)

119858(791)

***********

119757(656+ 4)

119763(716)

119768(656+ 4)

119774(675)

119781(676)

Grade : A
Grade : B

86
APWA Govt. College for Women Karimabad
119783(728)

119795(743)

119809(761)

119812(696)

119814(688)

119815(662)

119818(695)

119823(678)

119825(682)

119827(756)

119829(672)

119839(757)

119841(663)

119842(698)

119844(682)

119846(737)

119848(687)

119852(661)

119853(662)

119859(718)

119860(740)

119872(691)

119877(660)

***********

***********

119753(558)

119755(595)

119775(654)

119779(625)

119780(637)

119790(638)

119799(583)

119804(598)

119810(589)

119821(653)

119830(644)

119831(622)

119832(648)

119837(572)

119838(608)

119840(607)

119843(641)

119847(643)

119849(598)

119851(615)

119854(570)

119855(563)

119856(609)

119865(610)

119866(613)

119869(645)

119870(597)

119871(628)

119873(618)

119876(623)

119884(639)

119885(619)

165003(551)

165006(587)

165030(579)

165040(649)

***********

***********

***********

***********

119805(538)

119813(502)

119835(516)

119845(508)

119850(470)

119862(516)

119863(527)

119868(520)

119874(510)

119878(526)

119880(501)

119882(541)

165013(467^ 3)

165017(519)

165022(467)

165029(469)

165032(501)

165033(465)

165036(507)

165038(438+ 2)

***********

***********

****NIL****

***********

***********

Grade : C

Grade : D

Grade : E
Govt. Science & Commerce College for Women, Block 16 F.B.Area
Grade : A-1
120090(905)

***********

***********

***********

***********

119965(776)

119974(807)

119990(828)

119996(775)

120009(776)

120020(851)

120027(784)

120038(792)

120130(789)

120149(818)

120178(780)

120209(838)

120222(778)

120224(800)

120225(793)

120229(874)

120245(844)

120260(798)

120273(785)

120274(837)

119945(735)

119947(682)

119949(680)

119956(728)

119957(694)

119958(742)

119964(702)

119972(700)

119973(702)

119976(670)

119982(661)

119999(694)

120003(666)

120019(760)

120023(695)

120025(682)

120042(723)

120046(666)

120047(745)

120051(676)

120057(736)

120058(691)

120060(726)

120061(755)

120064(670)

120065(755)

120069(696)

120075(699)

120078(744)

120079(672)

120082(755)

120089(655+ 5)

120102(677)

120109(686)

120124(690)

120126(695)

120127(741)

120128(762)

120131(711)

120132(695)

120134(675)

120137(688)

120140(680)

120142(739)

120145(656+ 4)

120151(713)

120152(696)

120153(712)

120154(688)

120155(720)

120167(715)

120168(664)

120169(682)

120170(657+ 3)

120172(657+ 3)

120173(670)

120174(756)

120177(741)

120181(702)

120185(740)

120186(744)

120193(675)

120194(701)

120195(751)

120200(686)

Grade : A

Grade : B

87
Govt. Science & Commerce College for Women, Block 16 F.B.Area
120202(717)

120205(705)

120210(747)

120215(661)

120217(721)

120226(675)

120228(715)

120234(726)

120236(710)

120238(715)

120243(713)

120244(663)

120246(688)

120248(681)

120258(671)

120264(664)

120266(659+ 1)

120268(697)

120269(675)

120285(705)

120286(661)

***********

***********

***********

***********

119942(605)

119950(641)

119951(548+ 2)

119954(590)

119959(549+ 1)

119961(589)

119962(570)

119966(595)

119968(562)

119970(556)

119975(563)

119977(595)

119979(630)

119986(596)

119987(617)

119988(584)

119989(565)

119991(654)

119998(577)

120001(646)

120007(606)

120012(650)

120014(583)

120015(620)

120016(546+ 4)

120017(590)

120022(627)

120024(646)

120026(645)

120030(560)

120032(633)

120034(597)

120035(555)

120036(547+ 3)

120040(621)

120041(578)

120044(631)

120045(653)

120048(641)

120049(585)

120055(624)

120056(646)

120070(637)

120071(609)

120073(610)

120074(643)

120076(601)

120081(653)

120083(557)

120085(584^ 1)

120087(626)

120088(569)

120094(642)

120095(609)

120096(548+ 2)

120099(625)

120100(591)

120101(639)

120105(605)

120107(574)

120108(605)

120116(592)

120117(585)

120120(565)

120121(650)

120123(588)

120135(579)

120138(643)

120143(588)

120147(583)

120157(649)

120158(596)

120159(595)

120164(615)

120165(650)

120166(588)

120175(559)

120179(643)

120180(651)

120183(579)

120184(637)

120189(635)

120190(577)

120191(579)

120196(634)

120199(579)

120201(567)

120204(570)

120206(546+ 4)

120211(637)

120212(579)

120213(550)

120214(623)

120223(599)

120227(566)

120232(593)

120235(645)

120237(609)

120249(644)

120250(650)

120251(593)

120252(630)

120253(634)

120254(582)

120257(568)

120259(607)

120261(597)

120263(594)

120265(595)

120270(587)

120275(555)

120278(555)

120279(598)

165320(585)

***********

119943(528)

119946(531)

119952(508^ 3)

119960(536^ 3)

119981(514)

119984(528)

119993(523)

119994(503)

119995(466)

120031(541)

120033(458^ 6)

120050(486)

120052(532)

120053(501^ 3)

120059(519)

120062(526)

120067(507)

120068(459)

120077(543)

120093(544)

120098(533^ 2)

120106(536)

120111(445^ 2)

120113(440^ 3)

120118(481)

120122(538)

120129(501)

120136(516)

120141(511)

120144(493)

120162(486)

120171(496)

120176(489)

120182(496)

120187(534)

120192(502)

120203(497)

120216(516^ 1)

120242(538)

120262(530)

120272(480)

120276(536)

120281(523)

120282(452)

120284(526)

120290(529)

165302(515)

165306(473)

165311(452)

165317(515)

165323(503)

165333(478)

165339(454)

165341(504)

165352(543)

165358(542)

165361(505)

165362(526)

165363(544)

165364(463)

165368(465)

165370(459)

***********

***********

***********

Grade : C

Grade : D

88
Govt. Science & Commerce College for Women, Block 16 F.B.Area
Grade : E
119978(423)

120197(397)

165315(420)

165338(427)

***********

Govt. Girls Degree College Al-Noor F.B. Area
Grade : A-1
120331(876+ 4)

120342(897)

***********

***********

***********

120333(789)

120375(815)

***********

***********

***********

120330(693)

120339(698)

120353(737)

120357(660)

***********

120323(562)

120325(567)

120326(581)

120329(617)

120340(641)

120346(552)

120347(594)

120349(581)

120354(549+ 1)

120358(651)

120361(612)

120365(580)

120368(550)

120370(599)

120371(611)

120372(585)

120379(569)

***********

***********

***********

120321(489)

120335(541)

120336(524)

120344(466^ 2)

120351(445)

120360(519)

120362(501)

120363(473)

120376(533)

165552(439+ 1)

165553(527)

165556(469)

165557(459)

165565(511)

165568(480)

165571(494)

***********

***********

***********

***********

165554(379^ 6)

165563(408^ 3)

***********

***********

***********

Grade : A
Grade : B
Grade : C

Grade : D

Grade : E
Shaheed-e-Millat Govt. Degree College for Women Azizabad
Grade : A-1
120451(893)

120457(895)

120458(883)

120471(886)

120472(920)

120491(893)

120502(900)

120546(875+ 5)

120547(904)

***********

120407(834)

120408(828)

120410(768+ 2)

120416(795)

120418(808)

120420(775)

120425(822)

120431(827)

120435(854)

120440(785)

120441(858)

120443(839)

120447(840)

120449(815)

120453(842)

120455(867)

120461(781)

120462(766+ 4)

120463(774)

120465(796)

120466(831)

120467(773)

120478(847)

120479(840)

120485(819)

120487(791)

120488(829)

120493(845)

120499(786)

120505(832)

120506(851)

120509(836)

120512(856)

120513(797)

120514(836)

120523(780)

120524(836)

120526(782)

120527(855)

120533(808)

120540(827)

120541(776)

120548(828)

120555(823)

165687(768+ 2)

120402(665)

120403(662)

120405(708)

120406(670)

120411(742)

120413(695)

120417(752)

120424(699)

120427(731)

120433(746)

120438(723)

120442(668)

120446(672)

120448(731)

120454(746)

120459(746)

120460(697)

120469(760)

120477(721)

120480(719)

120481(693)

120482(724)

120483(698)

120484(686)

120486(736)

120489(690)

120492(729)

120494(691)

120496(713)

120497(748)

120501(720)

120503(705)

120504(711)

120507(711)

120508(695)

Grade : A

Grade : B

89
Shaheed-e-Millat Govt. Degree College for Women Azizabad
120510(741)

120511(760)

120520(679)

120528(747)

120532(664)

120537(733)

120538(738)

120542(756)

120544(673)

120545(706)

120557(700)

***********

***********

***********

***********

120401(602)

120412(636)

120414(571)

120415(645)

120419(625)

120426(615)

120429(596)

120430(651)

120432(610)

120436(565)

120437(609)

120444(613)

120464(613)

120473(580)

120474(608)

120476(624)

120498(637)

120515(585)

120517(582)

120518(616)

120522(616)

120525(589)

120529(631)

120531(635)

120535(638)

120536(649)

120543(569)

120549(621)

120550(574)

120552(612)

120554(569)

120558(649)

165657(559)

165665(580)

165680(607)

120439(513)

120530(516)

120534(534)

165651(498^ 3)

165659(535)

165661(485)

165663(450)

165664(495)

165667(448)

165669(500)

165670(504)

165671(470)

165673(500)

165674(534)

165675(448)

165677(469)

***********

***********

***********

***********

***********

***********

****NIL****

***********

***********

Grade : C

Grade : D

Grade : E
Pak Land Govt. Girls Higher Secondary School, Azizabad
Grade : A-1
***********

***********

****NIL****

***********

***********

***********

***********

****NIL****

***********

***********

***********

***********

****NIL****

***********

***********

120591(550)

120596(547+ 3)

***********

***********

***********

***********

***********

****NIL****

***********

***********

***********

***********

****NIL****

***********

***********

Grade : A
Grade : B
Grade : C
Grade : D
Grade : E
Metropolis Intermediate College for Girls
Grade : A-1
120732(898)

120747(894)

120748(928)

120753(895)

***********

120738(835)

120746(869)

120749(840)

120750(787)

120751(794)

120752(820)

120758(849)

120759(835)

120761(857)

***********

120733(735)

120736(724)

120739(754)

120740(743)

120741(692)

120742(745)

120743(674)

120744(700)

120745(734)

120754(722)

120760(729)

120762(749)

120763(691)

***********

***********

120731(613)

120756(591)

***********

***********

***********

Grade : A

Grade : B

Grade : C

90
Metropolis Intermediate College for Girls
Grade : D
***********

***********

****NIL****

***********

***********

***********

***********

****NIL****

***********

***********

Grade : E
Memon Girls College, Block-3, F.B. Area
Grade : A-1
***********

***********

****NIL****

***********

***********

***********

***********

****NIL****

***********

***********

120774(737)

***********

***********

***********

***********

120772(642)

***********

***********

***********

***********

***********

***********

****NIL****

***********

***********

***********

***********

****NIL****

***********

***********

Grade : A
Grade : B
Grade : C
Grade : D
Grade : E
Metropolitan Girls College, F.B. Area
Grade : A-1
***********

***********

****NIL****

***********

***********

***********

***********

****NIL****

***********

***********

120788(677)

120791(698)

***********

***********

***********

120781(593)

120786(652)

120787(614)

120790(615)

***********

***********

***********

****NIL****

***********

***********

***********

***********

****NIL****

***********

***********

Grade : A
Grade : B
Grade : C
Grade : D
Grade : E
Govt. Degree College for Women Nazimabad
Grade : A-1
120886(881)

120894(944)

121013(876+ 4)

121070(905)

***********

120861(778)

120865(778)

120866(841)

120870(866)

120871(781)

120873(858)

120878(773)

120890(842)

120892(844)

120901(857)

120903(802)

120919(848)

120922(828)

120923(845)

120931(803)

120976(840)

120997(783)

121053(774)

***********

***********

120859(722)

120872(734)

120874(692)

120875(709)

120884(756)

120891(694)

120899(671)

120905(736)

120908(739)

120910(731)

120930(728)

120932(705)

120933(699)

120966(665)

120974(753)

120975(713)

120985(763)

120986(744)

120988(681)

120989(674)

Grade : A

Grade : B

91
Govt. Degree College for Women Nazimabad
120995(682)

120998(715)

121004(713)

121012(716)

121015(717)

121020(726)

121021(670)

121026(699)

121055(757)

121072(755)

121073(737)

121081(735)

121083(706)

121087(693)

121093(680)

121099(699)

121124(745)

121131(673)

121133(735)

121141(671)

121142(666)

121144(666)

121148(671)

121156(665)

***********

120857(546+ 4)

120860(653)

120881(652)

120887(635)

120906(595)

120909(626^ 3)

120921(547+ 3)

120927(612)

120938(645)

120963(555)

120969(591)

120987(589)

121001(644)

121017(562)

121024(588)

121030(643)

121036(571)

121038(601)

121042(565)

121050(585)

121057(546+ 4)

121059(624)

121067(566)

121068(612)

121078(582)

121080(623)

121082(598)

121088(633)

121089(555)

121097(611)

121101(653)

121107(618)

121111(615)

121112(616)

121116(550)

121121(567)

121127(596)

121128(586)

121129(632)

121134(575)

121139(600)

121147(579)

121162(635)

121173(601)

***********

120880(512^ 3)

120883(485^ 4)

120917(519)

120929(489)

120935(481)

120968(543)

120970(505)

120979(534)

120999(496)

121002(522)

121007(468)

121010(525)

121014(520^ 2)

121028(521)

121035(516^ 3)

121037(539)

121046(530)

121054(508)

121058(501)

121061(461^ 1)

121063(454)

121066(519)

121069(500^ 2)

121074(489^ 1)

121075(460^ 3)

121084(463)

121085(468)

121092(535)

121096(512)

121114(531)

121140(521)

121145(469)

121153(513)

121155(463^ 1)

121157(490^ 1)

166506(527)

166508(525)

166514(451)

166515(468)

166522(523)

166523(500)

166524(446)

166526(459)

166534(520)

166537(541)

120951(427^ 2)

121034(435^ 3)

121041(431)

***********

***********

Grade : C

Grade : D

Grade : E
Sir Syed Govt. Girls College Nazimabad
Grade : A-1
121252(923)

121256(891)

121261(932)

121281(902)

121283(939)

121298(884)

121314(890)

121333(909)

121358(876+ 4)

121380(883)

121386(914)

121389(916)

121396(922)

121397(928)

121410(942)

121415(884)

121434(893)

121464(876+ 4)

121498(877+ 3)

121521(884)

121522(890)

***********

***********

***********

***********

121253(823)

121260(840)

121263(858)

121272(785)

121273(870)

121274(789)

121276(857)

121277(847)

121287(836)

121294(868)

121299(772)

121317(808)

121318(831)

121326(834)

121330(803)

121336(867)

121347(775)

121348(799)

121353(779)

121372(809)

121378(770)

121394(835)

121398(781)

121407(846)

121412(797)

121413(807)

121416(806)

121417(788)

121426(830)

121428(850)

121430(828)

121431(771)

121432(771)

121433(792)

121442(787)

121443(823)

121444(768+ 2)

121445(808)

121447(819)

121450(857)

Grade : A

92
Sir Syed Govt. Girls College Nazimabad
121454(863)

121465(861)

121471(773)

121475(823)

121478(792)

121479(814)

121497(810)

121499(870)

121500(846)

121509(766+ 4)

121510(830)

121526(786)

121530(794)

166801(813)

***********

121254(694)

121255(746)

121257(737)

121271(741)

121275(684)

121280(700)

121284(699)

121285(694)

121292(714)

121295(699)

121297(720)

121302(703)

121303(740)

121309(684)

121319(717)

121322(670)

121335(664)

121337(757)

121340(704)

121343(694)

121346(698)

121351(723)

121354(746)

121355(764)

121357(658+ 2)

121361(741)

121375(726)

121376(694)

121377(656+ 4)

121379(668)

121384(704)

121385(703)

121387(749)

121388(670)

121408(661)

121411(755)

121429(685)

121437(668)

121446(697)

121448(667)

121449(663)

121451(728)

121453(739)

121455(740)

121456(658+ 2)

121458(755)

121459(675)

121463(750)

121467(676)

121468(760)

121469(716)

121470(715)

121472(719)

121485(739)

121486(661)

121487(725)

121489(708)

121491(716)

121496(673)

121501(725)

121506(716)

121514(764)

121518(700)

166814(661)

166815(707)

121262(631)

121266(648)

121267(627)

121268(616)

121270(580)

121282(597)

121286(632)

121291(582)

121296(580)

121301(585)

121307(641)

121316(626)

121320(604)

121321(625)

121329(582)

121332(616)

121334(604)

121338(596)

121339(547+ 3)

121341(601)

121342(653)

121344(553)

121345(636)

121356(546+ 4)

121363(649)

121368(614)

121369(622)

121370(648)

121374(625)

121383(598)

121400(606)

121401(566)

121402(615)

121403(602)

121404(625)

121405(621)

121406(612)

121414(555)

121418(654)

121419(604)

121425(592)

121439(607)

121441(626)

121460(592)

121462(584)

121473(572)

121474(639)

121477(596)

121493(598)

121494(587)

121495(556)

121503(642)

121511(556)

121513(595)

121517(587)

121527(589)

121531(545+ 5)

***********

***********

***********

121258(521)

121315(514)

121325(485)

121331(494)

121352(542)

121362(523)

121364(452)

121391(543)

121392(517)

121395(511)

121399(516)

121466(494)

121484(530)

121492(461)

121502(484)

121504(501)

121505(540)

121512(531)

121529(502)

166802(520)

166808(443)

166810(511^ 1)

166813(494)

***********

***********

166811(432)

***********

***********

***********

***********

Grade : B

Grade : C

Grade : D

Grade : E
Govt. Girls Degree College KMC Park Liaquatabad
Grade : A-1
***********

***********

****NIL****

***********

***********

121585(844)

121699(772)

***********

***********

***********

Grade : A

93
Govt. Girls Degree College KMC Park Liaquatabad
Grade : B
121589(744)

121593(678)

121607(672)

121608(673)

121609(694)

121624(655+ 5)

121626(701)

121641(678)

121653(693)

121668(703)

121678(684)

121703(671)

121705(748)

121710(666)

121716(745)

121751(673)

121755(657+ 3)

***********

***********

***********

121576(637)

121584(606)

121586(598)

121587(631)

121591(552)

121592(598)

121598(606)

121600(583)

121603(570)

121615(606)

121617(641)

121625(574)

121627(646)

121628(638)

121630(555)

121633(601)

121638(567)

121639(587)

121640(642)

121651(636)

121652(610)

121661(584)

121662(603)

121669(601)

121693(605)

121697(647)

121698(563)

121700(553)

121701(569)

121702(634)

121709(609)

121714(584)

121715(626)

121720(573)

121722(590)

121723(557)

121730(599)

121738(583)

121739(588)

121743(557)

121747(573)

121759(634)

121767(554)

121772(632)

167011(560)

121577(512)

121583(460)

121588(533)

121594(517^ 3)

121605(504)

121612(527)

121613(539)

121620(535)

121621(530)

121629(489)

121644(538)

121655(524)

121663(546^ 1)

121664(457)

121670(486)

121671(526)

121672(520)

121674(442^ 2)

121676(479)

121677(536)

121686(496^ 2)

121689(538)

121692(542)

121694(524)

121695(445)

121706(482)

121708(441)

121713(474)

121725(489)

121726(516)

121727(487)

121728(439+ 1)

121736(530)

121741(496)

121744(531)

121745(523)

121761(535)

167002(435+ 5)

167017(468)

***********

121580(435^ 3)

121731(431)

121733(406)

167016(426)

167022(423)

Grade : C

Grade : D

Grade : E
Riaz Govt. Girls College Liaquatabad No. 10
Grade : A-1
***********

***********

****NIL****

***********

***********

121879(789)

121890(775)

***********

***********

***********

121836(693)

121837(657+ 3)

121841(696)

121848(755)

121860(720)

121862(682)

121863(752)

121864(708)

121874(698)

121885(722)

121895(663)

121897(718)

121907(669)

***********

***********

121832(611)

121833(629)

121843(552)

121859(615)

121875(576)

121876(593)

121878(629)

121880(654)

121882(545+ 5)

121887(575)

121894(566)

121906(552)

167216(563)

***********

***********

121831(534)

121844(539)

121845(534)

121846(535)

121853(538)

121855(488)

121870(528)

121872(502)

121873(492)

121886(492)

121891(492)

121901(539)

121902(449^ 3)

121911(455)

167201(491)

Grade : A
Grade : B

Grade : C

Grade : D

94
Riaz Govt. Girls College Liaquatabad No. 10
167202(533)

167204(450)

167218(540)

***********

***********

167211(424)

167217(429)

***********

***********

***********

Grade : E
H.I Osmania Govt. Girls College
Grade : A-1
***********

***********

****NIL****

***********

***********

121941(771)

121948(771)

121981(824)

122003(765+ 5)

122027(793)

122106(780)

122172(774)

122207(808)

122252(783)

122263(804)

121960(690)

121962(685)

121970(684)

121985(717)

121987(736)

121990(676)

121997(678)

121999(670)

122013(687)

122015(702)

122030(711)

122038(660)

122042(702)

122048(745)

122052(705)

122054(691)

122074(669)

122076(675)

122077(678)

122078(704)

122116(711)

122126(726)

122131(686)

122133(752)

122135(682)

122155(708)

122156(661)

122177(657+ 3)

122215(676)

122228(671)

122231(688)

122233(709)

122234(692)

122246(664)

122265(675)

122273(680)

122285(694)

122287(711)

122293(690)

167338(763)

121951(643)

121953(546+ 4)

121955(585)

121958(570)

121965(646)

121967(649)

121969(595)

121979(554)

121983(631)

121986(609)

121989(565)

121991(557)

121992(558)

121994(638)

121998(649)

122004(566)

122011(599)

122012(576)

122014(598)

122016(601)

122018(652)

122019(619)

122021(563)

122022(569)

122031(545+ 5)

122033(636)

122036(618)

122037(573)

122040(652)

122041(631)

122044(593)

122045(576)

122049(575)

122057(625)

122059(618)

122060(609)

122061(593)

122062(604)

122064(628)

122065(573)

122066(613)

122069(615)

122072(587)

122079(643)

122080(583)

122082(634)

122083(616)

122085(628)

122086(551)

122087(549+ 1)

122088(638)

122089(560)

122090(632)

122091(610)

122097(623)

122103(563)

122104(613)

122105(585)

122110(617)

122111(589)

122115(601)

122117(610)

122118(605)

122124(595)

122127(627)

122129(579)

122136(545+ 5)

122137(623)

122138(636)

122139(562)

122141(576)

122144(563)

122145(605)

122157(571)

122158(559)

122163(575)

122167(647)

122174(557)

122191(637)

122198(616)

122214(603)

122216(556)

122217(571)

122218(643)

122220(615)

122232(647)

122237(559)

122238(548+ 2)

122242(561)

122247(586)

122253(592)

122256(594)

122262(625)

122264(631)

122266(624)

122272(570)

122276(576)

122284(547+ 3)

122292(593)

122295(581)

122305(630)

167318(548+ 2)

167331(580)

***********

***********

121946(519)

121950(473)

121954(506)

121963(526)

121971(537)

121972(466^ 3)

121975(461)

121988(528)

121993(529)

121996(527)

Grade : A

Grade : B

Grade : C

Grade : D

95
H.I Osmania Govt. Girls College
122017(527)

122020(513)

122023(460)

122028(496)

122029(521)

122032(502)

122034(511)

122051(472^ 2)

122056(509)

122063(518^ 2)

122073(493)

122075(500)

122084(532)

122092(497)

122098(532)

122102(526)

122108(519)

122109(530)

122128(539)

122149(518)

122150(479)

122151(519)

122161(542)

122162(512)

122170(538)

122192(498)

122195(522)

122201(534)

122211(505)

122219(518)

122244(463)

122251(510)

122257(537)

122258(544)

122260(485)

122270(484)

122286(525)

167312(471)

167313(444)

167317(446)

167324(520)

167329(518)

167333(468)

167334(541)

167335(464)

167336(517)

167354(538)

167356(503)

167359(535)

167363(509)

122071(424^ 2)

***********

***********

***********

***********

Grade : E
Govt. Girls Pilot Higher Secondary School Nazimabad
Grade : A-1
***********

***********

****NIL****

***********

***********

***********

***********

****NIL****

***********

***********

***********

***********

****NIL****

***********

***********

122447(634)

122449(579)

***********

***********

***********

122441(529)

122443(450)

167601(453)

167602(452)

***********

***********

***********

****NIL****

***********

***********

Grade : A
Grade : B
Grade : C
Grade : D
Grade : E
APWA Govt. Girls Higher Secondary School Liaquatabad
Grade : A-1
***********

***********

****NIL****

***********

***********

***********

***********

****NIL****

***********

***********

***********

***********

****NIL****

***********

***********

122474(578)

***********

***********

***********

***********

***********

***********

****NIL****

***********

***********

***********

***********

****NIL****

***********

***********

Grade : A
Grade : B
Grade : C
Grade : D
Grade : E
Jinnah Intermediate College for Girls
Grade : A-1
***********

***********

****NIL****

***********

***********

122483(838)

***********

***********

***********

***********

Grade : A

96
Jinnah Intermediate College for Girls
Grade : B
122482(688)

122485(746)

122487(701)

122491(723)

122494(664)

122488(638)

122489(626)

122490(648)

122492(562)

122493(553)

122481(524)

122486(539)

***********

***********

***********

***********

***********

****NIL****

***********

***********

Grade : C
Grade : D
Grade : E
BAMM P.E.C.H.S. Govt. College For Women
Grade : A-1
122606(892)

122639(901)

122660(888)

122664(877+ 3)

122665(879+ 1)

122667(881)

122670(886)

122673(884)

122676(879+ 1)

122678(915)

122679(875+ 5)

122680(915)

122688(901)

122723(877+ 3)

122724(912)

122734(890)

122742(891)

122745(896)

122752(894)

122756(898)

122554(847)

122556(858)

122557(786)

122559(805)

122560(824)

122561(823)

122562(796)

122570(787)

122571(783)

122576(781)

122580(773)

122584(797)

122597(852)

122605(824)

122611(817)

122612(829)

122629(787)

122630(818)

122635(805)

122641(868)

122645(815)

122646(870)

122657(786)

122658(813)

122659(822)

122663(860)

122666(833)

122668(870)

122669(807)

122671(853)

122674(842)

122675(869)

122681(770)

122682(853)

122684(824)

122687(781)

122696(831)

122701(778)

122703(773)

122706(844)

122707(831)

122710(798)

122715(818)

122716(845)

122717(837)

122719(807)

122721(874)

122722(801)

122726(845)

122730(837)

122732(847)

122733(831)

122744(868)

122746(814)

122747(817)

122749(794)

122750(808)

168301(842)

***********

***********

122551(694)

122552(684)

122553(683)

122564(743)

122566(724)

122568(731)

122573(728)

122575(727)

122577(764)

122578(698)

122581(680)

122586(712)

122591(719)

122595(703)

122598(678)

122602(708)

122603(761)

122619(690)

122621(747)

122623(672)

122626(703)

122627(754)

122634(750)

122636(753)

122640(744)

122644(727)

122649(754)

122662(760)

122672(733)

122683(739)

122686(723)

122690(727)

122698(700)

122699(754)

122702(762)

122704(694)

122705(743)

122711(743)

122718(700)

122720(764)

122725(760)

122727(762)

122728(743)

122729(723)

122736(695)

122737(688)

122741(753)

122748(749)

122754(698)

168311(685)

168312(716)

***********

***********

***********

***********

122558(599)

122563(635)

122565(567)

122569(624)

122572(625)

122579(602)

122583(578)

122585(645)

122592(653)

122594(571)

122596(621)

122600(649)

122607(652)

122609(547+ 3)

122610(650)

Grade : A

Grade : B

Grade : C

97
BAMM P.E.C.H.S. Govt. College For Women
122617(611)

122618(627)

122620(604)

122624(595)

122631(653)

122632(639)

122633(620)

122637(645)

122638(654)

122642(562)

122643(654)

122647(569)

122653(639)

122654(611)

122656(625)

122691(572)

122693(614)

122694(628)

122700(626)

122740(609)

122751(633)

122753(558)

122757(604)

168302(647)

168304(580)

168305(550)

***********

***********

***********

***********

122574(544)

122582(510)

122593(497)

122604(523)

122608(447)

122613(525)

122614(485)

122615(473)

122616(509)

122628(486)

122650(531)

122655(497)

122661(482)

122689(510)

122695(502)

122713(423)

***********

***********

***********

***********

Grade : D

Grade : E
Dukhtar-e-Mashriq Govt. Degree Girls College
Grade : A-1
***********

***********

****NIL****

***********

***********

***********

***********

****NIL****

***********

***********

122794(756)

122796(679)

122797(663)

***********

***********

122787(577)

122789(614)

122800(556)

122804(571)

122806(548+ 2)

122814(546+ 4)

122816(552)

122823(614)

***********

***********

122783(544)

122784(537)

122790(475^ 2)

122801(541)

122807(492)

122818(475^ 3)

122822(504)

168453(448)

168454(435+ 5)

168455(484)

***********

***********

****NIL****

***********

***********

Grade : A
Grade : B
Grade : C

Grade : D

Grade : E
Govt. Girls Degree College, Mehmoodabad Block 6, P.E.C.H.S.
Grade : A-1
***********

***********

****NIL****

***********

***********

122889(784)

122931(829)

122972(835)

123003(767+ 3)

***********

122886(699)

122901(670)

122912(734)

122942(668)

122943(692)

122950(665)

122958(705)

122961(741)

122962(711)

122965(672)

122966(679)

122975(754)

122978(687)

122981(743)

122982(661)

122985(739)

122994(655+ 5)

122998(690)

123002(704)

123004(688)

123006(666)

123008(680)

123013(733)

***********

***********

122841(559)

122845(550)

122877(559)

122884(650)

122902(628)

122907(562)

122915(616)

122918(623)

122921(609)

122923(601)

122932(587)

122937(632)

122938(648)

122939(618)

122945(610)

122947(605)

122948(585)

122957(631)

122973(628)

122977(582)

Grade : A
Grade : B

Grade : C

98
Govt. Girls Degree College, Mehmoodabad Block 6, P.E.C.H.S.
122979(584)

122983(587)

122989(559)

122990(623)

123017(593)

123019(596)

123027(647)

123035(617)

168568(567)

168586(573)

168589(557)

***********

***********

***********

***********

122856(541)

122860(507)

122878(518)

122883(546^ 2)

122891(542)

122944(476^ 3)

122969(474)

123009(523)

123016(542^ 2)

123037(543)

168554(500)

168555(482^ 2)

168560(478)

168564(484)

168565(544)

168570(441)

168571(520)

168573(522)

168574(484)

168575(467)

168577(507)

168578(477)

168580(491)

168585(457)

168590(477)

168591(505)

***********

***********

***********

***********

168572(422)

***********

***********

***********

***********

Grade : D

Grade : E
Govt. Islamia College For Women
Grade : A-1
123117(891)

***********

***********

***********

***********

123104(791)

123105(854)

123118(852)

123188(792)

123190(780)

123191(844)

123194(773)

123199(769+ 1)

123213(797)

***********

123107(674)

123111(758)

123120(689)

123124(726)

123130(757)

123131(697)

123137(656+ 4)

123143(669)

123150(739)

123153(730)

123162(700)

123163(695)

123170(761)

123182(748)

123184(669)

123189(671)

123205(666)

123208(655+ 5)

123209(704)

123210(731)

123211(674)

123218(656+ 4)

168701(691)

***********

***********

123122(603)

123141(567)

123142(588)

123144(577)

123147(580)

123149(550)

123151(645)

123154(603)

123178(644^ 3)

123179(566)

123180(602)

123183(604)

123187(555)

123192(553)

123197(650)

123201(622)

123206(556)

123207(570)

123212(624)

123223(572^ 2)

168703(553)

168734(559)

168738(565)

168758(545+ 5)

168766(568)

168775(568)

***********

***********

***********

***********

123119(509)

123140(521)

123145(514)

123166(519)

123167(481^ 3)

123171(541)

168705(447)

168709(499)

168713(513)

168714(535)

168716(443)

168717(441)

168728(503)

168732(448)

168737(506)

168744(480)

168752(449)

168760(460)

168764(511)

168765(532)

168770(511)

168771(470)

168773(522)

***********

***********

168708(421)

168718(416)

168727(425)

168754(419)

168761(431)

Grade : A

Grade : B

Grade : C

Grade : D

Grade : E
H.R.H. Agha Khan Govt. Girls Inter College
Grade : A-1
***********

***********

****NIL****

***********

***********

99
H.R.H. Agha Khan Govt. Girls Inter College
Grade : A
123266(778)

***********

***********

***********

***********

123254(695)

123280(702)

123281(737)

123283(712)

123289(698)

123290(704)

123299(756)

123303(683)

***********

***********

123264(627)

123270(582)

123274(653)

123277(582)

123287(653)

123291(644)

123295(545+ 5)

123308(570)

168925(562)

***********

123260(488)

123268(495)

123271(489)

123276(480)

123288(519)

123294(518)

123301(534)

123307(536)

168903(462)

168904(436+ 4)

168905(489)

168907(444)

168910(451)

168911(484)

168920(497)

168921(474)

168922(487)

***********

***********

***********

123306(433)

168919(427)

***********

***********

***********

Grade : B

Grade : C

Grade : D

Grade : E
Shaheed Mohtarma Benazir Bhutto Govt. Degree Girls College
Grade : A-1
123379(879+ 1)

***********

***********

***********

***********

123345(791)

123349(825)

123393(807)

123396(806)

***********

123348(724)

123354(673)

123355(760)

123365(733)

123371(667)

123392(755)

***********

***********

***********

***********

123342(571)

123363(629)

123370(550)

***********

***********

123359(534)

123361(517)

123381(521)

123397(501^ 3)

169052(518)

169056(479)

169057(469)

169058(485)

169060(476)

***********

169061(418^ 1)

169062(430)

***********

***********

***********

Grade : A
Grade : B

Grade : C
Grade : D

Grade : E
Govt. Girls College P.I.B. Colony
Grade : A-1
***********

***********

****NIL****

***********

***********

123464(827)

***********

***********

***********

***********

123465(684)

123468(693)

***********

***********

***********

123461(639)

123462(642)

123463(629)

123466(634)

169253(594)

169262(567)

***********

***********

***********

***********

169251(475)

169258(449)

169259(442)

169260(439+ 1)

169261(472)

169263(437+ 3)

***********

***********

***********

***********

Grade : A
Grade : B
Grade : C

Grade : D

100
Govt. Girls College P.I.B. Colony
Grade : E
***********

***********

****NIL****

***********

***********

Aisha Bawany Girls College (Intermediate)
Grade : A-1
***********

***********

****NIL****

***********

***********

***********

***********

****NIL****

***********

***********

123481(716)

123483(735)

***********

***********

***********

***********

***********

****NIL****

***********

***********

***********

***********

****NIL****

***********

***********

***********

***********

****NIL****

***********

***********

Grade : A
Grade : B
Grade : C
Grade : D
Grade : E
Fatimiyah College Girls Campus
Grade : A-1
***********

***********

****NIL****

***********

***********

123554(845)

123556(810)

123557(819)

***********

***********

123548(702)

123550(747)

123555(663)

123560(669)

123563(762)

123565(744)

123566(739)

123569(683)

123570(761)

***********

123541(616)

123551(653)

123553(647)

123561(608)

123567(591)

123573(620)

169411(640)

***********

***********

***********

123547(536)

123552(493)

123559(524)

123564(515)

123568(491)

***********

***********

****NIL****

***********

***********

Grade : A
Grade : B

Grade : C

Grade : D
Grade : E
Gulistan Shah Abdul Latif Girls Higher Secondary School
Grade : A-1
***********

***********

****NIL****

***********

***********

***********

***********

****NIL****

***********

***********

123583(744)

***********

***********

***********

***********

123582(622)

123584(626)

123585(632)

123586(572)

123588(629)

***********

***********

****NIL****

***********

***********

***********

***********

****NIL****

***********

***********

Grade : A
Grade : B
Grade : C
Grade : D
Grade : E

101
Al-Badar Higher Secondary School (Girls)
Grade : A-1
123651(886)

123659(924)

123661(911)

***********

***********

123662(827)

123665(872)

123666(785)

***********

***********

123654(713)

123657(730)

123658(723)

123660(732)

123668(746)

123653(603)

123655(631)

123656(629)

123663(637)

123664(634)

***********

***********

****NIL****

***********

***********

***********

***********

****NIL****

***********

***********

Grade : A
Grade : B
Grade : C
Grade : D
Grade : E
CAMS Girls College, Tipu Sultan Road
Grade : A-1
123696(904)

***********

***********

***********

***********

123678(827)

123680(796)

123687(830)

123690(830)

123691(810)

123695(792)

123705(770)

123714(815)

***********

***********

123673(742)

123676(747)

123685(673)

123692(753)

123694(657+ 3)

123697(693)

123699(729)

123700(676)

123701(742)

123702(751)

123703(731)

123706(748)

***********

***********

***********

123671(652)

123677(646)

123681(610)

123683(642)

123688(603)

123689(647)

123693(600)

123708(621^ 1)

123709(647)

123710(564)

123715(605)

169524(628)

***********

***********

***********

123674(466)

123698(493)

169522(527)

***********

***********

***********

***********

****NIL****

***********

***********

Grade : A

Grade : B

Grade : C

Grade : D
Grade : E
Mama Girls Intermediate College, P.E.C.H.S. Karachi
Grade : A-1
***********

***********

****NIL****

***********

***********

123739(785)

123741(811)

***********

***********

***********

123731(713)

123732(694)

123733(687)

123737(761)

123740(740)

123742(716)

***********

***********

***********

***********

123734(624)

***********

***********

***********

***********

***********

***********

****NIL****

***********

***********

Grade : A
Grade : B

Grade : C
Grade : D

102
Mama Girls Intermediate College, P.E.C.H.S. Karachi
Grade : E
***********

***********

****NIL****

***********

***********

A.L.K College, PECHS
Grade : A-1
***********

***********

****NIL****

***********

***********

123752(844)

123753(848)

123754(808)

***********

***********

123755(695)

138751(761)

***********

***********

***********

***********

***********

****NIL****

***********

***********

169571(452)

***********

***********

***********

***********

***********

***********

****NIL****

***********

***********

Grade : A
Grade : B
Grade : C
Grade : D
Grade : E
Continental College of Science & Technology (Olympian Islahuddin Road, Gulshan-e-Iqbal)
Grade : A-1
***********

***********

****NIL****

***********

***********

***********

***********

****NIL****

***********

***********

***********

***********

****NIL****

***********

***********

123773(628)

***********

***********

***********

***********

***********

***********

****NIL****

***********

***********

***********

***********

****NIL****

***********

***********

Grade : A
Grade : B
Grade : C
Grade : D
Grade : E
Govt. College For Women Shahrah-e-Liaquat
Grade : A-1
123889(876+ 4)

123904(897)

124020(914)

***********

***********

123873(816)

123900(829)

123902(768+ 2)

123903(830)

123906(827)

123915(766+ 4)

123918(840)

123927(842)

123928(799)

123934(838)

123936(775)

123985(828)

123988(860)

124021(814)

***********

123854(703)

123859(703)

123861(718)

123869(747)

123880(694)

123885(738)

123886(732)

123890(683)

123895(721)

123901(759)

123905(726)

123907(764)

123919(763)

123929(732)

123932(698)

123935(747)

123937(711)

123940(660)

123955(660)

123959(680)

123964(664)

123967(668)

123976(658+ 2)

123977(672)

123978(698)

123995(707)

123999(757)

124000(656+ 4)

124002(741)

124007(669)

124008(713)

124009(685)

124014(722)

124023(708)

124024(655+ 5)

Grade : A

Grade : B

103
Govt. College For Women Shahrah-e-Liaquat
170104(729)

***********

***********

***********

***********

123851(622)

123852(643)

123853(583)

123856(545+ 5)

123857(570)

123860(628)

123862(647)

123864(638)

123868(595)

123874(568)

123875(562)

123881(619)

123896(564)

123897(565)

123898(654)

123899(626)

123911(580)

123913(545+ 5)

123917(560)

123921(650)

123925(623)

123926(626)

123930(571)

123942(565)

123943(628)

123944(601)

123946(627)

123950(649)

123958(644)

123960(625)

123961(638)

123963(583)

123965(621)

123971(569)

123974(605)

123992(652)

123993(546+ 4)

124001(641)

124004(600)

124005(620^ 2)

124006(574)

124010(633)

124012(555)

124013(648)

124015(638)

124016(574)

124019(636)

124022(605)

170103(556)

170108(631)

170126(555)

170129(564)

***********

***********

***********

123882(466)

123888(521)

123891(497^ 3)

123910(533)

123914(530)

123924(535)

123931(535)

123945(495)

123947(539)

123969(538)

124003(509)

124011(528)

170102(495^ 2)

170109(463)

170115(465)

170117(445)

170120(542)

170121(455)

170122(463)

170123(466)

170127(498)

170128(455)

170130(482)

170134(473)

170135(480)

170137(472)

170138(494)

170139(495)

170145(441)

170146(518)

123908(407)

170110(414)

170113(400)

170131(419)

170132(421)

170133(406)

***********

***********

***********

***********

Grade : C

Grade : D

Grade : E

Govt. Girls Degree College, Gizri Clifton
Grade : A-1
124502(880)

***********

***********

***********

***********

124413(799)

124434(786)

124525(822)

170432(873)

***********

124423(655+ 5)

124425(733)

124450(741)

124462(689)

124470(688)

124471(712)

124478(706)

124495(680)

124542(675)

***********

124411(619)

124414(601)

124417(589)

124424(553)

124435(648)

124442(545+ 5)

124451(653)

124456(560)

124466(552)

124474(587)

124477(548+ 2)

124486(617)

124487(627)

124492(598)

124493(551)

124499(545+ 5)

124503(570)

124505(591)

124507(565)

124510(553)

124511(553)

124521(586)

124524(551)

124531(556)

124568(638)

170423(595)

170441(600)

170445(559)

***********

***********

124420(514)

124422(507)

124431(544)

124433(509)

124436(526^ 1)

124447(525)

124449(519)

124453(538)

124458(474)

124460(485^ 2)

124464(524)

124476(531)

124479(523)

124494(467^ 1)

124504(528)

124506(502)

124517(486)

124519(498)

124520(528)

124522(517^ 1)

Grade : A
Grade : B

Grade : C

Grade : D

104
Govt. Girls Degree College, Gizri Clifton
124526(464)

124527(480)

124535(528)

124540(492)

124551(469)

124553(500)

124556(495)

124557(441)

124572(482^ 3)

124580(540)

170408(470^ 3)

170409(459)

170410(495)

170412(539)

170415(451)

170418(543)

170419(531)

170427(470)

170430(516)

170436(473)

170437(460)

170439(486)

170446(442)

170449(451)

***********

170404(410)

170453(427)

***********

***********

***********

Grade : E
Karachi Govt. College For Women Chand Bibi Road
Grade : A-1
***********

***********

****NIL****

***********

***********

124718(855)

***********

***********

***********

***********

124686(741)

124693(715)

***********

***********

***********

124657(546+ 4)

124663(586)

124669(617)

124674(547+ 3)

124688(575)

124689(551)

124696(602)

124702(587)

124705(558)

124711(579)

124719(580)

124725(592)

170559(546+ 4)

170587(560)

***********

124653(539)

124656(489)

124658(519)

124673(463)

124679(531)

124680(521)

124692(517^ 2)

124694(542)

124707(485^ 3)

124708(515)

124715(475^ 3)

124721(511)

124728(540)

170557(507)

170562(486)

170563(531)

170566(466^ 1)

170568(482)

170569(522)

170570(443)

170575(541)

170578(461)

170588(539)

170593(449)

***********

124661(434^ 3)

124683(413^ 3)

170561(402)

170585(392)

***********

Grade : A
Grade : B
Grade : C

Grade : D

Grade : E
Govt. Girls Higher Secondary School Gizri Clifton Mubarak Masjid upper Gizri bagh Colony
Grade : A-1
***********

***********

****NIL****

***********

***********

124813(817)

***********

***********

***********

***********

124814(683)

***********

***********

***********

***********

124812(545+ 5)

124815(552)

***********

***********

***********

124811(522)

***********

***********

***********

***********

***********

***********

****NIL****

***********

***********

Grade : A
Grade : B
Grade : C
Grade : D
Grade : E
Muhammad Ismail Allah Wala Women College(Intermediate)
Grade : A-1
124926(893)

***********

***********

***********

***********

105
Muhammad Ismail Allah Wala Women College(Intermediate)
Grade : A
124924(813)

124925(797)

124927(848)

***********

***********

124922(718)

124923(738)

***********

***********

***********

***********

***********

****NIL****

***********

***********

***********

***********

****NIL****

***********

***********

***********

***********

****NIL****

***********

***********

Grade : B
Grade : C
Grade : D
Grade : E
Behbood Girls Higher Secondary School
Grade : A-1
***********

***********

****NIL****

***********

***********

124945(771)

***********

***********

***********

***********

124938(685)

124939(749)

124940(688)

124942(731)

124943(724)

124933(625)

124935(588)

124936(629)

124937(580)

124941(626)

124946(631)

124948(596)

***********

***********

***********

124947(480)

170933(497^ 2)

***********

***********

***********

***********

***********

****NIL****

***********

***********

Grade : A
Grade : B
Grade : C

Grade : D
Grade : E
Trinity Methodist Girls Higher Secondary School
Grade : A-1
***********

***********

****NIL****

***********

***********

124966(820)

***********

***********

***********

***********

124961(681)

124964(683)

124967(708)

124970(763)

124971(722)

124973(655+ 5)

***********

***********

***********

***********

124963(551)

124972(642)

170951(547+ 3)

***********

***********

124968(515)

170954(539)

***********

***********

***********

***********

***********

****NIL****

***********

***********

Grade : A
Grade : B

Grade : C
Grade : D
Grade : E
St. Joseph's College for Women
Grade : A-1
125001(886)

125006(878+ 2)

***********

***********

***********

124995(778)

125003(836)

125005(872)

125010(767+ 3)

125011(843)

Grade : A

106
St. Joseph's College for Women
125014(816)

125033(825)

***********

***********

***********

124993(747)

124998(745)

124999(719)

125004(717)

125007(658+ 2)

125008(667)

125013(752)

125015(762)

125016(756)

125018(753)

125019(671)

125020(720)

125023(726)

125024(721)

125025(727)

125028(752)

125029(672)

125035(696)

125036(762)

125037(671)

125040(677)

125044(731)

125047(731)

170984(659+ 1)

***********

124991(615)

124992(604)

124994(614)

125000(599)

125002(635)

125012(625)

125017(627)

125021(595)

125022(589)

125027(646)

125031(617)

125032(626)

125042(595)

125045(550)

170986(599)

170988(631)

***********

***********

***********

***********

125009(514)

125041(541)

170982(505^ 3)

170987(513)

***********

***********

***********

****NIL****

***********

***********

Grade : B

Grade : C

Grade : D
Grade : E
DHACSS College for Women (Intermediate)
Grade : A-1
***********

***********

****NIL****

***********

***********

125051(834)

125052(839)

125056(800)

125057(837)

125063(816)

125065(780)

125077(777)

125084(830)

125086(768+ 2)

125090(835)

125095(837)

***********

***********

***********

***********

125053(668)

125054(728)

125058(692)

125059(762)

125060(750)

125061(764)

125062(741)

125064(720)

125069(722)

125071(664)

125072(668)

125079(740)

125085(655+ 5)

125087(735)

125088(697)

125089(733)

125091(696)

125092(750)

125094(658+ 2)

125096(758)

125098(749)

125100(746)

125101(667)

125102(742)

***********

125055(638)

125066(652)

125067(573)

125068(568)

125073(619)

125074(611)

125076(579)

125080(585)

125081(560)

125082(654)

125083(615)

125093(626)

125097(642)

125099(613)

171031(585)

125078(530)

125103(496)

***********

***********

***********

***********

***********

****NIL****

***********

***********

Grade : A

Grade : B

Grade : C

Grade : D
Grade : E
Govt Girls Inter Sc./Arts College Moosa Lane, Lyari
Grade : A-1
***********

***********

****NIL****

***********

***********

***********

***********

****NIL****

***********

***********

Grade : A

107
Govt Girls Inter Sc./Arts College Moosa Lane, Lyari
Grade : B
125157(670)

***********

***********

***********

***********

125159(601)

***********

***********

***********

***********

171501(495)

171502(446)

171504(506)

171505(474)

171506(501)

171509(521)

171510(516)

***********

***********

***********

171511(406)

***********

***********

***********

***********

Grade : C
Grade : D

Grade : E
Govt. Degree Girls College Punjabi Club, Kharadar
Grade : A-1
***********

***********

****NIL****

***********

***********

125197(830)

***********

***********

***********

***********

125179(655+ 5)

125185(744)

125187(673)

125189(761)

125190(663)

125191(747)

125196(713)

171601(709)

***********

***********

125173(547+ 3)

125174(565)

125175(549+ 1)

125177(577)

125178(589)

125182(618)

125183(601)

125184(585)

125188(576)

125195(584)

171609(630)

***********

***********

***********

***********

125181(510)

125193(510)

171605(518^ 2)

171606(538)

171607(518)

171604(417^ 3)

***********

***********

***********

***********

Grade : A
Grade : B

Grade : C

Grade : D
Grade : E
Raunaq-e-Islam Govt. Girls College
Grade : A-1
***********

***********

****NIL****

***********

***********

125232(778)

125234(816)

125235(805)

125239(818)

125304(765+ 5)

125316(782)

125404(852)

125405(773)

125423(779)

***********

125237(663)

125238(719)

125249(689)

125252(687)

125253(746)

125254(758)

125255(715)

125260(754)

125263(742)

125270(722)

125273(661)

125277(686)

125301(740)

125310(731)

125315(694)

125337(659+ 1)

125363(661)

125369(688)

125370(677)

125375(683)

125377(760)

125379(681)

125415(695)

125420(728)

***********

125216(560)

125228(631)

125236(572)

125241(604)

125243(601)

125244(566)

125248(545+ 5)

125256(580)

125257(571)

125261(554^ 2)

125269(650)

125274(554)

125275(606)

125276(636)

125281(590)

125286(553)

125296(555)

125299(548+ 2)

125302(601)

125303(591)

125314(576)

125327(561)

125328(605)

125330(601)

125333(618)

Grade : A

Grade : B

Grade : C

108
Raunaq-e-Islam Govt. Girls College
125335(577)

125339(558)

125340(559)

125344(630)

125352(584)

125359(609)

125373(596)

125392(579)

125395(647)

125398(638)

125399(596)

125413(624)

125419(579)

125422(621)

125430(632)

125438(552)

125441(579)

125442(573)

125445(599)

125447(579)

125452(553)

125453(597)

125457(650)

***********

***********

125211(524)

125225(516)

125233(510)

125251(520)

125262(523)

125264(450^ 2)

125272(506)

125280(543)

125282(540)

125283(524)

125285(525)

125289(503)

125291(503)

125292(495)

125294(524)

125306(528)

125307(516)

125308(473)

125309(482)

125311(459^ 2)

125320(534)

125336(521)

125342(522)

125343(515)

125354(457)

125361(494)

125368(525)

125371(461)

125376(446)

125380(466)

125382(458^ 1)

125383(456)

125389(540)

125400(501)

125401(472)

125406(455)

125417(537)

125427(516)

125434(475)

125435(500)

125440(510)

125443(519)

125465(523)

125466(486)

171703(442)

171704(484)

171711(497)

171713(502)

171715(536)

171717(501)

171719(479)

171721(451)

171724(488)

171730(505)

***********

171705(413)

171716(423)

171729(403^ 2)

171733(408)

***********

Grade : D

Grade : E
Shaheed Benazir Bhutto Govt. Degree Girls College Lyari
Grade : A-1
***********

***********

****NIL****

***********

***********

***********

***********

****NIL****

***********

***********

125567(730)

125572(733)

125573(682)

125600(656+ 4)

***********

125565(620)

125568(603)

125574(595)

125580(582)

125588(573)

125590(554)

125591(561)

125594(590)

125596(611)

125601(559)

125602(612)

125603(616)

125606(593)

***********

***********

125576(504)

125577(474)

125593(448)

125597(459)

171857(448)

171860(449)

***********

***********

***********

***********

***********

***********

****NIL****

***********

***********

Grade : A
Grade : B
Grade : C

Grade : D

Grade : E
Govt. Girls Higher Secondary School Behar colony UC 02 Near Jama Masjid Khi.
Grade : A-1
***********

***********

****NIL****

***********

***********

***********

***********

****NIL****

***********

***********

125633(656+ 4)

125634(711)

***********

***********

***********

Grade : A
Grade : B

109
Govt. Girls Higher Secondary School Behar colony UC 02 Near Jama Masjid Khi.
Grade : C
125621(565)

125627(560)

125630(600)

125635(548+ 2)

125638(562)

125642(604)

125646(611)

***********

***********

***********

125622(511)

125640(500)

125643(530)

125649(535)

***********

***********

***********

****NIL****

***********

***********

Grade : D
Grade : E
Govt. Girls Higher Secondary School No-1, Mir Ayub Khan Campus Naeabad, Lyari Town, Khi.
Grade : A-1
***********

***********

****NIL****

***********

***********

***********

***********

****NIL****

***********

***********

***********

***********

****NIL****

***********

***********

***********

***********

****NIL****

***********

***********

***********

***********

****NIL****

***********

***********

***********

***********

****NIL****

***********

***********

Grade : A
Grade : B
Grade : C
Grade : D
Grade : E
Govt. Girls Higher Secondary School Mehrab Khan Essa Khan Road
Grade : A-1
***********

***********

****NIL****

***********

***********

***********

***********

****NIL****

***********

***********

***********

***********

****NIL****

***********

***********

***********

***********

****NIL****

***********

***********

125703(533)

125722(518)

***********

***********

***********

***********

***********

****NIL****

***********

***********

Grade : A
Grade : B
Grade : C
Grade : D
Grade : E
K.M.A. Girls Degree College
Grade : A-1
125813(897)

125821(908)

125838(900)

***********

***********

125753(798)

125759(774)

125761(789)

125768(852)

125774(864)

125778(867)

125779(845)

125794(847)

125795(813)

125796(771)

125800(812)

125801(827)

125808(814)

125810(787)

125811(857)

125812(841)

125816(865)

125820(831)

125822(849)

125824(843)

125825(771)

125827(866)

125828(770)

125835(873)

125839(777)

125845(813)

125846(816)

125847(839)

125848(796)

125849(820)

Grade : A

110
K.M.A. Girls Degree College
172287(801)

***********

***********

***********

***********

125751(678)

125752(670)

125756(703)

125758(757)

125766(704)

125769(688)

125773(662)

125782(754)

125783(707)

125786(713)

125789(663)

125790(718)

125803(746)

125804(701)

125805(669)

125806(687)

125807(732)

125809(750)

125814(737)

125815(719)

125817(677)

125823(689)

125831(707)

125834(685)

125836(714)

125837(748)

125843(674)

125850(764)

125851(713)

125852(709)

125853(692)

125855(665)

172282(662)

***********

***********

125757(607)

125760(576)

125762(547+ 3)

125763(654)

125764(634)

125765(635)

125767(564)

125770(619)

125771(650)

125772(643)

125776(594)

125777(578)

125781(606)

125784(565)

125785(647)

125791(573)

125797(653)

125802(622)

125826(637)

125829(616)

125842(557)

125844(646)

***********

***********

***********

125754(514)

125755(535^ 2)

125775(516^ 3)

125788(444^ 3)

125792(539)

125818(511)

125830(507)

125833(521)

125840(463)

125854(528)

172281(488)

172283(465)

172285(480)

***********

***********

***********

***********

****NIL****

***********

***********

Grade : B

Grade : C

Grade : D

Grade : E
Govt. Girls Higher Secondary School Kemari
Grade : A-1
***********

***********

****NIL****

***********

***********

***********

***********

****NIL****

***********

***********

***********

***********

****NIL****

***********

***********

125911(593)

***********

***********

***********

***********

***********

***********

****NIL****

***********

***********

***********

***********

****NIL****

***********

***********

Grade : A
Grade : B
Grade : C
Grade : D
Grade : E
Govt. Deg. Girls College Shaikh Zaid Centre Gulshan-e-Iqbal
Grade : A-1
***********

***********

****NIL****

***********

***********

126008(780)

126019(864)

126020(765+ 5)

126021(848)

126052(798)

126054(774)

126055(777)

126064(860)

126065(808)

126097(803)

126102(806)

126107(815)

126111(765+ 5)

126114(865)

126129(805)

126130(765+ 5)

126137(848)

126143(806)

126150(783)

126153(776)

126155(798)

126156(767+ 3)

126158(808)

126164(791)

126169(819)

Grade : A

111
Govt. Deg. Girls College Shaikh Zaid Centre Gulshan-e-Iqbal
126172(842)

126176(794)

126182(778)

126184(813)

126191(833)

126196(808)

126197(775)

126198(870)

126202(775)

126205(787)

126206(771)

***********

***********

***********

***********

126005(684)

126006(751)

126007(657+ 3)

126009(663)

126010(680)

126011(696)

126017(660)

126022(757)

126030(736)

126035(683)

126041(675)

126048(761)

126051(706)

126057(670)

126061(687)

126062(729)

126084(660)

126085(761)

126086(689)

126101(730)

126103(684)

126110(672)

126115(738)

126122(693)

126124(711)

126125(733)

126126(703)

126128(673)

126133(726)

126136(662)

126138(738)

126148(723)

126154(758)

126160(669)

126161(700)

126162(717)

126165(735)

126166(683)

126167(701)

126173(716)

126177(740)

126180(655+ 5)

126181(704)

126183(698)

126188(664)

126189(735)

126193(746)

126194(737)

126195(665)

126200(717)

126201(728)

173231(713)

173233(659+ 1)

***********

***********

126002(568)

126003(585)

126004(627)

126016(587)

126025(590)

126026(551)

126034(643)

126040(617)

126043(553^ 1)

126046(571)

126049(554)

126050(580)

126053(595)

126056(606)

126058(585)

126066(646)

126069(607)

126070(586)

126071(603)

126073(618)

126074(576)

126079(601)

126082(623)

126083(612)

126089(621)

126090(608^ 1)

126091(612)

126093(608)

126094(606)

126095(575)

126096(591)

126099(637)

126100(568)

126105(653)

126106(654)

126112(584)

126116(649)

126117(613)

126118(619)

126127(613)

126131(642)

126132(644)

126135(599)

126141(590^ 3)

126144(641)

126145(613)

126146(612)

126147(604)

126151(551)

126152(618)

126168(593)

126170(647)

126171(589)

126187(597)

126190(642)

126199(558)

126203(620)

126211(575)

173203(553)

173217(584)

126059(531)

126072(508)

126077(491)

126081(526)

126088(506^ 2)

126098(537)

126119(548^ 4)

126149(517)

126175(505)

126178(484)

126204(503)

126209(544)

173208(455)

173210(472)

173213(445)

173214(538)

173215(463)

173221(523)

173223(465)

173224(468)

173227(489)

***********

***********

***********

***********

173218(428)

173225(438^ 3)

***********

***********

***********

Grade : B

Grade : C

Grade : D

Grade : E
Govt. Degree Girls College Block 12, Safoora Goath
Grade : A-1
126257(887)

126264(913)

***********

***********

***********

126245(856)

126250(798)

126253(780)

126254(822)

126255(829)

126256(799)

126260(822)

126265(832)

126270(857)

126272(818)

126278(787)

126282(774)

***********

***********

***********

Grade : A

112
Govt. Degree Girls College Block 12, Safoora Goath
Grade : B
126251(763)

126252(724)

126263(735)

126266(722)

126275(712)

126276(691)

126279(717)

126280(668)

126281(655+ 5)

126286(687)

126291(686)

126292(740)

126293(752)

126294(722)

126297(756)

126299(661)

126301(681)

126309(731)

***********

***********

126258(636)

126261(641)

126268(611)

126273(617)

126287(648)

126290(568)

126298(556)

126303(567)

126310(630)

***********

126244(483)

126269(532)

126274(487)

126284(482)

126288(515)

173405(508)

173406(501)

173408(510)

173410(504)

173415(470)

173416(445)

173422(436+ 4)

173424(482)

173425(441)

173426(534)

173427(465)

173428(484)

***********

***********

***********

173418(413)

173423(429^ 1)

***********

***********

***********

Grade : C

Grade : D

Grade : E
Govt. Degree Girls College Block 13, Gulistan-e-Jauhar
Grade : A-1
126483(911)

***********

***********

***********

***********

***********

***********

****NIL****

***********

***********

126485(662)

***********

***********

***********

***********

126471(561)

126477(569)

126480(593)

126488(632)

126489(567)

126491(591)

126492(549+ 1)

126497(566)

126498(611)

126499(589)

126503(581^ 3)

126515(607)

173853(559)

173861(568)

173865(573)

126474(494)

126475(510)

126476(446^ 5)

126478(541)

126504(525)

173854(514)

173857(471)

173860(493)

173862(541)

173867(481)

173874(544)

173876(474)

173885(462)

173887(457)

173888(489)

173889(520)

173891(474)

173894(486)

***********

***********

126522(397^ 1)

173875(413)

173880(413^ 3)

***********

***********

Grade : A
Grade : B
Grade : C

Grade : D

Grade : E
Khatoon-e-Pakistan Govt.Deg. College For Women Stadium Road
Grade : A-1
126588(890)

126594(879+ 1)

126596(908)

126599(923)

126601(886)

126640(889)

126651(938)

***********

***********

***********

126563(825)

126574(796)

126576(777)

126578(822)

126582(839)

126587(776)

126593(853)

126595(835)

126602(788)

126603(766+ 4)

126605(823)

126606(777)

126607(822)

126609(777)

126613(778)

126614(873)

126631(806)

126632(839)

126633(781)

126637(820)

126649(783)

126652(830)

***********

***********

***********

Grade : A

113
Khatoon-e-Pakistan Govt.Deg. College For Women Stadium Road
Grade : B
126561(747)

126562(728)

126567(664)

126577(694)

126579(756)

126583(739)

126584(722)

126590(711)

126592(721)

126598(696)

126608(722)

126610(752)

126612(704)

126615(701)

126618(668)

126623(732)

126636(681)

126647(675)

126648(753)

126650(734)

174107(716)

174112(667)

***********

***********

***********

126566(651)

126568(613)

126570(553)

126573(577)

126580(650)

126581(580)

126585(553)

126589(633)

126597(615)

126624(588)

126627(592)

126630(565)

126634(625)

126638(594)

126641(598)

126646(644)

174124(547+ 3)

174125(580)

174129(644)

***********

126571(540)

126619(531)

126621(493)

126644(458)

174104(528)

174106(515)

174119(481)

174123(514)

174126(526)

***********

174111(430)

174116(389)

174118(412^ 1)

174122(427)

***********

Grade : C

Grade : D

Grade : E
Govt. Degree Girls College, Shahnawaz Shar Goath
Grade : A-1
***********

***********

****NIL****

***********

***********

126669(792)

***********

***********

***********

***********

126676(706)

***********

***********

***********

***********

126661(602)

126665(585)

126666(654)

126667(571)

126672(569)

126680(623)

126681(581)

***********

***********

***********

126663(474^ 3)

126668(508^ 1)

***********

***********

***********

***********

***********

****NIL****

***********

***********

Grade : A
Grade : B
Grade : C

Grade : D
Grade : E
Hayat Ul Islam Girls College
Grade : A-1
***********

***********

****NIL****

***********

***********

126833(796)

***********

***********

***********

***********

126835(712)

126836(725)

126837(683)

126838(687)

126840(662)

126844(708)

126848(689)

126849(727)

126850(758)

***********

126831(653)

126832(639)

126839(622)

126845(558)

126847(564)

126852(543)

126853(477)

***********

***********

***********

Grade : A
Grade : B

Grade : C
Grade : D

114
Hayat Ul Islam Girls College
Grade : E
***********

***********

****NIL****

***********

***********

Allama Iqbal Govt. Girls Degree College, Shah Faisal Colony
Grade : A-1
***********

***********

****NIL****

***********

***********

126926(775)

126955(793)

126970(808)

126971(837)

126976(785)

126988(832)

***********

***********

***********

***********

126901(757)

126912(692)

126927(703)

126929(758)

126933(691)

126934(700)

126935(687)

126936(684)

126937(683)

126940(760)

126946(715)

126947(716)

126962(693)

126963(668)

126978(750)

126979(701)

126981(711)

126982(658+ 2)

126983(659+ 1)

126984(664)

126989(664)

126994(701)

126997(657+ 3)

127011(748)

***********

126913(651)

126945(564)

126949(554)

126950(595)

126951(625)

126958(570)

126959(568)

126961(562)

126965(602)

126969(577)

126973(570)

126974(600)

126977(582)

126980(642)

126987(592)

127006(546+ 4)

175203(574)

175209(545+ 5)

***********

***********

126923(444)

126930(517)

126944(498)

126948(491)

126952(498)

126953(514)

126964(508)

126972(488)

126986(531)

126990(536)

126995(481)

126999(475)

127002(509^ 3)

175205(538)

175206(497)

175207(439+ 1)

175208(496)

175211(469)

175213(512)

175214(471)

175215(518)

175220(481)

175222(524)

175229(464)

175232(526)

175221(433)

175224(431)

***********

***********

***********

Grade : A

Grade : B

Grade : C

Grade : D

Grade : E
Khursheed Govt. Girls College Shah Faisal Colony
Grade : A-1
127080(922)

127085(906)

127134(933)

127148(949)

127166(915)

127219(888)

127252(877+ 3)

127263(877+ 3)

***********

***********

127051(862)

127064(802)

127069(797)

127075(823)

127077(773)

127082(773)

127089(859)

127090(820)

127094(793)

127104(811)

127105(820)

127135(851)

127140(854)

127144(826)

127151(788)

127163(814)

127167(835)

127168(788)

127169(844)

127170(865)

127172(821)

127174(823)

127192(804)

127202(781)

127223(852)

127226(783)

127251(819)

127285(784)

***********

***********

127050(659+ 1)

127056(722)

127057(764)

127061(687)

127065(746)

127068(661)

127071(753)

127074(732)

127079(676)

127081(659+ 1)

127084(668)

127113(758)

127114(685)

127120(685)

127122(700)

127131(700)

127139(664)

127141(756)

127147(670)

127154(665)

Grade : A

Grade : B

115
Khursheed Govt. Girls College Shah Faisal Colony
127156(689)

127157(680)

127159(707)

127162(693)

127175(657+ 3)

127179(713)

127183(680)

127187(662)

127193(660)

127200(760)

127203(720)

127207(679)

127211(692)

127212(703)

127213(689)

127216(688)

127218(718)

127222(680)

127224(691)

127228(696)

127235(674)

127238(713)

127239(712)

127240(712)

127241(740)

127243(657+ 3)

127245(748)

127248(725)

127261(745)

127264(750)

127265(729)

127267(746)

127271(690)

127278(731)

127281(661)

127284(756)

175401(671)

***********

***********

***********

127044(561)

127048(637)

127049(568)

127062(593)

127066(635)

127067(645)

127073(561)

127076(553)

127091(619)

127093(564)

127095(580)

127100(610)

127101(608)

127103(579)

127109(572)

127110(582)

127111(569)

127117(568)

127121(584)

127127(608)

127128(562)

127129(624)

127132(576)

127136(556)

127137(588)

127138(561)

127143(652)

127145(599)

127146(546+ 4)

127153(547+ 3)

127161(557)

127164(625)

127173(580)

127176(564)

127177(570)

127182(644)

127185(565)

127188(571)

127189(547+ 3)

127190(563)

127198(613)

127201(568)

127214(555)

127215(614)

127217(650)

127221(619)

127225(604)

127227(624)

127229(574)

127230(632)

127232(561)

127246(627)

127249(632)

127250(619)

127254(548+ 2)

127257(577)

127260(591)

127262(601)

127268(616)

127270(554)

127272(620)

127274(590)

127275(630)

127282(560)

175415(569)

175423(545+ 5)

175436(564)

175457(599)

175469(612)

***********

127041(529)

127043(478)

127045(461^ 1)

127053(526)

127058(441)

127072(524^ 1)

127088(458)

127092(498)

127098(540)

127124(540)

127130(477)

127150(531)

127181(489)

127191(520)

127195(543)

127231(541)

127234(548^ 1)

127236(481)

127247(490)

127255(522)

127259(457)

127273(517)

127276(511)

127277(486)

127283(534)

175403(539)

175404(472)

175405(445)

175406(453)

175407(534)

175409(494)

175410(438+ 2)

175411(441)

175412(459)

175414(464)

175418(484)

175420(511)

175421(536)

175424(537)

175425(515)

175427(511)

175428(519)

175431(459)

175432(519)

175433(472)

175434(533)

175437(479)

175439(472)

175440(502)

175443(441)

175444(536)

175445(453)

175446(498)

175449(445)

175450(512)

175453(497)

175454(458)

175456(467)

175459(521)

175461(530)

175462(524)

175464(506)

175465(493)

175466(445)

175467(451^ 3)

175468(467)

175472(534)

175473(515)

175474(490)

175476(489)

175429(407)

175430(429)

175448(398)

175463(394)

175470(405)

Grade : C

Grade : D

Grade : E
Govt. Girls Science College Shah Faisal Colony
Grade : A-1
***********

***********

****NIL****

***********

***********

116
Govt. Girls Science College Shah Faisal Colony
Grade : A
127338(792)

***********

***********

***********

***********

127327(678)

***********

***********

***********

***********

127336(603^ 3)

127337(620)

127353(585)

127358(639)

127364(651)

127328(533)

127341(486)

175658(453)

175659(523)

175661(466)

***********

***********

****NIL****

***********

***********

Grade : B
Grade : C
Grade : D
Grade : E
Govt. College For Women Saudabad
Grade : A-1
127694(920)

127697(935)

***********

***********

***********

127497(802)

127503(778)

127525(808)

127564(770)

127570(787)

127582(803)

127695(794)

127698(771)

127706(782)

127713(775)

127729(833)

176271(842)

***********

***********

***********

127457(693)

127459(659+ 1)

127491(661)

127552(681)

127553(757)

127560(698)

127576(730)

127584(700)

127587(743)

127593(703)

127604(699)

127613(687)

127615(684)

127618(657+ 3)

127644(752)

127658(726)

127659(722)

127663(752)

127675(738)

127678(700)

127679(745)

127683(710)

127690(679)

127691(720)

127707(670)

127708(725)

127728(716)

127734(728)

127739(724)

127741(704)

127758(679)

127773(666)

127792(702)

***********

***********

127468(584)

127472(652)

127473(585)

127479(555)

127502(573)

127519(563)

127529(632)

127535(610)

127536(583)

127537(633)

127539(556)

127545(629)

127557(567)

127569(640)

127574(599)

127575(629)

127583(561)

127590(651)

127592(614)

127601(626)

127610(553)

127612(555)

127616(619)

127622(625)

127624(581)

127633(593)

127674(552)

127685(556)

127692(556)

127693(585)

127699(604)

127709(584)

127714(650)

127722(587)

127723(630)

127737(610)

127753(623)

127766(554)

127769(567)

127772(556)

127784(585)

127788(574)

176202(565)

176205(620)

176230(563)

176255(578)

***********

***********

***********

***********

127465(525)

127477(453)

127488(501)

127490(539)

127500(505)

127501(472)

127508(522)

127509(450)

127514(456)

127527(535)

127532(529)

127541(535)

127546(452)

127548(514)

127554(536)

127566(544)

127567(519)

127572(465)

127586(521)

127588(508)

127600(453^ 1)

127643(473^ 3)

127680(513)

127712(512)

127721(464^ 2)

127733(514)

127751(498)

127761(506)

127767(498^ 2)

127789(461)

Grade : A

Grade : B

Grade : C

Grade : D

117
Govt. College For Women Saudabad
127814(481)

176208(476)

176210(455)

176212(525)

176215(502)

176217(502)

176221(445)

176223(540)

176235(460)

176237(463)

176238(458)

176239(468)

176243(477)

176244(498)

176245(493^ 3)

176247(465)

176250(505)

176251(535)

176252(461)

176253(465)

176256(513^ 1)

176257(456)

176260(488)

176261(496)

176262(488)

176263(478)

176264(501)

176266(508)

176267(457)

176268(458)

176272(505)

***********

***********

***********

***********

127470(423)

127513(429^ 2)

127543(432)

176213(422)

176219(419)

176226(434)

176228(423)

176229(416)

176231(397)

176249(415)

176254(413^ 1)

***********

***********

***********

***********

Grade : E

Govt. Girls Comm/Arts College, C-1 Area, Malir
Grade : A-1
***********

***********

****NIL****

***********

***********

127981(774)

127995(816)

***********

***********

***********

127964(666)

127973(657+ 3)

127983(667)

128001(699)

128019(700)

128049(710)

128055(715)

128058(744)

128060(748)

128071(740)

128077(738)

***********

***********

***********

***********

127972(604)

127985(564)

127986(598)

128000(590)

128015(583)

128023(553)

128025(548+ 2)

128054(604)

128056(653)

128057(638)

128076(630)

128090(654)

128099(640)

128107(558)

128108(568)

128109(588)

128111(640)

128115(574)

128116(598)

128119(607)

176585(612)

***********

***********

***********

***********

127962(499)

127987(528)

128006(543)

128035(454)

128044(477)

128053(472)

128067(501)

128085(496^ 3)

128086(535)

128098(526)

128123(504)

176581(449^ 4)

176584(458)

176590(492)

176592(491)

176595(469)

***********

***********

***********

***********

176582(422)

176583(413)

***********

***********

***********

Grade : A
Grade : B

Grade : C

Grade : D

Grade : E
Govt. Degree Science/Commerce College Malir Cantt.
Grade : A-1
128175(903)

128179(915)

128190(883)

128196(897)

128214(879+ 1)

128217(876+ 4)

***********

***********

***********

***********

128176(771)

128177(856)

128178(869)

128182(796)

128183(843)

128185(873)

128187(835)

128188(862)

128191(779)

128197(818)

128200(860)

128201(785)

128210(784)

128211(839)

128219(821)

128171(715)

128173(743)

128180(752)

128189(759)

128192(758)

Grade : A

Grade : B

118
Govt. Degree Science/Commerce College Malir Cantt.
128194(688)

128198(715)

128199(742)

128202(716)

128203(712)

128204(758)

128208(763)

128209(687)

128212(764)

128213(730)

128218(755)

128220(726)

128221(658+ 2)

***********

***********

128195(622)

128206(635)

128216(652)

176704(614)

***********

128172(540)

176703(457)

176706(503)

176707(528)

***********

***********

***********

****NIL****

***********

***********

Grade : C
Grade : D
Grade : E
Liaquat Govt. College
Grade : A-1
128333(912)

***********

***********

***********

***********

128236(810)

128265(828)

128269(767+ 3)

128306(806)

128312(825)

128334(796)

176752(775)

***********

***********

***********

128232(763)

128233(712)

128239(661)

128245(700)

128253(710)

128262(704)

128263(719)

128266(719)

128267(693)

128268(730)

128280(668)

128281(726)

128286(723)

128290(669)

128291(670)

128294(674)

128295(686)

128300(727)

128302(704)

128304(727)

128305(700)

128314(758)

128315(679)

128316(658+ 2)

128323(675)

128329(681)

128340(699)

128344(746)

128348(668)

128351(698)

128352(691)

128353(672)

***********

***********

***********

128234(650)

128240(638)

128241(609)

128242(610)

128247(589)

128249(590)

128257(633)

128260(571)

128264(549+ 1)

128271(612)

128272(631)

128276(562)

128285(644)

128289(579)

128293(570)

128298(645)

128299(632)

128301(570)

128309(560)

128310(564)

128311(596)

128321(633)

128324(653)

128325(583^ 3)

128330(575)

128337(610)

128349(632)

128350(633)

176754(575)

176761(556^ 2)

176769(614)

176770(616)

176771(561)

***********

***********

128237(472)

128243(524)

128246(532^ 2)

128248(502)

128259(497)

128261(544)

128307(483)

128308(528)

128328(511)

128332(497)

128356(535)

176751(508)

176753(465)

176755(445)

176758(479)

176759(509)

176762(492)

176763(492)

176764(495)

176766(499)

176767(533)

176768(527)

***********

***********

***********

128235(429)

176760(412)

***********

***********

***********

Grade : A

Grade : B

Grade : C

Grade : D

Grade : E
Govt. College For Women Korangi No. 4
Grade : A-1
***********

***********

****NIL****

***********

***********

119
Govt. College For Women Korangi No. 4
Grade : A
128504(811)

128508(767+ 3)

128517(774)

128533(801)

128535(770)

128553(770)

128569(765+ 5)

128574(776)

128581(828)

128587(799)

128590(823)

128597(769+ 1)

128602(767+ 3)

128604(786)

128618(837)

128619(838)

128663(780)

128666(807)

128694(843)

***********

128507(672)

128509(668)

128512(715)

128515(659+ 1)

128516(661)

128520(753)

128522(656+ 4)

128529(703)

128532(668)

128538(670)

128550(694)

128552(678)

128555(709)

128556(658+ 2)

128560(679)

128562(761)

128563(680)

128567(663)

128572(755)

128573(731)

128579(737)

128580(764)

128593(716)

128594(716)

128596(754)

128601(669)

128603(719)

128605(703)

128607(740)

128609(666)

128610(745)

128617(734)

128621(704)

128626(655+ 5)

128627(747)

128628(758)

128629(703)

128641(666)

128642(752)

128645(687)

128647(703)

128655(693)

128664(690)

128667(719)

128668(689)

128674(705)

128699(757)

***********

***********

***********

128506(613)

128513(592)

128514(605)

128527(620)

128528(602)

128531(572)

128534(624)

128540(583)

128541(646)

128542(597)

128544(574)

128546(647)

128554(568)

128558(620)

128566(651)

128568(610)

128570(654)

128571(606)

128575(653)

128585(605)

128588(625)

128591(620)

128600(600)

128608(603)

128611(559)

128615(616)

128625(558)

128630(605)

128631(654)

128633(623)

128635(570)

128637(599)

128639(643)

128640(574)

128643(607)

128648(621)

128651(559)

128652(556)

128654(630)

128658(575)

128660(628)

128661(558)

128675(607)

128676(641)

128678(637)

128679(646)

128689(568)

128690(588)

128691(629)

128693(626)

178001(614)

178003(546+ 4)

178005(597)

178006(551)

178022(614)

178029(572)

178032(554)

178067(564)

178073(572)

***********

128521(441)

128524(540)

128547(485^ 2)

128564(470)

128578(502)

128582(491)

128616(510)

128624(506)

128636(469^ 3)

128644(512)

128646(491)

128653(496)

128656(462)

128657(516)

128677(541)

128683(537)

178007(540)

178011(532)

178012(535)

178014(539)

178016(452)

178017(506)

178018(455)

178021(482)

178023(479)

178024(453)

178025(435+ 5)

178026(527)

178027(452)

178028(482)

178031(544)

178037(480)

178039(452)

178040(435+ 5)

178042(510)

178047(468)

178049(501)

178050(492)

178051(455)

178054(528)

178058(531)

178059(543)

178060(461)

178061(502)

178063(469)

178064(441)

178069(464)

178072(535)

178074(536)

***********

178043(436^ 2)

178075(420)

***********

***********

***********

Grade : B

Grade : C

Grade : D

Grade : E

120
Govt. College For Women Korangi No. 6
Grade : A-1
128855(883)

***********

***********

***********

***********

128793(833)

128928(839)

128933(818)

***********

***********

128774(763)

128798(737)

128799(675)

128815(704)

128816(675)

128820(680)

128827(675)

128828(687)

128836(691)

128840(686)

128845(702)

128851(699)

128862(729)

128863(706)

128867(672)

128869(722)

128871(693)

128879(659+ 1)

128904(762)

128925(720)

128926(707)

128931(762)

128934(754)

128935(655+ 5)

128950(755)

128959(700)

***********

***********

***********

***********

128752(580)

128760(556^ 3)

128763(548+ 2)

128771(562)

128777(595)

128788(625)

128797(567)

128801(581)

128804(638)

128813(599)

128825(615)

128826(560)

128831(622)

128834(564)

128837(574)

128847(586)

128849(561)

128852(584)

128856(582)

128872(653)

128873(608)

128877(593)

128882(584)

128886(593)

128889(560^ 2)

128890(569)

128896(601)

128902(620)

128905(590)

128906(622)

128907(611)

128923(650)

128924(575)

128927(565)

128929(637)

128936(584)

128941(611)

128942(561)

128944(593)

128945(576)

128957(611)

178284(565)

178288(569)

178317(567)

***********

128767(462)

128790(532)

128818(544)

128821(501)

128866(537)

128870(537)

128874(531)

128875(532)

128881(518)

128883(498^ 2)

128885(486)

128887(518^ 2)

128898(490)

128915(540)

128918(489)

128922(470^ 3)

128937(536)

128939(523)

128948(518)

128951(457)

128952(522)

128953(503)

128955(542)

128958(479^ 1)

128960(516)

128961(444)

128962(547^ 2)

178256(493)

178259(444)

178267(529)

178272(455)

178273(494^ 1)

178275(439+ 1)

178277(497)

178279(437+ 3)

178282(449)

178283(435+ 5)

178287(540)

178289(506)

178291(486)

178293(538)

178295(449)

178304(440)

178306(448)

178309(522)

178310(451)

178312(510)

178314(480)

178315(461)

178316(447)

178323(524)

***********

***********

***********

***********

178253(432)

178254(422)

178258(419)

178260(425)

***********

Grade : A
Grade : B

Grade : C

Grade : D

Grade : E
Govt. Degree Girls College Sector 42, Korangi 2-1/2
Grade : A-1
***********

***********

****NIL****

***********

***********

***********

***********

****NIL****

***********

***********

129071(695)

129102(708)

129103(705)

129126(666)

129129(656+ 4)

129148(687)

129152(674)

***********

***********

***********

Grade : A
Grade : B

121
Govt. Degree Girls College Sector 42, Korangi 2-1/2
Grade : C
129081(653)

129087(610)

129098(571)

129108(546+ 4)

129109(564)

129140(584)

178590(556)

***********

***********

***********

129077(462)

129082(492)

129104(513)

129105(492)

129112(460^ 2)

129120(540)

129139(508)

129142(476)

129151(466)

178556(515)

178557(444^ 2)

178560(457^ 2)

178562(519)

178568(508)

178569(478)

178570(497)

178574(484)

178580(490)

178581(442)

178582(501)

178584(462)

178589(508)

***********

***********

***********

178565(429)

178567(425)

178577(426)

178587(417^ 1)

***********

Grade : D

Grade : E
Govt. Degree Girls College Ibrahim Hyderi
Grade : A-1
***********

***********

****NIL****

***********

***********

***********

***********

****NIL****

***********

***********

129274(657+ 3)

129283(668)

129288(688)

129295(731)

129302(681)

129303(674)

129304(725)

129305(684)

***********

***********

129278(571)

129281(578)

129282(570)

129284(564)

129285(560)

129286(566)

129290(654)

129298(619)

***********

***********

129299(469)

178803(465)

***********

***********

***********

178801(416^ 3)

***********

***********

***********

***********

Grade : A
Grade : B

Grade : C

Grade : D
Grade : E
Firoza Khatoon Women College(Intermediate)
Grade : A-1
***********

***********

****NIL****

***********

***********

129511(779)

129512(774)

129513(767+ 3)

129514(769+ 1)

129517(818)

129518(861)

129521(785)

***********

***********

***********

129515(730)

129516(743)

129519(761)

129523(733)

129524(687)

129525(708)

129526(705)

***********

***********

***********

129520(589)

***********

***********

***********

***********

***********

***********

****NIL****

***********

***********

***********

***********

****NIL****

***********

***********

Grade : A

Grade : B

Grade : C
Grade : D
Grade : E

122
Khadija Girls College (Intermediate)
Grade : A-1
129544(933)

129545(928)

129556(883)

***********

***********

129532(800)

129533(829)

129540(775)

129548(796)

129551(785)

129559(856)

129565(864)

129566(804)

***********

***********

129536(686)

129537(738)

129542(762)

129546(699)

129554(744)

129555(692)

129557(735)

129558(663)

129561(757)

129562(664)

129563(699)

129568(713)

***********

***********

***********

129538(576^ 3)

129539(571)

129543(593)

129547(609)

129549(610)

129553(564)

129564(650)

129567(618)

179081(564)

***********

129535(489)

129560(494)

***********

***********

***********

***********

***********

****NIL****

***********

***********

Grade : A

Grade : B

Grade : C

Grade : D
Grade : E
Govt. Degree Girls College Landhi 3-1/2
Grade : A-1
***********

***********

****NIL****

***********

***********

129655(796)

129662(845)

129681(849)

129690(810)

129694(809)

129724(776)

129742(810)

129744(810)

129777(822)

129804(828)

129811(810)

129812(851)

***********

***********

***********

129654(717)

129666(677)

129674(684)

129675(733)

129699(665)

129713(679)

129714(676)

129733(686)

129768(734)

129818(726)

129819(728)

129837(673)

129851(697)

***********

***********

129653(620)

129658(595)

129661(569)

129663(645)

129664(555)

129688(600)

129691(547+ 3)

129696(548+ 2)

129698(605)

129701(595)

129712(617)

129716(607)

129729(631)

129732(601)

129776(604)

129778(616)

129780(558^ 3)

129789(589)

129790(579)

129798(642)

129800(637)

129810(562)

129813(648)

129816(556)

129817(552)

129820(648)

129825(622)

129827(629)

129836(646)

129839(589)

129845(569)

129850(650)

129852(578)

179511(547+ 3)

***********

129692(504)

129697(543)

129721(475)

129763(479^ 3)

129769(537)

129795(485)

129805(485)

129807(503)

129814(485)

129826(533)

129846(514)

129849(459^ 2)

179503(462^ 3)

179509(445^ 2)

179512(468)

179515(456)

179521(460^ 3)

179523(516)

179526(441)

179528(446)

179518(424)

179519(430)

179527(422)

***********

***********

Grade : A

Grade : B

Grade : C

Grade : D

Grade : E

123
Govt. Degree Girls College, Industrial Area, Landhi
Grade : A-1
***********

***********

****NIL****

***********

***********

129940(771)

***********

***********

***********

***********

129933(682)

129934(681)

129935(682)

129947(656+ 4)

***********

129932(596)

129938(581)

129950(616)

179701(580)

179702(549+ 1)

129931(519)

129937(517)

129943(491^ 2)

***********

***********

***********

***********

****NIL****

***********

***********

Grade : A
Grade : B
Grade : C
Grade : D
Grade : E
Govt. Girls Higher Secondary School, Landhi No. 1
Grade : A-1
***********

***********

****NIL****

***********

***********

***********

***********

****NIL****

***********

***********

***********

***********

****NIL****

***********

***********

129965(614)

179802(615)

***********

***********

***********

129961(506)

179804(511^ 3)

179805(538)

***********

***********

***********

***********

****NIL****

***********

***********

Grade : A
Grade : B
Grade : C
Grade : D
Grade : E
Bibi Asifa Bhutto Govt. Girls Degree College, Muzafarabad, Landhi
Grade : A-1
***********

***********

****NIL****

***********

***********

***********

***********

****NIL****

***********

***********

***********

***********

****NIL****

***********

***********

***********

***********

****NIL****

***********

***********

***********

***********

****NIL****

***********

***********

***********

***********

****NIL****

***********

***********

Grade : A
Grade : B
Grade : C
Grade : D
Grade : E
Govt. Girls Degree College Sharafi Goth
Grade : A-1
***********

***********

****NIL****

***********

***********

130008(841)

130033(815)

***********

***********

***********

Grade : A

124
Govt. Girls Degree College Sharafi Goth
Grade : B
130018(710)

130025(717)

***********

***********

***********

130012(594)

130015(569)

130021(619)

130027(577)

130030(561)

130022(526^ 2)

130029(481)

***********

***********

***********

***********

***********

****NIL****

***********

***********

Grade : C
Grade : D
Grade : E
The Horizon Higher Secondary School
Grade : A-1
***********

***********

****NIL****

***********

***********

130063(858)

130064(806)

***********

***********

***********

130061(737)

130065(674)

***********

***********

***********

***********

***********

****NIL****

***********

***********

***********

***********

****NIL****

***********

***********

***********

***********

****NIL****

***********

***********

Grade : A
Grade : B
Grade : C
Grade : D
Grade : E
Govt. Girls Degree College, Gulshan-e-Hadeed, Bin Qasim
Grade : A-1
***********

***********

****NIL****

***********

***********

130116(837)

130117(842)

130123(813)

130127(782)

***********

130103(684)

130104(749)

130105(739)

130108(713)

130115(657+ 3)

130118(659+ 1)

130120(734)

130121(715)

130125(656+ 4)

***********

130101(598)

130106(605)

130107(588)

130111(639)

130112(622)

130119(553)

130126(585)

***********

***********

***********

130114(515)

180203(476)

***********

***********

***********

***********

***********

****NIL****

***********

***********

Grade : A
Grade : B

Grade : C

Grade : D
Grade : E
Bel College for Modern Sciences
Grade : A-1
***********

***********

****NIL****

***********

***********

130152(870)

***********

***********

***********

***********

130151(718)

***********

***********

***********

***********

Grade : A
Grade : B

125
Bel College for Modern Sciences
Grade : C
***********

***********

****NIL****

***********

***********

***********

***********

****NIL****

***********

***********

***********

***********

****NIL****

***********

***********

Grade : D
Grade : E
Pakistan Steel Madar-e-Millat Girls Degree College, Steel Town
Grade : A-1
***********

***********

****NIL****

***********

***********

***********

***********

****NIL****

***********

***********

130162(664)

***********

***********

***********

***********

130161(601)

***********

***********

***********

***********

130163(544)

***********

***********

***********

***********

***********

***********

****NIL****

***********

***********

Grade : A
Grade : B
Grade : C
Grade : D
Grade : E
Govt. Degree Girls College Gulzar-e-Hijri
Grade : A-1
130318(909)

***********

***********

***********

***********

130287(795)

130295(768+ 2)

130296(765+ 5)

130303(805)

180911(803)

130261(663)

130265(737)

130272(676)

130292(676)

130294(745)

130297(669)

130298(737)

***********

***********

***********

130271(624)

130288(564)

130290(649)

130299(601)

130301(569)

130305(641)

130308(575)

130316(612)

180903(571)

***********

130269(485)

130273(532)

130278(492)

130284(538)

130309(538)

130311(542)

180901(441)

180904(473)

180910(476)

***********

***********

***********

****NIL****

***********

***********

Grade : A
Grade : B

Grade : C

Grade : D

Grade : E
Jan Muhammad Brohi Govt. Degree Girls College, Gulshan-e-Maymar
Grade : A-1
***********

***********

****NIL****

***********

***********

130344(818)

130354(796)

130364(866)

130381(858)

130382(801)

130392(786)

130399(869)

***********

***********

***********

130341(690)

130342(741)

130343(672)

130346(743)

130350(674)

Grade : A

Grade : B

126
Jan Muhammad Brohi Govt. Degree Girls College, Gulshan-e-Maymar
130358(689)

130362(688)

130367(704)

130371(743)

130380(659+ 1)

130387(709)

130394(682)

***********

***********

***********

130345(579)

130347(569)

130348(639)

130349(607)

130351(553)

130361(622)

130363(579)

130373(602)

130386(631)

130389(620)

130390(652)

130397(604)

***********

***********

***********

130331(460)

130340(512^ 2)

130355(483)

130356(530)

130359(523)

130379(532)

181103(448)

***********

***********

***********

***********

***********

****NIL****

***********

***********

Grade : C

Grade : D

Grade : E
SMB Girls Higher Secondary School No.5, LERP, Taiser Town
Grade : A-1
***********

***********

****NIL****

***********

***********

***********

***********

****NIL****

***********

***********

130456(715)

130459(731)

130467(669)

130482(691)

***********

130452(608)

130453(647)

130455(628)

130458(647)

130465(606)

130469(584)

130475(562)

130479(569)

130481(596)

***********

130460(524)

130468(491)

130477(522)

130480(497)

***********

***********

***********

****NIL****

***********

***********

Grade : A
Grade : B
Grade : C

Grade : D
Grade : E
Apex Intermediate College
Grade : A-1
***********

***********

****NIL****

***********

***********

***********

***********

****NIL****

***********

***********

***********

***********

****NIL****

***********

***********

134251(571)

***********

***********

***********

***********

***********

***********

****NIL****

***********

***********

***********

***********

****NIL****

***********

***********

Grade : A
Grade : B
Grade : C
Grade : D
Grade : E
Haroon Bahria Intermediate College for Boys & Girls
Grade : A-1
***********

***********

****NIL****

***********

***********

***********

***********

****NIL****

***********

***********

Grade : A

127
Haroon Bahria Intermediate College for Boys & Girls
Grade : B
***********

***********

****NIL****

***********

***********

134341(623)

***********

***********

***********

***********

164081(481)

***********

***********

***********

***********

***********

***********

****NIL****

***********

***********

Grade : C
Grade : D
Grade : E
Govt. Degree Boys College, Manghopir, Karachi
Grade : A-1
***********

***********

****NIL****

***********

***********

***********

***********

****NIL****

***********

***********

***********

***********

****NIL****

***********

***********

***********

***********

****NIL****

***********

***********

135053(471)

***********

***********

***********

***********

***********

***********

****NIL****

***********

***********

Grade : A
Grade : B
Grade : C
Grade : D
Grade : E
Aisha Bawany Govt. College (Morning)
Grade : A-1
***********

***********

****NIL****

***********

***********

***********

***********

****NIL****

***********

***********

***********

***********

****NIL****

***********

***********

***********

***********

****NIL****

***********

***********

***********

***********

****NIL****

***********

***********

***********

***********

****NIL****

***********

***********

Grade : A
Grade : B
Grade : C
Grade : D
Grade : E
C.M.S. Govt.High School
Grade : A-1
***********

***********

****NIL****

***********

***********

***********

***********

****NIL****

***********

***********

***********

***********

****NIL****

***********

***********

***********

***********

****NIL****

***********

***********

Grade : A
Grade : B
Grade : C

128
C.M.S. Govt.High School
Grade : D
***********

***********

****NIL****

***********

***********

138601(432)

***********

***********

***********

***********

Grade : E
Army Public College, Saddar
Grade : A-1
***********

***********

****NIL****

***********

***********

***********

***********

****NIL****

***********

***********

***********

***********

****NIL****

***********

***********

***********

***********

****NIL****

***********

***********

140321(485)

***********

***********

***********

***********

***********

***********

****NIL****

***********

***********

Grade : A
Grade : B
Grade : C
Grade : D
Grade : E
Defence Public Higher Secondary School Punjab Colony
Grade : A-1
***********

***********

****NIL****

***********

***********

***********

***********

****NIL****

***********

***********

***********

***********

****NIL****

***********

***********

***********

***********

****NIL****

***********

***********

***********

***********

****NIL****

***********

***********

***********

***********

****NIL****

***********

***********

Grade : A
Grade : B
Grade : C
Grade : D
Grade : E
DA Degree College For Men
Grade : A-1
***********

***********

****NIL****

***********

***********

***********

***********

****NIL****

***********

***********

***********

***********

****NIL****

***********

***********

***********

***********

****NIL****

***********

***********

***********

***********

****NIL****

***********

***********

***********

***********

****NIL****

***********

***********

Grade : A
Grade : B
Grade : C
Grade : D
Grade : E

129
Saqib Rose Intermediate College
Grade : A-1
***********

***********

****NIL****

***********

***********

***********

***********

****NIL****

***********

***********

***********

***********

****NIL****

***********

***********

***********

***********

****NIL****

***********

***********

141432(498)

***********

***********

***********

***********

***********

***********

****NIL****

***********

***********

Grade : A
Grade : B
Grade : C
Grade : D
Grade : E
Govt. Boys & Girls Higher Secondary School, Younusabad
Grade : A-1
***********

***********

****NIL****

***********

***********

***********

***********

****NIL****

***********

***********

***********

***********

****NIL****

***********

***********

***********

***********

****NIL****

***********

***********

***********

***********

****NIL****

***********

***********

***********

***********

****NIL****

***********

***********

Grade : A
Grade : B
Grade : C
Grade : D
Grade : E
Metropolitan Intermediate College, Gulistan-e-Jauhar
Grade : A-1
***********

***********

****NIL****

***********

***********

***********

***********

****NIL****

***********

***********

***********

***********

****NIL****

***********

***********

***********

***********

****NIL****

***********

***********

***********

***********

****NIL****

***********

***********

***********

***********

****NIL****

***********

***********

Grade : A
Grade : B
Grade : C
Grade : D
Grade : E
Shah Commerce College (Gulshan Campus)
Grade : A-1
***********

***********

****NIL****

***********

***********

***********

***********

****NIL****

***********

***********

Grade : A

130
Shah Commerce College (Gulshan Campus)
Grade : B
***********

***********

****NIL****

***********

***********

143001(588)

***********

***********

***********

***********

***********

***********

****NIL****

***********

***********

***********

***********

****NIL****

***********

***********

Grade : C
Grade : D
Grade : E
Govt. Degree Boys College Razzakabad
Grade : A-1
***********

***********

****NIL****

***********

***********

***********

***********

****NIL****

***********

***********

***********

***********

****NIL****

***********

***********

***********

***********

****NIL****

***********

***********

144401(476)

***********

***********

***********

***********

***********

***********

****NIL****

***********

***********

Grade : A
Grade : B
Grade : C
Grade : D
Grade : E
Iqra Ilm-o-Amal Boys & Girls College, Landhi
Grade : A-1
***********

***********

****NIL****

***********

***********

***********

***********

****NIL****

***********

***********

***********

***********

****NIL****

***********

***********

***********

***********

****NIL****

***********

***********

147761(451)

***********

***********

***********

***********

***********

***********

****NIL****

***********

***********

Grade : A
Grade : B
Grade : C
Grade : D
Grade : E
Govt. Boys and Girls Higher Secondary School Damba Village, Gadap Malir
Grade : A-1
***********

***********

****NIL****

***********

***********

***********

***********

****NIL****

***********

***********

***********

***********

****NIL****

***********

***********

***********

***********

****NIL****

***********

***********

Grade : A
Grade : B
Grade : C

131
Govt. Boys and Girls Higher Secondary School Damba Village, Gadap Malir
Grade : D
***********

***********

****NIL****

***********

***********

***********

***********

****NIL****

***********

***********

Grade : E
Al-Baldia Memon Higher Secondary School
Grade : A-1
***********

***********

****NIL****

***********

***********

***********

***********

****NIL****

***********

***********

***********

***********

****NIL****

***********

***********

***********

***********

****NIL****

***********

***********

164121(489)

***********

***********

***********

***********

***********

***********

****NIL****

***********

***********

Grade : A
Grade : B
Grade : C
Grade : D
Grade : E
Govt. Degree Girls College Pak. Colony
Grade : A-1
***********

***********

****NIL****

***********

***********

***********

***********

****NIL****

***********

***********

***********

***********

****NIL****

***********

***********

***********

***********

****NIL****

***********

***********

***********

***********

****NIL****

***********

***********

***********

***********

****NIL****

***********

***********

Grade : A
Grade : B
Grade : C
Grade : D
Grade : E
The Smart College, F.B. Area
Grade : A-1
***********

***********

****NIL****

***********

***********

***********

***********

****NIL****

***********

***********

***********

***********

****NIL****

***********

***********

***********

***********

****NIL****

***********

***********

***********

***********

****NIL****

***********

***********

***********

***********

****NIL****

***********

***********

Grade : A
Grade : B
Grade : C
Grade : D
Grade : E

132
Shaheed Flying Officer Marium Mukhtar Govt. Girls College
Grade : A-1
***********

***********

****NIL****

***********

***********

***********

***********

****NIL****

***********

***********

***********

***********

****NIL****

***********

***********

167661(549+ 1)

167680(551)

167684(573)

***********

***********

167652(532)

167654(453)

167655(515)

167660(463)

167663(515)

167664(544)

167665(457)

167672(507^ 3)

167674(520)

167682(448)

167687(489)

***********

***********

***********

***********

167658(422)

167669(427)

167670(420)

167683(412)

167685(428)

Grade : A
Grade : B
Grade : C
Grade : D

Grade : E
Karachi Girls College, Near Numaish Chowrangi
Grade : A-1
***********

***********

****NIL****

***********

***********

***********

***********

****NIL****

***********

***********

***********

***********

****NIL****

***********

***********

***********

***********

****NIL****

***********

***********

***********

***********

****NIL****

***********

***********

***********

***********

****NIL****

***********

***********

Grade : A
Grade : B
Grade : C
Grade : D
Grade : E
Ideal Degree College, Gulshan-e-Iqbal
Grade : A-1
***********

***********

****NIL****

***********

***********

***********

***********

****NIL****

***********

***********

***********

***********

****NIL****

***********

***********

***********

***********

****NIL****

***********

***********

***********

***********

****NIL****

***********

***********

***********

***********

****NIL****

***********

***********

Grade : A
Grade : B
Grade : C
Grade : D
Grade : E
Hawwa Jee Girls Colleges (Intermediate)
Grade : A-1
***********

***********

****NIL****

***********

***********

133
Hawwa Jee Girls Colleges (Intermediate)
Grade : A
***********

***********

****NIL****

***********

***********

***********

***********

****NIL****

***********

***********

***********

***********

****NIL****

***********

***********

***********

***********

****NIL****

***********

***********

***********

***********

****NIL****

***********

***********

Grade : B
Grade : C
Grade : D
Grade : E
Danish Faraz Intermediate College, Malir
Grade : A-1
***********

***********

****NIL****

***********

***********

***********

***********

****NIL****

***********

***********

***********

***********

****NIL****

***********

***********

***********

***********

****NIL****

***********

***********

***********

***********

****NIL****

***********

***********

***********

***********

****NIL****

***********

***********

Grade : A
Grade : B
Grade : C
Grade : D
Grade : E
Govt. Girls Higher Secondary School Murad Memon Goth
Grade : A-1
***********

***********

****NIL****

***********

***********

***********

***********

****NIL****

***********

***********

***********

***********

****NIL****

***********

***********

***********

***********

****NIL****

***********

***********

***********

***********

****NIL****

***********

***********

***********

***********

****NIL****

***********

***********

Grade : A
Grade : B
Grade : C
Grade : D
Grade : E
Habib Academy Higher Secondary School, Korangi 5 - 1/2
Grade : A-1
***********

***********

****NIL****

***********

***********

***********

***********

****NIL****

***********

***********

***********

***********

****NIL****

***********

***********

Grade : A
Grade : B

134
Habib Academy Higher Secondary School, Korangi 5 - 1/2
Grade : C
***********

***********

****NIL****

***********

***********

179121(454)

***********

***********

***********

***********

***********

***********

****NIL****

***********

***********

Grade : D
Grade : E

.

135
Result of the following Roll Numbers will be declared later when the cases for resort to unfair means are
decided by the B.O.G.
102298
103071
113673
116375
116376
116379
116410
116412
116413
116414
116433
116455
116479
122909
136722
136857
138292
138312
138412
140393
141801
141802
142214
142644
167357
********
********
********
Marks Statement of the following candidates are WITH-HELD for want of Computerized Enrolment Card.
100083
100496
100732
100923
101119
101151
101739
102498
102863
103369
103447
103705
104524
104586
104759
105101
105657
106137
106914
107079
107098
107464
107909
108740
109017
109169
109208
109229
109261
109722
110503
110795
111116
111334
111623
112006
112530
112956
113221
113476
113759
114152
114685
115121
115170
115306
116401
116612
118015
118839
120290
121174
121837
122304
123259
124363
124544
124575
124732
126484
127368
128118
129968
131083
131962
133388

100099
100635
100849
100976
101125
101272
101750
102500
102964
103372
103460
103706
104525
104592
104910
105104
105965
106141
106985
107087
107103
107465
108102
108837
109043
109171
109209
109239
109265
109896
110589
110826
111117
111337
111640
112015
112534
112966
113224
113508
113783
114465
114686
115133
115173
115307
116491
116613
118108
119501
120532
121177
121955
122307
123388
124370
124545
124577
125153
126506
127672
128270
130036
131372
131965
133389

100247
100643
100854
101010
101137
101354
101752
102502
103006
103406
103463
103960
104531
104594
104975
105173
106092
106143
107037
107088
107321
107853
108104
108843
109062
109180
109215
109243
109274
109901
110639
110870
111118
111338
111644
112019
112668
112970
113226
113536
113809
114562
114690
115143
115176
115314
116552
117062
118466
119552
120554
121422
122102
122472
123686
124416
124546
124578
125198
126525
127720
128291
130041
131380
133107
133406

100320
100644
100863
101056
101141
101487
101754
102505
103320
103407
103466
103962
104568
104596
105048
105196
106121
106440
107054
107092
107351
107854
108146
108913
109121
109187
109216
109244
109440
110316
110643
110958
111119
111371
111645
112234
112714
113036
113329
113616
113810
114645
114856
115148
115291
115316
116553
117463
118467
119553
120863
121485
122134
122646
123715
124454
124567
124658
126213
127006
127794
128697
130269
131407
133108
133756

100322
100651
100868
101059
101142
101504
101985
102507
103334
103440
103468
104236
104578
104597
105057
105208
106123
106818
107059
107093
107381
107879
108150
108929
109164
109202
109217
109245
109463
110382
110644
110962
111228
111372
111754
112239
112726
113115
113330
113716
113814
114649
114999
115150
115293
115474
116556
117483
118537
119664
120960
121492
122219
122755
123884
124475
124571
124659
126248
127049
127796
129343
130270
131414
133259
134754

100357
100652
100905
101076
101144
101507
102253
102765
103354
103445
103675
104240
104581
104598
105096
105209
106130
106901
107060
107094
107399
107885
108151
108947
109165
109206
109222
109252
109717
110387
110648
110963
111251
111587
111932
112241
112730
113214
113331
113718
113818
114669
115002
115165
115301
115567
116565
117529
118585
119883
121051
121734
122294
122825
124356
124484
124572
124692
126249
127102
128082
129453
130441
131905
133378
134775

100464
100688
100920
101079
101147
101556
102423
102796
103368
103446
103704
104265
104585
104727
105099
105338
106135
106910
107077
107097
107406
107888
108153
108949
109168
109207
109224
109255
109721
110443
110651
111091
111329
111618
111997
112331
112872
113217
113338
113750
114108
114682
115004
115166
115305
116361
116604
117782
118827
120136
121169
121766
122300
123038
124357
124528
124574
124712
126331
127279
128117
129704
131079
131911
133384
134776

136
134787
135401
137955
138262
139229
140054
142353
144845
145820
146653
161197
167222
170286
173892

134842
135784
137957
138304
139239
140078
142438
145013
145856
146654
162117
167223
170306
175651

134856
135955
137959
138421
139241
140421
142439
145048
146003
146671
162118
167360
170307
176599

134857
136701
137960
138423
139430
141005
142962
145052
146086
146686
162707
169151
170401
176768

134858
136804
137979
138447
139431
141851
144203
145262
146414
146687
163014
170153
170402
179805

134859
137028
137986
138503
139440
141852
144223
145805
146415
147550
163121
170154
170449
181104

134872
137046
138252
138761
139441
141853
144667
145818
146523
148731
165572
170155
172801
181105

Marks Statement of the following candidates are WITH-HELD for want of Renewal of Enrolment Card.
133406

********

********

********

********

********

********

Marks Statement of the following candidates are WITH-HELD for want of Verification of Enrolment Card.
100005
101067
101841
102760
103327
105960
108101
109185
109249
111102
113475
115167
116558
120677
124931
127752
132755

100013
101069
101993
102773
104166
106218
108148
109193
109258
111114
113781
115299
116559
120852
124932
127817
132756

100347
101088
102742
102862
104364
106223
108524
109195
109264
111628
113796
115303
118510
121949
124933
129567
135956

100350
101111
102750
102864
104561
106984
108822
109198
109708
112869
114249
115310
119058
123581
124934
129854
137048

100365
101148
102751
103322
104755
107099
109158
109201
110455
112969
114251
116308
119124
124547
124977
130113
144518

------------xxxxxxxx------------

100541
101149
102753
103324
105175
107492
109177
109212
110586
113068
114253
116351
119262
124559
125194
130332
********

100895
101751
102754
103326
105195
107539
109184
109214
110595
113411
114259
116557
120546
124727
127001
131961
********

137

NOTE:

1.

Any Roll Number appearing out of serial at any place in this Result release
should be deemed as typographical error and the correct position about the
same may be ascertained from the office.

2.

The Board reserves the right to correct, modify, alter or change the Results in
any manner if they are found to have been irregularly computed or compiled.

3.

Similarly, the candidature is liable to be cancelled in case of fraudulent
appearance or concealment of facts which may come to our notice at the
subsequent stage.

4.

Typographical errors, if any in this Release will not entitle any body to
interpret the Results in his/her favour and to claim any success or advantage
therefrom. The Board reserves the right to correct such mistakes as and when
come to notice.

5.

Marks Statement will be issued after TWO WEEKS from their respective
Institutions. No marks statement will at all be issued from the Board’s
premises and no need to call at the Office of the Board for the said purpose.

6.

Scrutiny of Answer Book(s) can be done on payment of prescribed fee and on
application within 40 days of the declaration of result.

7.

Grace Marks given (if any) are not added in the grand total.

Dated: 14-09-2026

( ZARINA RASHID )
Controller of Examinations (Acting)


