1
CANDIDATES BEARING THE FOLLOWING ROLL NUMBERS ARE DECLARED TO HAVE
PASSED THE INTERMEDIATE SCIENCE (PRE-ENGINEERING) GROUP PART - I (CLASS XI)
ANNUAL EXAMINATION 2026.

Govt. Deg. Science & Commerce College 11-A, North Karachi
6 Papers
700002(333)

700010(272)

700012(327)

700013(320)

700014(287)

700018(312)

700020(285)

700022(282)

700023(293)

700030(254)

700041(321)

700049(317)

700051(274)

700055(305)

700059(370)

700063(315)

700066(345)

700069(264)

700072(303)

700073(317)

700075(330)

700076(298)

700077(366)

700078(294)

700079(356)

700080(276)

700086(279)

700089(281)

700091(284)

700092(327)

700102(323)

700106(315)

700110(408)

700111(323)

700117(258)

700121(352)

700145(433)

700162(314)

***********

***********

***********

***********

****NIL****

***********

***********

700008(204)

700017(180)

700032(194)

700033(174)

700035(159)

700047(175)

700048(164)

700070(186)

700071(201)

700074(199)

700081(208)

700090(216)

700093(174)

700099(215)

700113(219)

700118(171)

700120(188)

700122(200)

700153(181)

700155(203)

700159(225)

700170(179)

700173(163)

***********

***********

700003(135)

700004(137)

700005(133)

700006(136)

700016(115)

700019(126)

700021(149)

700024(130)

700031(128)

700037(106)

700038(114)

700050(158)

700054(126)

700058(115)

700060(125)

700061(135)

700062(106)

700064(113)

700067(140)

700088(110)

700094(128)

700104(137)

700105(121)

700108(131)

700109(168)

700112(107)

700115(139)

700116(112)

700119(143)

700124(148)

700125(143)

700126(154)

700127(148)

700129(123)

700131(131)

700132(114)

700133(126)

700135(144)

700136(133)

700137(148)

700144(164)

700146(132)

700148(131)

700151(153)

700152(106)

700154(136)

700161(125)

700163(141)

700169(122)

***********

700001(81)

700007(100)

700009(60)

700011(102)

700015(96)

700025(84)

700026(105)

700027(67)

700039(97)

700040(96)

700042(97)

700044(83)

700045(82)

700046(87)

700052(98)

700053(111)

700065(86)

700068(95)

700083(81)

700084(87)

700085(111)

700087(80)

700096(102)

700107(63)

700114(68)

700130(84)

700138(82)

700141(100)

700142(88)

700143(94)

700156(105)

700157(76)

700158(88)

700164(82)

700171(102)

700175(82)

700177(71)

***********

***********

***********

5 Papers
4 Papers

3 Papers

2 Papers

2
Govt. Deg. Science & Commerce College 11-A, North Karachi
1Paper
700036(60)

700043(40)

700056(53)

700057(40)

700095(40)

700097(50)

700100(60)

700128(43)

700134(50)

700147(42)

700149(40)

700160(40)

700166(47)

700167(53)

700168(53)

700176(40)

***********

***********

***********

***********

Govt. Degree Boys College, Surjani Town
6 Papers
***********

***********

****NIL****

***********

***********

***********

***********

****NIL****

***********

***********

***********

***********

****NIL****

***********

***********

700353(129)

700386(133)

700391(134)

700397(139)

700398(128)

700352(77)

700357(81)

700358(93)

700364(88)

700371(60)

700373(66)

700377(60)

700392(82)

700394(92)

700396(80)

700401(96)

700402(91)

700403(96)

700405(84)

700407(96)

700408(88)

700415(61)

700417(60)

***********

***********

700351(40)

700362(47)

700363(40)

700366(40)

700367(40)

700368(42)

700380(50)

700381(55)

700382(80)

700385(42)

700388(50)

700393(20)

700400(47)

700406(51)

700412(41)

700414(20)

700416(20)

700418(27)

***********

***********

5 Papers
4 Papers
3 Papers
2 Papers

1Paper

Govt. Degree Boys Sc./Arts/Comm. College 5-L New Karachi
6 Papers
700568(313)

700578(272)

700582(290)

700592(297)

700593(341)

700595(262)

700598(307)

700599(293)

700608(297)

700618(318)

700619(320)

700625(315)

700650(293)

700652(279)

***********

700560(286)

***********

***********

***********

***********

700557(178)

700558(183)

700559(185)

700573(200)

700586(210)

700594(179)

700602(191)

700613(199)

700615(171)

700631(191)

700552(121)

700555(125)

700556(140)

700562(145)

700565(133)

700574(143)

700576(145)

700579(160)

700580(135)

700589(120)

700591(111)

700600(165)

700601(138)

700603(141)

700605(111)

700606(111)

700620(144)

700632(138)

700638(131)

700639(127)

700641(130)

700646(112)

***********

***********

***********

700551(67)

700553(73)

700561(99)

700563(86)

700564(97)

700566(95)

700569(77)

700570(81)

700572(87)

700575(73)

5 Papers
4 Papers

3 Papers

2 Papers

3
Govt. Degree Boys Sc./Arts/Comm. College 5-L New Karachi
700581(92)

700583(80)

700590(99)

700596(64)

700607(91)

700609(89)

700610(65)

700611(75)

700612(82)

700621(95)

700622(88)

700624(104)

700630(81)

700634(62)

700636(67)

700640(65)

700642(90)

700644(60)

700645(68)

700647(68)

700648(69)

700649(85)

700651(81)

700654(71)

700657(70)

700554(58)

700571(55)

700587(40)

700588(44)

700597(50)

700604(53)

700614(70)

700616(52)

700617(43)

700623(45)

700628(50)

700633(53)

700637(23)

700655(21)

***********

1Paper

Govt. Degree College for Boys 7-D/2, North Karachi
6 Papers
701055(324)

701062(336)

701067(244)

701081(352)

701130(295)

701133(292)

701149(472)

701154(251)

701165(277)

701179(392)

701191(456)

701203(400)

***********

***********

***********

***********

***********

****NIL****

***********

***********

701060(189)

701061(155)

701070(154)

701102(160)

701106(162)

701190(168)

***********

***********

***********

***********

701054(109)

701090(151)

701094(130)

701101(128)

701104(126)

701107(107)

701115(109)

701120(128)

701159(116)

701161(129)

701169(123)

701181(127)

701189(188)

701224(119)

***********

701056(108)

701075(60)

701086(67)

701087(88)

701088(65)

701091(60)

701093(60)

701105(73)

701116(85)

701124(81)

701128(88)

701136(68)

701139(64)

701143(76)

701157(75)

701163(66)

701184(66)

701185(71)

701199(72)

701214(60)

701221(72)

***********

***********

***********

***********

701053(40)

701058(40)

701064(20)

701065(20)

701068(43)

701073(20)

701077(23)

701080(40)

701095(27)

701096(25)

701097(22)

701098(21)

701100(51)

701111(44)

701114(44)

701117(43)

701129(41)

701141(20)

701148(20)

701150(20)

701155(24)

701158(27)

701164(45)

701166(26)

701167(23)

701168(47)

701173(30)

701174(40)

701175(20)

701178(23)

701180(26)

701183(22)

701209(26)

701216(20)

701222(20)

5 Papers
4 Papers

3 Papers

2 Papers

1Paper

Islamia Govt. Science College
6 Papers
701413(283)

701414(298)

701419(325)

701422(321)

701423(359)

701424(257)

701435(259)

701440(293)

701443(266)

701447(390)

701450(311)

701451(470)

701463(276)

701479(284)

701480(296)

701484(274)

701489(264)

701496(354)

701497(265)

701509(276)

4
Islamia Govt. Science College
701512(290)

701514(298)

701520(376)

701524(266)

701537(234)

701539(256)

701547(336)

701550(276)

701551(285)

701552(353)

701557(302)

701558(352)

701571(471)

701574(301)

***********

701403(294)

***********

***********

***********

***********

701404(159)

701405(168)

701408(176)

701418(162)

701420(184)

701421(203)

701427(163)

701428(168)

701437(204)

701442(254)

701452(152)

701461(152)

701495(153)

701542(169)

701543(156)

701549(187)

701573(173)

***********

***********

***********

701402(131)

701410(104)

701411(115)

701412(114)

701415(118)

701425(117)

701433(144)

701434(124)

701436(152)

701438(100)

701445(119)

701460(110)

701462(121)

701464(166)

701465(111)

701466(106)

701468(100)

701469(121)

701472(121)

701477(117)

701478(115)

701481(124)

701483(120)

701485(117)

701486(126)

701492(106)

701515(107)

701516(111)

701517(117)

701518(131)

701519(118)

701523(131)

701538(113)

701556(118)

701562(111)

701401(77)

701406(82)

701409(76)

701416(67)

701430(61)

701432(86)

701444(82)

701459(62)

701475(60)

701476(72)

701488(66)

701490(63)

701491(65)

701494(67)

701498(60)

701499(64)

701501(67)

701502(62)

701508(64)

701510(65)

701511(64)

701521(77)

701525(64)

701529(66)

701530(62)

701531(76)

701532(76)

701540(60)

701548(65)

701554(64)

701572(61)

701575(75)

701576(64)

701581(92)

***********

701407(46)

701429(46)

701441(20)

701453(41)

701454(20)

701455(20)

701473(20)

701474(22)

701482(20)

701487(20)

701493(20)

701503(20)

701505(43)

701506(47)

701513(22)

701522(20)

701527(20)

701533(20)

701534(20)

701536(24)

701555(20)

701560(20)

701564(40)

701567(20)

701568(20)

701577(20)

701579(20)

701583(48)

***********

***********

5 Papers
4 Papers

3 Papers

2 Papers

1Paper

Govt. Degree Boys College, Manghopir, Karachi
6 Papers
701824(290)

***********

***********

***********

***********

***********

***********

****NIL****

***********

***********

701823(174)

***********

***********

***********

***********

701825(130)

***********

***********

***********

***********

5 Papers
4 Papers
3 Papers

5
Govt. Degree Boys College, Manghopir, Karachi
2 Papers
701805(94)

701832(62)

***********

***********

***********

701801(20)

701812(40)

701817(45)

701819(40)

701827(40)

701828(42)

701830(50)

701831(46)

701833(42)

***********

1Paper

Usman Public School Campus II
6 Papers
702201(433)

702202(391)

702203(372)

702204(424)

702205(469)

702206(463)

702207(349)

702208(429)

702209(415)

702210(318)

702211(325)

702212(395)

702213(349)

702214(453)

702215(433)

702216(312)

702217(370)

702218(456)

702219(374)

702220(335)

702221(369)

702222(339)

702223(472)

702225(391)

702226(419)

702227(345)

702228(409)

***********

***********

***********

***********

***********

****NIL****

***********

***********

702224(248)

***********

***********

***********

***********

***********

***********

****NIL****

***********

***********

***********

***********

****NIL****

***********

***********

***********

***********

****NIL****

***********

***********

5 Papers
4 Papers
3 Papers
2 Papers
1Paper
Concordia College (North Karachi SAV Campus)
6 Papers
***********

***********

****NIL****

***********

***********

***********

***********

****NIL****

***********

***********

702351(164)

***********

***********

***********

***********

702353(109)

***********

***********

***********

***********

***********

***********

****NIL****

***********

***********

702352(20)

***********

***********

***********

***********

5 Papers
4 Papers
3 Papers
2 Papers
1Paper
Govt. Boys Degree College Buffer Zone
6 Papers
702806(347)

702807(296)

702810(361)

702813(362)

702814(289)

702819(387)

702821(418)

702822(369)

702825(287)

702826(295)

702829(249)

702831(278)

702832(340)

702833(270)

702836(285)

702838(298)

702841(354)

702848(279)

702850(321)

702851(383)

702853(363)

702859(473)

702861(299)

702863(309)

702866(329)

6
Govt. Boys Degree College Buffer Zone
702868(310)

702869(277)

702875(369)

702876(298)

702878(381)

702880(304)

702883(315)

702886(309)

702890(306)

702892(357)

702893(309)

702897(292)

702899(349)

***********

***********

***********

***********

****NIL****

***********

***********

702801(177)

702804(238)

702808(181)

702817(188)

702823(198)

702830(184)

702837(182)

702839(204)

702842(219)

702843(202)

702844(225)

702849(189)

702858(225)

702865(187)

702870(177)

702885(179)

702888(177)

702898(200)

***********

***********

702802(129)

702803(150)

702805(154)

702811(138)

702812(101)

702815(135)

702818(111)

702828(122)

702835(113)

702845(137)

702852(139)

702857(118)

702873(140)

702874(136)

702877(142)

702879(122)

702881(155)

702882(128)

702894(147)

702896(130)

702900(117)

***********

***********

***********

***********

702809(69)

702820(82)

702846(80)

702847(74)

702854(78)

702855(79)

702860(88)

702864(64)

702867(102)

702884(78)

702887(98)

702889(71)

702891(92)

***********

***********

702827(53)

702834(50)

702840(22)

702862(41)

702871(20)

702895(44)

702902(56)

***********

***********

***********

5 Papers
4 Papers

3 Papers

2 Papers

1Paper

Jinnah Govt. College Nazimabad
6 Papers
703151(310)

703159(350)

703167(277)

703169(479)

703170(329)

703172(263)

703175(347)

703190(363)

703192(463)

703196(285)

703197(458)

703201(454)

703208(300)

703211(335)

703215(346)

703218(382)

703224(297)

703225(303)

703227(357)

703229(336)

703230(297)

703233(311)

703236(349)

703237(271)

703247(304)

703254(363)

703259(352)

703265(319)

703267(360)

703270(248)

703277(307)

703291(269)

703292(300)

703296(285)

***********

703257(373)

***********

***********

***********

***********

703162(187)

703166(183)

703174(185)

703183(179)

703186(180)

703207(291)

703244(188)

703248(173)

703262(197)

703273(176)

703284(157)

703285(162)

703293(150)

***********

***********

703154(115)

703161(133)

703168(127)

703171(135)

703180(119)

703221(126)

703228(127)

703232(112)

703243(111)

703255(116)

703256(132)

703261(117)

703263(118)

703297(118)

***********

5 Papers
4 Papers

3 Papers

7
Jinnah Govt. College Nazimabad
2 Papers
703153(77)

703160(61)

703163(93)

703164(73)

703165(61)

703181(76)

703191(61)

703202(71)

703203(64)

703206(79)

703214(99)

703219(71)

703222(82)

703241(69)

703250(62)

703258(70)

703276(70)

703282(82)

703295(80)

***********

703152(27)

703158(25)

703173(40)

703177(28)

703179(31)

703182(40)

703185(20)

703187(41)

703188(43)

703198(40)

703213(45)

703216(56)

703220(44)

703231(40)

703235(51)

703240(30)

703242(40)

703246(41)

703260(82)

703266(20)

703269(50)

703275(51)

703279(26)

703280(21)

703286(42)

703294(20)

703298(20)

703301(44)

703303(21)

***********

1Paper

Pakistan Shipowner's Govt. College
6 Papers
703705(302)

703710(269)

703711(265)

703735(339)

703744(253)

703747(272)

703768(462)

703785(307)

703787(369)

703792(315)

703798(304)

703826(274)

703831(472)

703833(259)

703835(408)

703837(252)

703852(320)

703856(471)

703862(458)

***********

***********

***********

****NIL****

***********

***********

703713(154)

703732(148)

703733(157)

703736(180)

703811(182)

703820(186)

703853(166)

***********

***********

***********

703717(108)

703726(122)

703730(125)

703750(124)

703759(113)

703783(147)

703784(133)

703788(106)

703789(108)

703795(101)

703806(163)

703815(113)

703822(130)

703824(115)

***********

703701(85)

703706(68)

703720(70)

703723(75)

703727(72)

703742(74)

703748(90)

703751(73)

703752(63)

703754(68)

703756(77)

703758(77)

703760(63)

703773(67)

703781(72)

703791(67)

703793(67)

703794(60)

703799(85)

703805(62)

703825(72)

703829(62)

703830(74)

703838(75)

703840(62)

703843(62)

703844(63)

703845(84)

703846(60)

703858(68)

703860(60)

***********

***********

***********

***********

703703(21)

703704(20)

703712(20)

703714(24)

703716(20)

703721(20)

703725(27)

703731(20)

703737(22)

703739(20)

703740(20)

703755(45)

703763(27)

703764(52)

703767(45)

703769(53)

703770(50)

703771(27)

703774(52)

703775(41)

703777(42)

703782(44)

703804(24)

703810(20)

703812(24)

703818(20)

703819(47)

703839(41)

703848(21)

703854(20)

5 Papers
4 Papers

3 Papers

2 Papers

1Paper

8
Iqra Huffaz Boys College
6 Papers
704302(299)

704303(348)

704304(302)

***********

***********

***********

***********

****NIL****

***********

***********

704301(164)

***********

***********

***********

***********

704305(122)

***********

***********

***********

***********

***********

***********

****NIL****

***********

***********

***********

***********

****NIL****

***********

***********

5 Papers
4 Papers
3 Papers
2 Papers
1Paper
Al-Khair College of Higher Education
6 Papers
755051(435)

755052(349)

755053(380)

755054(323)

755055(357)

755058(274)

755059(313)

755060(346)

***********

***********

***********

***********

****NIL****

***********

***********

704401(195)

***********

***********

***********

***********

704403(127)

755056(136)

755057(138)

***********

***********

***********

***********

****NIL****

***********

***********

704402(45)

***********

***********

***********

***********

5 Papers
4 Papers
3 Papers
2 Papers
1Paper
Anees Hussain Higher Secondary School, Block-I North Nazimabad
6 Papers
704501(336)

704502(322)

704503(394)

704504(348)

755151(442)

755152(395)

***********

***********

***********

***********

***********

***********

****NIL****

***********

***********

***********

***********

****NIL****

***********

***********

***********

***********

****NIL****

***********

***********

***********

***********

****NIL****

***********

***********

704505(60)

***********

***********

***********

***********

***********

***********

5 Papers
4 Papers
3 Papers
2 Papers
1Paper
Dr. Ziauddin Intermediate College
6 Papers
704601(364)

704602(461)

755251(335)

9
Dr. Ziauddin Intermediate College
5 Papers
***********

***********

****NIL****

***********

***********

***********

***********

****NIL****

***********

***********

***********

***********

****NIL****

***********

***********

***********

***********

****NIL****

***********

***********

***********

***********

****NIL****

***********

***********

4 Papers
3 Papers
2 Papers
1Paper
Hamdard Intermediate College for Science & Commerce, Block-H, North Nazimabad
6 Papers
704703(391)

704704(316)

704706(469)

755351(365)

***********

***********

***********

****NIL****

***********

***********

704707(307)

***********

***********

***********

***********

704702(136)

704709(125)

704710(140)

***********

***********

704705(69)

704708(91)

***********

***********

***********

704701(42)

***********

***********

***********

***********

5 Papers
4 Papers
3 Papers
2 Papers
1Paper
North City Higher Secondary School Shadman Town North Karachi
6 Papers
***********

***********

****NIL****

***********

***********

***********

***********

****NIL****

***********

***********

***********

***********

****NIL****

***********

***********

***********

***********

****NIL****

***********

***********

***********

***********

****NIL****

***********

***********

***********

***********

****NIL****

***********

***********

5 Papers
4 Papers
3 Papers
2 Papers
1Paper
Quaid-e-Azam Rangers Public School & College
6 Papers
704901(275)

704902(351)

704904(376)

704906(365)

704907(276)

704910(342)

755551(325)

755552(280)

755553(438)

***********

***********

***********

****NIL****

***********

***********

5 Papers

10
Quaid-e-Azam Rangers Public School & College
4 Papers
704903(191)

704908(189)

704909(236)

***********

***********

***********

***********

****NIL****

***********

***********

***********

***********

****NIL****

***********

***********

704905(64)

***********

***********

***********

***********

3 Papers
2 Papers
1Paper
Tabani's College, North Nazimabad Campus
6 Papers
705101(383)

705103(423)

705104(362)

705105(439)

705106(344)

705107(393)

***********

***********

***********

***********

***********

***********

****NIL****

***********

***********

***********

***********

****NIL****

***********

***********

705102(115)

***********

***********

***********

***********

***********

***********

****NIL****

***********

***********

***********

***********

****NIL****

***********

***********

5 Papers
4 Papers
3 Papers
2 Papers
1Paper
Allama Iqbal Govt. Boys Higher Secondary School, Sohrab Goth
6 Papers
***********

***********

****NIL****

***********

***********

***********

***********

****NIL****

***********

***********

705364(169)

***********

***********

***********

***********

705352(128)

705360(103)

705362(134)

***********

***********

705354(70)

705355(91)

705359(84)

705367(91)

705368(89)

705353(48)

705356(47)

705358(42)

705363(42)

705365(20)

705366(40)

705370(24)

***********

***********

***********

5 Papers
4 Papers
3 Papers
2 Papers
1Paper

Dehli Govt. College
6 Papers
705501(300)

705502(294)

705503(352)

705504(405)

705505(313)

705506(365)

705507(340)

705509(373)

705510(318)

705511(447)

705514(321)

705515(386)

705516(422)

705518(355)

705519(397)

705520(411)

705521(475)

705522(377)

705523(343)

705524(380)

705526(309)

705527(308)

705528(324)

705530(305)

705532(415)

11
Dehli Govt. College
705533(359)

705534(357)

705535(401)

705536(377)

705537(378)

705539(305)

705540(423)

705541(414)

705542(386)

705543(437)

705544(426)

705545(386)

705546(423)

705547(348)

705548(389)

705549(384)

705550(377)

705551(445)

705552(354)

705553(357)

705556(387)

705557(333)

705560(351)

705561(425)

705562(352)

705563(429)

705564(365)

705565(366)

705568(299)

705569(353)

705571(346)

705572(406)

705574(481)

705575(428)

705578(346)

705579(264)

705580(270)

705581(447)

705582(426)

705584(383)

705585(327)

705586(439)

705587(333)

705588(405)

705589(471)

705590(394)

705591(371)

705592(403)

705593(382)

705594(339)

705595(360)

705596(424)

705597(369)

705598(375)

705599(389)

705600(362)

705602(405)

705603(423)

705605(415)

705606(372)

705607(374)

705608(362)

705609(370)

705611(372)

705612(370)

705613(434)

705614(271)

705615(333)

705616(304)

705617(410)

705618(413)

705621(346)

705622(411)

705623(382)

705624(439)

705625(409)

705626(385)

705628(361)

705629(367)

705630(371)

705631(350)

705632(391)

705633(311)

705634(443)

705636(321)

705637(401)

705638(384)

705639(379)

705640(373)

705641(333)

705642(357)

705643(396)

705644(397)

705646(384)

705647(398)

705648(453)

705649(453)

705650(402)

705651(480)

705652(396)

705653(414)

705654(349)

705656(418)

705657(396)

705658(472)

705659(438)

705660(401)

705661(398)

705662(399)

705663(366)

705664(311)

705665(403)

705666(339)

705667(429)

705668(355)

705669(402)

705670(414)

705671(441)

705672(354)

705673(377)

705674(408)

705675(392)

705676(339)

705677(269)

705678(379)

705679(359)

705680(314)

705681(374)

705682(389)

705683(413)

705684(455)

705685(492)

705686(402)

705687(360)

705688(297)

705689(464)

705690(380)

705691(424)

705692(409)

705693(315)

705694(343)

705695(390)

705696(328)

705697(282)

705698(386)

705699(431)

705700(339)

705701(351)

705703(467)

705704(381)

705706(471)

705708(425)

705709(381)

705710(253)

705712(370)

705713(473)

705714(321)

705715(409)

705716(328)

705717(415)

705718(349)

705719(300)

705720(464)

705721(292)

705722(305)

705723(283)

705724(455)

705725(427)

705726(346)

705727(325)

705728(323)

705730(373)

705731(295)

705733(368)

705734(448)

705735(327)

705736(386)

705737(336)

705738(455)

705740(375)

705741(286)

705742(434)

705743(469)

705744(369)

705745(365)

705746(434)

705747(432)

705748(266)

705749(394)

705750(405)

705751(314)

705753(368)

705754(357)

705755(343)

705756(427)

705757(439)

705758(406)

705759(413)

705761(321)

705762(460)

705763(457)

705764(352)

705765(405)

705766(376)

705767(364)

705768(364)

705769(329)

705771(359)

705772(378)

705773(426)

705774(407)

705775(385)

705776(457)

705777(439)

705778(428)

12
Dehli Govt. College
705779(303)

705780(476)

705781(369)

705782(446)

705783(407)

705785(362)

705787(394)

705788(386)

705789(471)

705790(448)

705791(466)

705792(316)

705793(434)

705794(340)

705795(463)

705796(456)

705797(371)

705798(458)

705799(453)

705800(363)

705801(310)

705802(448)

705803(402)

705804(429)

705805(371)

705806(414)

705807(366)

705808(397)

705809(373)

705810(406)

705811(421)

705812(454)

705813(368)

705814(453)

705815(425)

705816(479)

705817(313)

705818(385)

705819(394)

705820(283)

705821(472)

705822(392)

705823(371)

705824(414)

705825(321)

705826(432)

705827(382)

705828(389)

705829(470)

705830(476)

705831(428)

705832(425)

705833(391)

705834(404)

705837(427)

705838(308)

705839(348)

705841(419)

705842(412)

705843(372)

705844(409)

705845(310)

705846(420)

705847(352)

705848(304)

705849(397)

705850(318)

705851(360)

705852(288)

705853(383)

705854(424)

705856(480)

***********

***********

***********

705583(374)

705655(342)

***********

***********

***********

705555(208)

705558(227)

705559(213)

705567(199)

705577(194)

705601(193)

705604(233)

705627(193)

705635(189)

705645(245)

705705(210)

705707(183)

705739(190)

705770(174)

705786(207)

705835(246)

705840(161)

***********

***********

***********

705517(127)

705525(135)

705538(144)

705554(113)

705570(153)

705576(133)

705610(143)

705619(123)

705711(122)

705729(103)

705836(138)

***********

***********

***********

***********

705508(60)

705512(68)

705513(74)

705529(92)

705531(101)

705702(80)

***********

***********

***********

***********

705566(40)

705573(24)

705752(70)

705784(73)

***********

5 Papers
4 Papers

3 Papers

2 Papers

1Paper
Govt. Boys Comprehensive H.S.School Azizabad F.B.Area
6 Papers
706153(470)

706169(294)

706183(390)

706203(352)

706219(296)

***********

***********

****NIL****

***********

***********

706193(178)

***********

***********

***********

***********

706155(118)

706161(109)

706167(114)

706206(146)

706223(134)

706172(70)

706174(60)

706175(77)

706177(60)

706181(60)

706195(65)

706198(70)

706208(94)

***********

***********

5 Papers
4 Papers
3 Papers
2 Papers

13
Govt. Boys Comprehensive H.S.School Azizabad F.B.Area
1Paper
706152(20)

706154(20)

706160(46)

706162(20)

706179(57)

706182(20)

706184(20)

706189(54)

706192(23)

706197(46)

706204(20)

706207(40)

706210(23)

706212(40)

706214(42)

706215(20)

706216(24)

706217(21)

706224(44)

706226(54)

Govt. City College (Morning)
6 Papers
706403(297)

706419(328)

706423(319)

706424(296)

706431(308)

706437(330)

706440(415)

706455(424)

706476(318)

706485(313)

706486(291)

706500(345)

706507(314)

***********

***********

***********

***********

****NIL****

***********

***********

706406(183)

706417(200)

706420(205)

706477(207)

706509(216)

706408(143)

706411(105)

706438(108)

706439(136)

706457(136)

706463(154)

706469(120)

706478(123)

706480(135)

706484(151)

706510(116)

706511(124)

706518(108)

706519(112)

706522(129)

706532(144)

***********

***********

***********

***********

706410(60)

706427(96)

706442(64)

706448(90)

706451(60)

706453(90)

706461(76)

706462(62)

706465(64)

706471(61)

706479(73)

706493(111)

706504(70)

706508(60)

706517(67)

706521(100)

706526(78)

706528(63)

706534(80)

***********

706407(60)

706413(40)

706415(43)

706418(43)

706421(40)

706428(50)

706430(41)

706434(40)

706435(22)

706441(45)

706443(24)

706446(20)

706452(40)

706459(40)

706473(50)

706474(26)

706489(63)

706490(40)

706491(40)

706496(50)

706505(50)

706506(51)

706512(23)

706515(43)

706523(20)

706525(44)

706530(60)

706531(40)

706539(40)

***********

5 Papers
4 Papers
3 Papers

2 Papers

1Paper

Pak Land Govt. Boys & Girls Higher Secondary School, Azizabad
6 Papers
***********

***********

****NIL****

***********

***********

***********

***********

****NIL****

***********

***********

***********

***********

****NIL****

***********

***********

***********

***********

****NIL****

***********

***********

706751(73)

706755(80)

706756(80)

***********

***********

5 Papers
4 Papers
3 Papers
2 Papers

14
Pak Land Govt. Boys & Girls Higher Secondary School, Azizabad
1Paper
***********

***********

****NIL****

***********

***********

College for Advanced Studies
6 Papers
707101(429)

707103(324)

707104(390)

707107(310)

758251(427)

***********

***********

****NIL****

***********

***********

***********

***********

****NIL****

***********

***********

707102(160)

707105(155)

707106(156)

***********

***********

***********

***********

****NIL****

***********

***********

***********

***********

****NIL****

***********

***********

5 Papers
4 Papers
3 Papers
2 Papers
1Paper
Concordia College (Gulshan-e-Maymar Campus), Karachi
6 Papers
***********

***********

****NIL****

***********

***********

***********

***********

****NIL****

***********

***********

***********

***********

****NIL****

***********

***********

707201(160)

***********

***********

***********

***********

***********

***********

****NIL****

***********

***********

***********

***********

****NIL****

***********

***********

5 Papers
4 Papers
3 Papers
2 Papers
1Paper
Dehli Science & Commerce College, Karimabad
6 Papers
***********

***********

****NIL****

***********

***********

***********

***********

****NIL****

***********

***********

***********

***********

****NIL****

***********

***********

***********

***********

****NIL****

***********

***********

707301(64)

707302(61)

***********

***********

***********

***********

***********

****NIL****

***********

***********

5 Papers
4 Papers
3 Papers
2 Papers
1Paper

15
Riphah International College (The Genius Campus), F.B Area
6 Papers
***********

***********

****NIL****

***********

***********

***********

***********

****NIL****

***********

***********

***********

***********

****NIL****

***********

***********

707403(108)

707404(159)

***********

***********

***********

707402(65)

***********

***********

***********

***********

707401(31)

***********

***********

***********

***********

5 Papers
4 Papers
3 Papers
2 Papers
1Paper
Sir Adamjee Institute
6 Papers
707501(353)

707504(385)

707505(328)

707506(334)

707507(357)

707508(395)

707509(349)

707510(281)

707511(366)

707512(293)

707513(445)

707514(293)

707516(326)

707519(397)

707520(300)

707522(316)

707523(367)

707526(390)

707527(300)

707528(286)

707529(345)

707532(312)

707534(402)

707535(257)

758651(303)

758652(329)

758653(402)

758654(458)

758655(301)

758656(324)

758657(390)

758658(402)

758659(343)

758660(395)

758662(417)

758663(398)

***********

***********

***********

***********

707531(352)

***********

***********

***********

***********

707502(228)

707517(189)

***********

***********

***********

707518(170)

707525(113)

707530(135)

707533(146)

707536(133)

707537(137)

***********

***********

***********

***********

707503(73)

707515(87)

707524(77)

758661(66)

***********

707521(20)

***********

***********

***********

***********

5 Papers
4 Papers
3 Papers

2 Papers
1Paper
The Caspian College
6 Papers
707651(295)

707652(301)

707659(306)

758801(427)

758802(433)

758803(318)

758804(372)

758805(287)

758806(389)

758807(410)

758809(384)

758810(316)

758811(313)

758812(387)

***********

***********

***********

****NIL****

***********

***********

707654(213)

707655(232)

707656(202)

707658(240)

707661(158)

5 Papers
4 Papers

16
The Caspian College
3 Papers
707653(154)

707660(112)

707662(157)

***********

***********

707657(76)

***********

***********

***********

***********

758808(24)

***********

***********

***********

***********

2 Papers
1Paper
Govt. Boys Higher Secondary School Haji Mureed Goth (S.M.), Firdous Colony
6 Papers
***********

***********

****NIL****

***********

***********

***********

***********

****NIL****

***********

***********

***********

***********

****NIL****

***********

***********

***********

***********

****NIL****

***********

***********

707904(81)

707905(72)

***********

***********

***********

707902(24)

707903(24)

707906(30)

707907(22)

707908(20)

707909(21)

***********

***********

***********

***********

5 Papers
4 Papers
3 Papers
2 Papers
1Paper

Govt. College For Men Nazimabad
6 Papers
708001(405)

708002(376)

708003(325)

708004(370)

708005(427)

708006(469)

708007(378)

708008(413)

708009(322)

708010(375)

708011(383)

708013(330)

708014(377)

708015(341)

708016(346)

708017(316)

708018(343)

708019(398)

708020(327)

708021(335)

708022(384)

708024(404)

708025(381)

708026(411)

708027(437)

708028(283)

708031(403)

708032(347)

708033(444)

708034(468)

708035(472)

708036(291)

708039(253)

708040(377)

708041(441)

708047(334)

708048(341)

708051(323)

708052(406)

708053(410)

708054(418)

708056(415)

708058(368)

708059(361)

708060(345)

708063(452)

708064(330)

708065(316)

708066(374)

708069(365)

708071(285)

708074(376)

708076(319)

708077(303)

708078(269)

708079(381)

708080(361)

708081(286)

708082(350)

708083(292)

708084(392)

708085(460)

708086(355)

708088(392)

708090(345)

708091(415)

708092(385)

708093(313)

708095(369)

708096(327)

708097(289)

708098(300)

708100(381)

708101(426)

708102(335)

708103(373)

708104(305)

708105(468)

708106(325)

708107(343)

708108(379)

708110(342)

708111(319)

708112(368)

708113(362)

708114(316)

708115(332)

708116(315)

708117(294)

708120(378)

708121(314)

708122(427)

708124(317)

708126(294)

708127(476)

708129(424)

708130(295)

708131(288)

708132(354)

708133(341)

708134(321)

708135(284)

708136(316)

708137(303)

708138(291)

17
Govt. College For Men Nazimabad
708139(453)

708140(359)

708141(285)

708143(334)

708144(392)

708147(360)

708149(462)

708150(345)

708153(415)

708155(353)

708157(258)

708158(464)

708159(318)

708161(403)

708162(239)

708163(388)

708167(344)

708168(397)

708169(305)

708170(388)

708172(324)

708173(334)

708174(374)

708175(441)

708178(319)

708179(306)

708181(344)

708182(334)

708183(357)

708185(348)

708186(399)

708188(263)

708189(373)

708191(319)

708192(422)

708193(382)

708194(295)

708195(407)

708198(312)

708199(318)

708203(284)

708204(296)

708205(420)

708208(320)

708209(315)

708210(307)

708212(266)

708215(352)

708216(349)

708217(253)

708222(316)

708223(359)

708224(350)

708225(375)

708226(284)

708228(305)

708231(357)

708232(336)

708233(298)

708235(390)

708237(317)

708238(374)

708243(294)

708244(281)

708245(333)

708246(469)

708247(403)

708248(385)

708249(345)

708250(474)

708252(302)

708253(315)

708254(441)

708255(418)

708256(354)

708258(432)

708259(400)

708261(427)

708263(444)

708264(380)

708265(307)

708266(370)

708267(389)

708268(411)

708269(390)

708271(289)

708272(309)

708273(291)

708274(462)

708275(323)

708277(353)

708278(330)

***********

***********

***********

708067(268)

708089(240)

***********

***********

***********

708030(200)

708037(220)

708038(217)

708044(165)

708057(209)

708062(176)

708073(149)

708099(181)

708118(182)

708119(170)

708123(204)

708125(170)

708128(171)

708142(191)

708154(231)

708156(216)

708160(208)

708165(191)

708171(195)

708176(201)

708180(232)

708196(202)

708197(182)

708200(212)

708207(186)

708227(184)

708234(175)

708270(208)

708276(169)

***********

708023(145)

708029(134)

708043(156)

708055(127)

708061(151)

708068(136)

708070(128)

708072(141)

708075(122)

708177(119)

708184(131)

708187(160)

708190(131)

708202(110)

708214(127)

708220(128)

708229(112)

708279(110)

***********

***********

708046(65)

708049(78)

708050(65)

708087(60)

708148(74)

708151(119)

708201(63)

708211(72)

708218(68)

708241(69)

708242(93)

708260(102)

***********

***********

***********

708045(27)

708094(44)

708109(41)

708145(26)

708166(40)

708213(42)

708230(40)

708239(44)

708251(40)

708257(40)

5 Papers
4 Papers

3 Papers

2 Papers

1Paper

Govt. Degree Science & Commerce College Asifabad
6 Papers
708518(266)

***********

***********

***********

***********

18
Govt. Degree Science & Commerce College Asifabad
5 Papers
***********

***********

****NIL****

***********

***********

708525(169)

708584(179)

***********

***********

***********

708526(103)

708527(108)

708552(114)

708571(121)

708595(114)

708596(106)

708602(119)

708605(117)

***********

***********

708507(70)

708510(80)

708512(80)

708513(80)

708528(61)

708530(63)

708535(62)

708564(63)

708574(83)

708578(73)

708579(79)

708603(62)

708612(62)

***********

***********

708504(40)

708509(40)

708517(20)

708524(40)

708531(41)

708534(20)

708536(20)

708550(40)

708555(22)

708560(23)

708561(40)

708563(20)

708565(41)

708570(20)

708572(40)

708573(40)

708577(21)

708582(48)

708586(46)

708600(20)

708607(20)

708614(20)

***********

***********

***********

4 Papers
3 Papers

2 Papers

1Paper

Govt. Degree Science College Liaquatabad
6 Papers
708922(315)

708934(319)

708935(255)

708940(244)

708945(472)

708948(394)

708950(340)

708957(330)

708970(242)

708977(250)

708978(256)

708987(257)

709016(320)

709024(331)

***********

***********

***********

****NIL****

***********

***********

708914(165)

708915(183)

708917(174)

708926(206)

708939(154)

708952(148)

708955(195)

708965(185)

708969(167)

708986(180)

708988(165)

708997(173)

709011(162)

***********

***********

708918(108)

708920(120)

708923(127)

708924(110)

708927(105)

708938(110)

708941(124)

708949(103)

708958(139)

708966(108)

708971(108)

708972(102)

708976(112)

708989(113)

708990(123)

708991(106)

708992(111)

708993(113)

708994(112)

708995(117)

709007(111)

709012(146)

***********

***********

***********

708928(60)

708929(60)

708930(66)

708936(80)

708942(78)

708944(79)

708946(65)

708947(65)

708962(72)

708963(72)

708964(89)

708973(64)

708980(67)

708981(64)

708982(77)

708983(68)

708984(69)

708999(84)

709000(74)

709003(70)

709004(87)

709010(68)

709014(78)

709018(71)

709019(100)

709023(67)

***********

***********

***********

***********

708903(21)

708906(20)

708907(22)

708908(27)

708911(24)

5 Papers
4 Papers

3 Papers

2 Papers

1Paper

19
Govt. Degree Science College Liaquatabad
708913(22)

708916(30)

708919(20)

708921(41)

708925(42)

708931(48)

708933(21)

708937(41)

708943(45)

708951(21)

708953(30)

708956(40)

708959(46)

708961(26)

708967(20)

708975(20)

708985(26)

708998(40)

709001(40)

709005(40)

709008(43)

709015(45)

709027(53)

***********

***********

Hussaini Government Boys Higher Secondary School
6 Papers
709162(383)

709191(336)

***********

***********

***********

***********

***********

****NIL****

***********

***********

709169(149)

709170(185)

***********

***********

***********

709156(112)

709190(119)

***********

***********

***********

709152(96)

709153(80)

709154(79)

709159(71)

709164(87)

709167(74)

709168(68)

709171(70)

709172(68)

709174(61)

709176(66)

709177(66)

709179(93)

709181(81)

709183(65)

709184(76)

709188(79)

709192(66)

709193(62)

709194(65)

709155(42)

709157(62)

709158(52)

709160(20)

709163(47)

709173(21)

709178(24)

709182(43)

709187(20)

709189(42)

709196(21)

709197(20)

***********

***********

***********

5 Papers
4 Papers
3 Papers
2 Papers

1Paper

Sirajuddaullah Govt. College (Morning)
6 Papers
709304(298)

709312(359)

709314(353)

709320(409)

709341(366)

709346(321)

709351(313)

***********

***********

***********

***********

***********

****NIL****

***********

***********

709323(249)

709336(225)

709345(216)

709350(188)

709356(165)

709308(157)

709317(130)

709318(140)

709322(137)

709324(127)

709325(141)

709327(127)

709328(122)

709330(145)

709331(157)

709333(153)

709334(145)

709337(148)

709338(119)

709344(158)

709347(138)

709349(118)

709352(157)

709355(147)

709357(108)

709302(80)

709303(67)

709306(68)

709307(70)

709310(63)

709313(79)

709316(76)

709319(74)

709329(73)

709335(111)

709339(63)

709340(76)

709343(90)

709348(97)

709354(73)

709305(28)

709315(20)

709321(52)

709326(31)

***********

5 Papers
4 Papers
3 Papers

2 Papers

1Paper

20
Bahria Foundation College (Nazimabad Campus)
6 Papers
709752(377)

709753(317)

709754(407)

709756(469)

760851(310)

760853(289)

***********

***********

***********

***********

***********

***********

****NIL****

***********

***********

***********

***********

****NIL****

***********

***********

709751(156)

709757(121)

***********

***********

***********

760852(67)

***********

***********

***********

***********

709755(20)

***********

***********

***********

***********

5 Papers
4 Papers
3 Papers
2 Papers
1Paper
Govt. Boys Baba Willayat Ali Shah Higher Secondary School
6 Papers
***********

***********

****NIL****

***********

***********

***********

***********

****NIL****

***********

***********

***********

***********

****NIL****

***********

***********

710001(141)

710008(104)

710017(104)

710020(100)

***********

710003(69)

710007(74)

710012(78)

***********

***********

710004(22)

710009(22)

710010(20)

710011(22)

710014(21)

710019(42)

***********

***********

***********

***********

5 Papers
4 Papers
3 Papers
2 Papers
1Paper

Govt. Degree Science & Commerce College Orangi Town
6 Papers
***********

***********

****NIL****

***********

***********

***********

***********

****NIL****

***********

***********

***********

***********

****NIL****

***********

***********

710155(112)

710168(131)

***********

***********

***********

710152(60)

710157(67)

710161(63)

***********

***********

710156(43)

710163(20)

710166(40)

710167(23)

710170(45)

5 Papers
4 Papers
3 Papers
2 Papers
1Paper
Shaheed Zulfiqar Ali Bhutto Govt. Boys Degree College
6 Papers
710318(303)

***********

***********

***********

***********

21
Shaheed Zulfiqar Ali Bhutto Govt. Boys Degree College
5 Papers
***********

***********

****NIL****

***********

***********

***********

***********

****NIL****

***********

***********

***********

***********

****NIL****

***********

***********

***********

***********

****NIL****

***********

***********

710303(21)

710305(28)

710309(20)

710310(46)

710312(21)

710319(20)

710321(40)

710326(20)

710333(32)

710334(20)

710338(33)

710340(28)

***********

***********

***********

4 Papers
3 Papers
2 Papers
1Paper

Govt. Degree Boys College, Metrovill, S.I.T.E.
6 Papers
710951(463)

710960(314)

710962(461)

710963(253)

710968(331)

711001(266)

***********

***********

***********

***********

***********

***********

****NIL****

***********

***********

710953(151)

710961(186)

710975(160)

710976(182)

710982(177)

710964(144)

710969(124)

710980(116)

710990(107)

710995(124)

711002(110)

711003(111)

711004(113)

711006(110)

711015(106)

711017(116)

711019(114)

***********

***********

***********

710957(68)

710970(90)

710978(84)

710989(66)

710991(62)

710999(75)

711005(60)

711007(66)

711010(71)

711014(74)

711018(60)

***********

***********

***********

***********

710954(34)

710955(21)

710956(20)

710958(21)

710959(27)

710965(20)

710966(27)

710979(45)

710986(21)

710992(21)

710993(33)

710994(46)

710998(20)

711000(20)

711008(30)

711009(21)

711011(20)

***********

***********

***********

5 Papers
4 Papers
3 Papers

2 Papers

1Paper

Govt. Boys Higher Secondary School SITE Model
6 Papers
***********

***********

****NIL****

***********

***********

***********

***********

****NIL****

***********

***********

***********

***********

****NIL****

***********

***********

***********

***********

****NIL****

***********

***********

5 Papers
4 Papers
3 Papers

22
Govt. Boys Higher Secondary School SITE Model
2 Papers
***********

***********

****NIL****

***********

***********

711101(30)

711102(20)

711103(22)

***********

***********

1Paper
The Science Higher Secondary School, Metroville S.I.T.E
6 Papers
711352(282)

762851(360)

***********

***********

***********

***********

***********

****NIL****

***********

***********

711351(198)

***********

***********

***********

***********

***********

***********

****NIL****

***********

***********

***********

***********

****NIL****

***********

***********

***********

***********

****NIL****

***********

***********

5 Papers
4 Papers
3 Papers
2 Papers
1Paper
Govt. Degree Boys College 9-E, Baldia Town
6 Papers
***********

***********

****NIL****

***********

***********

***********

***********

****NIL****

***********

***********

***********

***********

****NIL****

***********

***********

711609(121)

711611(129)

***********

***********

***********

711603(81)

711604(65)

711605(65)

711607(70)

711608(68)

711612(67)

***********

***********

***********

***********

711602(20)

711606(20)

***********

***********

***********

5 Papers
4 Papers
3 Papers
2 Papers

1Paper
Govt. Degree Boys College Baldia Town
6 Papers
711754(342)

711758(359)

711770(391)

711788(253)

711870(295)

711873(214)

***********

***********

***********

***********

711762(226)

711807(175)

711822(185)

711833(207)

711835(204)

711766(151)

711767(134)

711768(102)

711771(128)

711780(135)

711793(130)

711800(126)

711805(145)

711806(132)

711808(146)

711809(112)

711811(107)

711817(107)

711818(134)

711820(138)

711821(115)

711832(129)

711836(152)

711850(129)

711851(112)

5 Papers
4 Papers
3 Papers

23
Govt. Degree Boys College Baldia Town
711858(127)

711863(113)

711865(119)

711867(111)

711868(150)

711882(126)

711883(119)

***********

***********

***********

711763(83)

711765(69)

711774(89)

711775(97)

711778(75)

711781(68)

711785(67)

711786(96)

711797(89)

711799(84)

711803(60)

711813(91)

711814(81)

711816(88)

711819(81)

711824(69)

711830(70)

711846(78)

711852(96)

711854(60)

711856(88)

711861(61)

711862(64)

711866(68)

711869(64)

711871(72)

711872(66)

711874(77)

711875(68)

711879(83)

711880(74)

711881(67)

***********

***********

***********

711759(20)

711761(40)

711769(40)

711772(44)

711773(41)

711776(44)

711782(20)

711783(20)

711790(48)

711792(20)

711794(24)

711796(25)

711798(42)

711812(46)

711815(40)

711823(21)

711825(40)

711826(20)

711827(27)

711828(27)

711829(27)

711834(27)

711839(43)

711841(20)

711842(20)

711843(20)

711844(22)

711845(27)

711864(22)

711885(26)

711886(27)

***********

***********

***********

***********

2 Papers

1Paper

Crescent Public Higher Secondary School
6 Papers
712253(284)

712254(340)

***********

***********

***********

***********

***********

****NIL****

***********

***********

***********

***********

****NIL****

***********

***********

712251(111)

***********

***********

***********

***********

***********

***********

****NIL****

***********

***********

712252(20)

***********

***********

***********

***********

5 Papers
4 Papers
3 Papers
2 Papers
1Paper
HOPE Inter College
6 Papers
712352(318)

712353(314)

712354(340)

763601(320)

763602(309)

712351(286)

***********

***********

***********

***********

***********

***********

****NIL****

***********

***********

***********

***********

****NIL****

***********

***********

***********

***********

****NIL****

***********

***********

5 Papers
4 Papers
3 Papers
2 Papers

24
HOPE Inter College
1Paper
***********

***********

****NIL****

***********

***********

Karachi Superior College Saeedabad, Baldia Town
6 Papers
712451(393)

712452(404)

712453(352)

712454(339)

712455(345)

712457(268)

712459(347)

763702(373)

763704(315)

763705(380)

763707(332)

763708(352)

***********

***********

***********

***********

***********

****NIL****

***********

***********

712458(167)

***********

***********

***********

***********

763703(173)

763706(145)

***********

***********

***********

***********

***********

****NIL****

***********

***********

***********

***********

****NIL****

***********

***********

5 Papers
4 Papers
3 Papers
2 Papers
1Paper
Scholars Higher Secondary School, Saeedabad
6 Papers
712551(290)

712553(260)

712563(369)

712567(324)

712570(290)

712572(310)

712574(382)

712575(276)

712580(372)

712581(319)

712584(334)

712585(280)

712588(330)

712589(355)

763803(374)

763804(411)

763805(333)

763807(427)

763808(396)

763810(328)

763811(334)

763812(322)

763813(473)

763814(435)

763815(447)

763816(389)

763817(415)

763818(332)

763819(453)

763820(346)

763821(301)

763822(335)

763823(425)

763824(436)

763825(437)

***********

***********

****NIL****

***********

***********

712557(183)

712571(209)

712579(176)

712583(174)

***********

712552(138)

712554(119)

712555(125)

712556(112)

712559(118)

712561(115)

712564(125)

712566(122)

712568(145)

712576(144)

712590(119)

763801(167)

763806(126)

763826(172)

***********

712560(89)

712562(67)

712565(69)

712569(86)

712573(95)

712577(80)

712578(60)

712586(72)

763809(100)

***********

***********

***********

****NIL****

***********

***********

5 Papers
4 Papers
3 Papers

2 Papers

1Paper
The Pinnacle College
6 Papers
712801(285)

712802(353)

712803(362)

712806(412)

712807(393)

712808(378)

712809(284)

712810(325)

712811(337)

712813(429)

25
The Pinnacle College
712814(419)

712815(384)

712817(359)

712818(397)

712819(369)

712820(423)

712821(365)

712822(422)

712823(290)

712824(392)

764051(365)

764052(327)

764053(313)

764054(416)

764055(391)

764058(301)

***********

***********

***********

***********

712816(298)

***********

***********

***********

***********

712805(208)

***********

***********

***********

***********

***********

***********

****NIL****

***********

***********

764056(91)

***********

***********

***********

***********

***********

***********

****NIL****

***********

***********

5 Papers
4 Papers
3 Papers
2 Papers
1Paper
D.J. Sindh Govt. Science College
6 Papers
713101(318)

713102(288)

713103(377)

713104(330)

713105(307)

713108(470)

713109(400)

713110(332)

713111(319)

713112(301)

713114(350)

713115(339)

713116(310)

713117(284)

713120(317)

713121(307)

713122(296)

713123(415)

713126(404)

713127(388)

713128(407)

713129(331)

713130(365)

713131(409)

713132(398)

713133(280)

713134(286)

713137(309)

713138(284)

713140(353)

713142(404)

713145(369)

713147(303)

713150(336)

713151(353)

713152(349)

713153(352)

713154(290)

713156(326)

713159(331)

713162(367)

713163(337)

713165(364)

713167(328)

713168(340)

713169(345)

713170(469)

713171(386)

713173(394)

713175(431)

713176(308)

713177(348)

713180(441)

713182(304)

713184(333)

713185(343)

713187(335)

713188(287)

713189(345)

713190(335)

713191(403)

713192(351)

713193(318)

713194(302)

713195(374)

713196(260)

713197(376)

713199(456)

713201(348)

713204(403)

713205(337)

713206(463)

713207(363)

713208(404)

713210(333)

713212(306)

713213(370)

713214(419)

713215(339)

713216(394)

713219(265)

713221(391)

713222(430)

713223(386)

713224(303)

713225(348)

713226(416)

713227(407)

713228(401)

713229(370)

713230(383)

713234(352)

713238(379)

713240(331)

713243(297)

713246(296)

713249(326)

713254(314)

713255(362)

713256(309)

713257(450)

713258(314)

713260(306)

713261(335)

713263(344)

713265(389)

713268(413)

713269(414)

713272(287)

713273(366)

713274(288)

713276(471)

713277(419)

713278(271)

713281(313)

713284(417)

713285(295)

713286(379)

713287(323)

713288(346)

713292(316)

713294(452)

713297(405)

713300(376)

713301(319)

713304(317)

713306(434)

713307(435)

713308(348)

713309(381)

713310(418)

713311(397)

713314(375)

713315(472)

713318(298)

26
D.J. Sindh Govt. Science College
713319(472)

713321(412)

713325(315)

713326(419)

713327(339)

713328(274)

713330(466)

713333(271)

713334(320)

713335(469)

713336(426)

713337(465)

713338(427)

713339(323)

713342(407)

713343(423)

713344(382)

713345(467)

713346(352)

713347(382)

713348(357)

713351(326)

713352(414)

713353(385)

713354(327)

713357(301)

713358(291)

713363(326)

713365(400)

713366(320)

713368(389)

713371(417)

713372(331)

713374(316)

713376(420)

713378(423)

713379(348)

713380(286)

713381(326)

713382(336)

713384(276)

713387(423)

713389(383)

713396(428)

713397(331)

713398(292)

713400(343)

713404(372)

713405(364)

713406(290)

713407(300)

713408(444)

713409(356)

713410(349)

713413(364)

713414(330)

713416(353)

713417(266)

713418(363)

713419(311)

713420(415)

713421(306)

713422(329)

713424(290)

713425(447)

713426(295)

713427(391)

713428(369)

713429(307)

713430(326)

713431(390)

713434(278)

713435(331)

713437(310)

713438(454)

713439(271)

713440(414)

713441(421)

713442(266)

713444(297)

713445(394)

713446(332)

713447(288)

713448(336)

713450(428)

713453(310)

713455(310)

713456(296)

713457(240)

713458(359)

713459(350)

713460(387)

713462(375)

713463(372)

713464(303)

713465(302)

713466(281)

713468(346)

713471(333)

713473(393)

713474(282)

713475(334)

713476(310)

713477(306)

713478(375)

713481(407)

713482(354)

713483(282)

713485(396)

713486(339)

713487(372)

713488(308)

713490(319)

713491(295)

713494(390)

713495(381)

713496(373)

713497(342)

713498(375)

713499(389)

713502(463)

713503(351)

713506(365)

713507(343)

713508(410)

713509(418)

713510(405)

713511(328)

713512(274)

713514(416)

713515(327)

713517(323)

713518(304)

713519(310)

713521(370)

713523(405)

713525(373)

713526(376)

713527(423)

713529(396)

713530(266)

713532(337)

713533(412)

713534(337)

713535(345)

713536(386)

713537(305)

713539(312)

713540(297)

713542(322)

713543(384)

713544(352)

713545(347)

713546(298)

713547(354)

713549(354)

713550(289)

713551(403)

713552(305)

713553(346)

713554(343)

713555(463)

713557(276)

713558(343)

713559(348)

713560(348)

713561(467)

713563(410)

713564(253)

713565(469)

713570(302)

713572(354)

713573(332)

713574(320)

713575(365)

713576(436)

713577(360)

713579(329)

713580(440)

713581(448)

713582(381)

713584(389)

713585(430)

713588(329)

713589(337)

713590(427)

713591(295)

713592(304)

713593(281)

713594(348)

713595(324)

713596(397)

713597(398)

713599(269)

713601(336)

713602(465)

713603(400)

713604(328)

713605(362)

713607(288)

713609(313)

713610(399)

713611(310)

713613(468)

713615(368)

713616(383)

713618(425)

713619(306)

713620(349)

713622(339)

713623(342)

713627(380)

713628(375)

713629(291)

713630(341)

27
D.J. Sindh Govt. Science College
713631(320)

713632(350)

713634(337)

713636(394)

713637(312)

713639(339)

713640(425)

713642(344)

713643(356)

713644(335)

713645(263)

713646(314)

713647(302)

713648(432)

713650(440)

713652(372)

713653(346)

713654(300)

713658(295)

713659(364)

713661(294)

713663(373)

713666(384)

713667(403)

713668(392)

713669(414)

713670(428)

713671(322)

713673(332)

713675(464)

713676(326)

713678(389)

713680(391)

713681(290)

713682(368)

713683(305)

713684(393)

713685(378)

713687(398)

713688(327)

713689(350)

713690(318)

713692(336)

713693(383)

713697(455)

713698(437)

713699(305)

713700(346)

713701(406)

713702(442)

713703(374)

713704(323)

713705(326)

713706(449)

713707(408)

713708(338)

713709(322)

713711(397)

713713(333)

713714(375)

713715(414)

713716(337)

713717(289)

713719(301)

713720(385)

713721(350)

713723(388)

713724(381)

713725(348)

713727(395)

713729(275)

713730(463)

713733(373)

713734(339)

713735(367)

713736(420)

713738(419)

713740(469)

713742(296)

713743(379)

713746(311)

713747(484)

713748(347)

713749(397)

713750(408)

713751(296)

713752(407)

713753(363)

713754(332)

713755(437)

713756(398)

713757(425)

713758(408)

713760(424)

713761(387)

713762(304)

713763(353)

713764(313)

713765(301)

713766(435)

713767(400)

713768(338)

713769(359)

713770(312)

713771(439)

713772(408)

713773(326)

713774(302)

713775(300)

713777(391)

713778(362)

713779(420)

713781(320)

713783(306)

713784(450)

713785(351)

713787(475)

713788(429)

713789(461)

713790(377)

713791(401)

713792(395)

713794(332)

713795(373)

713796(247)

713799(443)

713801(390)

713803(367)

713804(391)

713806(254)

713807(343)

713808(387)

713809(422)

713810(357)

713811(286)

713812(347)

713813(363)

713815(425)

713818(416)

713819(463)

713822(421)

713823(364)

713825(374)

713826(361)

713827(360)

713828(462)

713829(360)

713830(368)

713831(358)

713832(318)

713833(420)

713834(386)

713835(248)

713836(411)

713837(424)

713838(333)

713839(377)

713841(269)

713842(369)

713843(347)

713844(334)

713845(320)

713846(243)

713847(362)

713849(342)

713850(440)

713853(371)

713856(354)

713859(324)

713860(351)

713861(365)

713862(308)

713863(362)

713864(354)

713866(364)

713867(283)

713868(410)

713870(402)

713871(295)

713873(300)

713638(292)

713851(244)

***********

***********

***********

713125(206)

713135(199)

713139(161)

713146(169)

713149(197)

713181(302)

713183(173)

713186(188)

713200(153)

713211(194)

713241(210)

713242(194)

713251(220)

713262(162)

713270(179)

713296(156)

713299(204)

713302(189)

713312(190)

713317(198)

5 Papers
4 Papers

28
D.J. Sindh Govt. Science College
713323(184)

713329(178)

713355(227)

713361(187)

713364(214)

713367(180)

713383(204)

713385(160)

713392(187)

713393(190)

713401(201)

713443(188)

713451(216)

713452(215)

713454(211)

713489(159)

713501(221)

713505(159)

713520(195)

713528(159)

713538(195)

713541(173)

713548(216)

713566(179)

713567(170)

713568(185)

713569(155)

713578(187)

713587(201)

713606(161)

713614(161)

713621(163)

713633(206)

713635(179)

713651(173)

713656(182)

713674(191)

713686(213)

713691(157)

713694(158)

713695(239)

713718(176)

713728(182)

713731(170)

713732(197)

713782(163)

713786(192)

713793(174)

713797(212)

713798(213)

713805(182)

713817(193)

713820(209)

713865(184)

713869(163)

713875(169)

***********

***********

***********

***********

713136(114)

713143(110)

713148(123)

713158(144)

713166(134)

713172(132)

713232(114)

713235(104)

713239(138)

713245(136)

713252(131)

713253(134)

713259(129)

713280(144)

713282(121)

713291(118)

713303(160)

713331(125)

713349(110)

713362(145)

713375(148)

713386(123)

713388(107)

713390(130)

713391(116)

713403(114)

713412(136)

713423(126)

713436(134)

713449(113)

713461(117)

713467(151)

713469(130)

713484(113)

713493(131)

713504(121)

713513(122)

713516(134)

713522(121)

713556(131)

713600(134)

713612(114)

713617(147)

713657(162)

713672(151)

713677(128)

713726(122)

713741(133)

713800(107)

713814(118)

713816(146)

713824(127)

713848(142)

713855(129)

***********

713119(73)

713144(60)

713155(90)

713164(80)

713179(67)

713236(72)

713244(75)

713248(69)

713266(62)

713267(60)

713289(65)

713313(69)

713332(83)

713340(65)

713341(72)

713356(71)

713369(70)

713370(102)

713373(80)

713377(63)

713402(85)

713415(88)

713433(64)

713479(65)

713500(80)

713524(77)

713562(66)

713598(63)

713624(75)

713625(107)

713626(73)

713641(75)

713712(98)

713737(70)

713776(81)

713802(77)

713840(73)

713852(77)

***********

***********

713107(48)

713113(43)

713118(42)

713161(40)

713203(40)

713218(41)

713220(75)

713231(28)

713233(25)

713250(20)

713295(20)

713298(21)

713316(23)

713320(43)

713322(20)

713359(20)

713395(21)

713399(58)

713472(44)

713531(21)

713583(31)

713586(21)

713608(20)

713662(33)

713664(20)

713665(24)

713759(20)

713780(40)

713854(22)

713858(41)

713872(24)

***********

***********

***********

***********

3 Papers

2 Papers

1Paper

29
Govt. Degree Boys College, KMC Store Nishter Road
6 Papers
714169(368)

714206(292)

714219(296)

714242(315)

714256(442)

714266(310)

714267(317)

714268(379)

714297(259)

***********

***********

***********

****NIL****

***********

***********

714152(193)

714198(178)

714207(156)

714270(164)

714300(182)

714168(125)

714170(126)

714189(111)

714190(100)

714208(111)

714209(137)

714215(120)

714223(125)

714231(102)

714248(112)

714250(128)

714252(104)

714254(112)

714259(169)

714261(109)

714263(121)

714265(120)

714271(125)

714276(123)

714278(118)

714282(106)

714283(117)

714298(138)

714299(113)

***********

714159(94)

714163(65)

714166(62)

714167(81)

714173(72)

714191(78)

714193(76)

714196(70)

714201(71)

714204(63)

714205(74)

714220(68)

714226(66)

714227(60)

714233(69)

714243(66)

714255(64)

714257(81)

714260(60)

714262(63)

714264(70)

714273(65)

714284(62)

714285(70)

714301(60)

714303(69)

***********

***********

***********

***********

714151(20)

714157(20)

714164(20)

714171(20)

714172(20)

714176(22)

714178(20)

714179(20)

714181(20)

714182(32)

714187(20)

714194(40)

714197(32)

714199(20)

714210(20)

714211(32)

714214(22)

714217(26)

714221(41)

714222(22)

714224(20)

714228(41)

714239(20)

714240(20)

714244(40)

714246(36)

714247(22)

714249(20)

714253(22)

714258(34)

714272(40)

714286(22)

714287(20)

714290(20)

714291(20)

714296(26)

714302(20)

***********

***********

***********

5 Papers
4 Papers
3 Papers

2 Papers

1Paper

Nabi Bagh Z.M. Govt. Science College
6 Papers
714454(351)

714471(267)

714506(456)

714533(374)

714549(470)

714582(308)

714595(255)

***********

***********

***********

***********

***********

****NIL****

***********

***********

714470(179)

714529(200)

714531(176)

714544(171)

714565(152)

714567(206)

714601(291)

714621(291)

***********

***********

714457(111)

714464(113)

714474(113)

714488(138)

714503(118)

714511(118)

714520(130)

714523(112)

714536(116)

714551(122)

714570(122)

714614(108)

***********

***********

***********

5 Papers
4 Papers

3 Papers

30
Nabi Bagh Z.M. Govt. Science College
2 Papers
714453(64)

714456(71)

714458(67)

714459(67)

714473(76)

714477(74)

714478(72)

714485(66)

714498(62)

714502(68)

714509(62)

714522(60)

714525(62)

714527(60)

714540(66)

714543(66)

714548(70)

714550(70)

714557(78)

714558(80)

714559(60)

714560(64)

714569(60)

714573(63)

714575(65)

714581(72)

714584(70)

714591(63)

714594(72)

714596(60)

714610(71)

714616(62)

714630(83)

***********

***********

714452(20)

714460(20)

714463(20)

714467(41)

714480(20)

714481(20)

714482(40)

714487(22)

714489(24)

714490(20)

714492(40)

714493(44)

714504(20)

714507(28)

714514(20)

714515(30)

714516(28)

714517(20)

714519(22)

714521(22)

714526(22)

714530(20)

714532(22)

714534(20)

714537(20)

714538(20)

714545(20)

714553(24)

714554(20)

714555(20)

714561(20)

714562(20)

714564(22)

714574(21)

714576(28)

714577(21)

714587(20)

714590(40)

714592(22)

714593(27)

714597(21)

714598(20)

714600(30)

714609(23)

714613(41)

714615(21)

714617(36)

714618(40)

714623(29)

***********

1Paper

S.M. Govt. Science College
6 Papers
714852(252)

714857(377)

714863(304)

714864(428)

714869(343)

714870(305)

714879(282)

714885(472)

714887(330)

714892(274)

714894(329)

714907(301)

714910(359)

714912(430)

714913(255)

714921(369)

714922(328)

714927(294)

714937(344)

714940(336)

714959(332)

714966(283)

714968(264)

714981(229)

714982(326)

714994(281)

715003(310)

715017(299)

715020(263)

715025(258)

715030(302)

715031(306)

715035(348)

715038(339)

715046(370)

715048(298)

715053(345)

715055(344)

715062(332)

715066(283)

715076(459)

715095(356)

715098(344)

715099(294)

715102(257)

715111(334)

715120(328)

715121(317)

715127(338)

715132(323)

715134(324)

715137(404)

715146(286)

715148(317)

715154(307)

715156(294)

715157(283)

715159(259)

715163(269)

715164(277)

715183(351)

715184(426)

715186(308)

715194(254)

715210(463)

***********

***********

****NIL****

***********

***********

714855(202)

714873(150)

714897(204)

714951(197)

714961(173)

714967(183)

714992(183)

714995(163)

715018(168)

715032(181)

715039(200)

715044(176)

715071(207)

715072(178)

715079(215)

715085(204)

715089(206)

715110(183)

715129(160)

715182(145)

715227(208)

***********

***********

***********

***********

5 Papers
4 Papers

31
S.M. Govt. Science College
3 Papers
714853(120)

714856(150)

714858(130)

714862(113)

714875(121)

714903(125)

714917(103)

714919(137)

714924(127)

714928(109)

714930(106)

714931(105)

714934(121)

714935(127)

714953(133)

714954(113)

714958(123)

714969(109)

714970(119)

714980(109)

714993(129)

714997(126)

714999(113)

715011(243)

715013(124)

715016(135)

715022(129)

715026(121)

715027(132)

715028(119)

715033(142)

715075(115)

715077(109)

715083(151)

715086(114)

715096(137)

715106(132)

715114(114)

715115(100)

715118(132)

715125(141)

715130(163)

715133(134)

715136(141)

715143(140)

715144(112)

715145(146)

715147(133)

715149(118)

715153(165)

715155(104)

715170(106)

715171(119)

715172(128)

715176(113)

715178(156)

715179(100)

715187(128)

715191(142)

715197(142)

715200(144)

715201(120)

715202(148)

715203(149)

715204(140)

715205(118)

715206(136)

715208(101)

715211(158)

715212(144)

715213(116)

715215(107)

715220(112)

***********

***********

714851(60)

714854(60)

714860(60)

714868(62)

714871(67)

714872(82)

714874(74)

714876(64)

714877(81)

714888(72)

714895(79)

714904(70)

714914(78)

714916(61)

714923(87)

714925(64)

714926(61)

714932(68)

714933(60)

714939(86)

714950(77)

714962(63)

714971(60)

714973(67)

714977(68)

714984(64)

714985(70)

714987(66)

714996(75)

715012(66)

715014(73)

715015(77)

715021(65)

715024(65)

715034(82)

715041(73)

715043(67)

715054(72)

715056(70)

715057(75)

715058(69)

715060(68)

715063(80)

715064(70)

715069(65)

715070(74)

715074(63)

715080(77)

715081(74)

715088(83)

715104(81)

715107(80)

715108(73)

715112(72)

715117(95)

715122(70)

715123(84)

715126(101)

715128(83)

715135(122)

715140(95)

715141(78)

715152(68)

715161(82)

715162(90)

715165(67)

715167(88)

715169(60)

715175(71)

715181(110)

715188(71)

715189(86)

715198(103)

715209(66)

715219(98)

715223(91)

715226(90)

***********

***********

***********

714866(29)

714880(32)

714889(20)

714890(23)

714896(20)

714898(21)

714902(40)

714905(22)

714918(38)

714938(40)

714943(40)

714944(20)

714947(49)

714955(20)

714957(20)

714963(22)

714974(40)

714975(20)

714976(23)

714978(40)

714986(20)

714998(22)

715001(42)

715002(46)

715006(20)

715010(25)

715023(27)

715029(51)

715040(40)

715042(58)

715045(52)

715049(43)

715050(42)

715051(40)

715059(20)

715061(51)

715065(22)

715067(44)

715073(42)

715090(23)

715092(40)

715093(40)

715094(20)

715101(20)

715103(20)

2 Papers

1Paper

32
S.M. Govt. Science College
715109(45)

715113(40)

715116(41)

715119(48)

715124(40)

715131(65)

715139(40)

715150(27)

715151(40)

715160(46)

715173(40)

715174(43)

715177(73)

715180(47)

715190(44)

715195(43)

715214(20)

715216(40)

715221(45)

715222(20)

715225(58)

715228(21)

***********

***********

***********

C.M.S Govt. Higher Secondary (Campus School) Boys & Girls, Nishter Road
6 Papers
715410(291)

766053(307)

***********

***********

***********

***********

***********

****NIL****

***********

***********

715403(181)

715409(196)

715417(189)

715420(196)

***********

715401(112)

715406(131)

715408(132)

715411(131)

715412(110)

715413(119)

715415(125)

715416(107)

766051(114)

766052(138)

715402(81)

715405(89)

715418(77)

715419(70)

***********

715414(50)

***********

***********

***********

***********

5 Papers
4 Papers
3 Papers

2 Papers
1Paper
N.J.V. Govt. Higher Secondary School (Campus), Saeed Manzil
6 Papers
715551(388)

715552(338)

715553(458)

715554(452)

715556(397)

766151(437)

766152(363)

766153(374)

766154(427)

766155(359)

***********

***********

****NIL****

***********

***********

715555(202)

***********

***********

***********

***********

***********

***********

****NIL****

***********

***********

***********

***********

****NIL****

***********

***********

***********

***********

****NIL****

***********

***********

5 Papers
4 Papers
3 Papers
2 Papers
1Paper
F.G Boys Inter College, Dr. Daud Pota Road
6 Papers
715801(340)

715802(317)

715803(294)

715804(307)

715807(345)

715809(415)

715810(323)

715813(426)

715814(306)

715817(334)

715818(302)

715820(301)

715821(290)

715825(287)

***********

715819(268)

***********

***********

***********

***********

715806(230)

715808(209)

715812(200)

715815(214)

715822(192)

715823(196)

715824(206)

715826(187)

715827(236)

715828(221)

5 Papers
4 Papers

33
F.G Boys Inter College, Dr. Daud Pota Road
3 Papers
715805(133)

715811(126)

715829(147)

***********

***********

715816(72)

***********

***********

***********

***********

***********

***********

****NIL****

***********

***********

2 Papers
1Paper
Army Public College, Saddar
6 Papers
715952(346)

715953(427)

715959(367)

715960(335)

715961(339)

715963(461)

715965(428)

715966(295)

715967(333)

715968(401)

715969(297)

715970(315)

715971(404)

715973(375)

715975(294)

767202(444)

767203(373)

***********

***********

***********

***********

***********

****NIL****

***********

***********

715951(202)

715957(187)

715962(218)

715964(217)

767201(246)

715954(123)

715955(138)

715958(132)

715974(119)

***********

715972(86)

***********

***********

***********

***********

***********

***********

****NIL****

***********

***********

5 Papers
4 Papers
3 Papers
2 Papers
1Paper
Bahria College (M.T. Khan Road)
6 Papers
716101(480)

716102(315)

716103(307)

716104(450)

716105(451)

716107(440)

716108(378)

716109(354)

716110(401)

716111(327)

716112(335)

716113(412)

716116(317)

716117(471)

716118(305)

716119(354)

716121(415)

716122(359)

716123(350)

716124(308)

716125(407)

716126(395)

716127(474)

716128(421)

716129(340)

716131(364)

716132(281)

716133(435)

716134(337)

716135(451)

716136(335)

716137(451)

767301(404)

767302(406)

767303(410)

767304(428)

767305(425)

767306(410)

767307(396)

767308(419)

767309(325)

767310(334)

767311(403)

767312(421)

***********

***********

***********

****NIL****

***********

***********

716106(209)

716120(215)

***********

***********

***********

716114(161)

716115(134)

716130(134)

***********

***********

***********

***********

****NIL****

***********

***********

***********

***********

****NIL****

***********

***********

5 Papers
4 Papers
3 Papers
2 Papers
1Paper

34
Bahria College DHA Campus
6 Papers
716251(334)

716253(312)

716254(295)

716256(321)

716257(317)

716258(446)

716259(414)

716261(328)

716262(409)

716263(451)

716266(329)

716270(312)

767401(300)

767402(299)

767403(353)

767404(347)

767405(340)

767406(440)

767408(308)

767409(369)

767410(385)

767413(268)

***********

***********

***********

***********

***********

****NIL****

***********

***********

716268(178)

***********

***********

***********

***********

716255(126)

716260(130)

716264(126)

767407(164)

***********

716252(90)

716265(73)

716267(79)

716272(63)

***********

716271(27)

***********

***********

***********

***********

5 Papers
4 Papers
3 Papers
2 Papers
1Paper
Concordia College Garden Campus, Business Recorder Road
6 Papers
767501(436)

***********

***********

***********

***********

***********

***********

****NIL****

***********

***********

***********

***********

****NIL****

***********

***********

***********

***********

****NIL****

***********

***********

716402(105)

***********

***********

***********

***********

716401(23)

***********

***********

***********

***********

5 Papers
4 Papers
3 Papers
2 Papers
1Paper
DHACSS Degree College (Intermediate)
6 Papers
716501(462)

716502(436)

716503(464)

716504(323)

716505(393)

716506(312)

716508(326)

716509(406)

716510(484)

716512(359)

716513(309)

716517(361)

716518(338)

716520(307)

716521(283)

716522(354)

716523(360)

716525(281)

716528(380)

716529(359)

716530(367)

767601(289)

767602(447)

767603(471)

***********

716515(375)

***********

***********

***********

***********

716511(228)

716514(181)

716516(172)

716524(165)

***********

716519(126)

716527(126)

***********

***********

***********

5 Papers
4 Papers
3 Papers

35
DHACSS Degree College (Intermediate)
2 Papers
***********

***********

****NIL****

***********

***********

716526(50)

716531(57)

***********

***********

***********

1Paper
Guard Public Higher Secondary School
6 Papers
716652(270)

716654(391)

716656(256)

***********

***********

***********

***********

****NIL****

***********

***********

716653(172)

716655(190)

***********

***********

***********

***********

***********

****NIL****

***********

***********

716651(96)

***********

***********

***********

***********

***********

***********

****NIL****

***********

***********

5 Papers
4 Papers
3 Papers
2 Papers
1Paper
St. Patrick's College (Morning)
6 Papers
716754(439)

716755(468)

716757(322)

716758(437)

716760(277)

716761(296)

716762(317)

716766(334)

716767(337)

716768(389)

716772(327)

716780(470)

716781(307)

716782(286)

716783(297)

767801(366)

***********

***********

***********

***********

***********

***********

****NIL****

***********

***********

716756(207)

716770(171)

716779(177)

***********

***********

716763(121)

716769(152)

***********

***********

***********

716752(108)

716753(66)

716759(80)

716771(68)

716773(65)

716774(88)

716775(71)

716776(77)

716778(61)

***********

716777(44)

716784(40)

***********

***********

***********

5 Papers
4 Papers
3 Papers
2 Papers

1Paper
The City School, Darakhshan Campus
6 Papers
716901(295)

716902(444)

716903(321)

716904(477)

716905(465)

716906(342)

716907(361)

***********

***********

***********

***********

***********

****NIL****

***********

***********

***********

***********

****NIL****

***********

***********

5 Papers
4 Papers

36
The City School, Darakhshan Campus
3 Papers
***********

***********

****NIL****

***********

***********

***********

***********

****NIL****

***********

***********

***********

***********

****NIL****

***********

***********

2 Papers
1Paper
Ghazi Muhammad Bin Qasim Govt. Boys Higher Secondary School
6 Papers
***********

***********

****NIL****

***********

***********

***********

***********

****NIL****

***********

***********

***********

***********

****NIL****

***********

***********

***********

***********

****NIL****

***********

***********

***********

***********

****NIL****

***********

***********

717251(60)

***********

***********

***********

***********

5 Papers
4 Papers
3 Papers
2 Papers
1Paper
Govt. Degree Science & Commerce College Lyari
6 Papers
***********

***********

****NIL****

***********

***********

***********

***********

****NIL****

***********

***********

717364(151)

717369(201)

717409(172)

***********

***********

717355(107)

717381(113)

717391(138)

717393(110)

717402(108)

717408(106)

717410(105)

***********

***********

***********

717357(65)

717358(68)

717368(65)

717370(65)

717374(60)

717375(71)

717377(67)

717380(71)

717382(92)

717390(70)

717394(61)

717396(71)

717401(67)

717404(101)

717412(105)

717424(73)

717425(74)

***********

***********

***********

717351(32)

717352(29)

717353(23)

717354(45)

717359(40)

717360(52)

717361(40)

717365(20)

717366(40)

717373(45)

717389(40)

717392(45)

717399(40)

717405(40)

717406(40)

717407(23)

717418(40)

717426(40)

***********

***********

5 Papers
4 Papers
3 Papers

2 Papers

1Paper

Haji Abdullah Haroon Govt. College (Morning)
6 Papers
***********

***********

****NIL****

***********

***********

37
Haji Abdullah Haroon Govt. College (Morning)
5 Papers
***********

***********

****NIL****

***********

***********

***********

***********

****NIL****

***********

***********

717503(117)

717508(121)

717534(136)

717540(138)

717541(137)

717504(82)

717511(97)

717512(87)

717514(64)

717516(79)

717518(79)

717519(76)

717529(60)

717531(62)

717535(94)

717536(78)

717537(66)

717538(62)

***********

***********

717501(26)

717505(40)

717509(24)

717510(22)

717513(32)

717517(22)

717522(26)

717524(20)

717527(23)

717539(38)

717542(20)

717543(55)

***********

***********

***********

4 Papers
3 Papers
2 Papers

1Paper

Nusrat Bhutto Govt. Degree Boys College Lyari
6 Papers
717660(303)

717727(472)

***********

***********

***********

***********

***********

****NIL****

***********

***********

717653(147)

***********

***********

***********

***********

717652(150)

717681(121)

717682(132)

717690(111)

717701(152)

717711(125)

***********

***********

***********

***********

717654(72)

717692(72)

717696(78)

717717(67)

717720(95)

717722(73)

717730(65)

717731(61)

***********

***********

717651(29)

717658(20)

717662(20)

717663(20)

717664(26)

717665(20)

717668(31)

717675(20)

717677(23)

717678(20)

717679(30)

717680(20)

717685(23)

717686(23)

717687(32)

717689(32)

717691(27)

717695(30)

717698(29)

717699(21)

717700(20)

717702(39)

717703(36)

717704(28)

717707(21)

717708(36)

717709(27)

717710(24)

717712(21)

717714(21)

717718(22)

717719(25)

717723(20)

717724(20)

717725(38)

5 Papers
4 Papers
3 Papers

2 Papers

1Paper

Bahria College (Karim Campus) Higher Secondary
6 Papers
718051(396)

718055(354)

769001(383)

769002(364)

769003(292)

769004(321)

***********

***********

***********

***********

***********

***********

****NIL****

***********

***********

718053(196)

718054(205)

718056(166)

***********

***********

5 Papers
4 Papers

38
Bahria College (Karim Campus) Higher Secondary
3 Papers
718052(126)

718057(145)

***********

***********

***********

***********

***********

****NIL****

***********

***********

***********

***********

****NIL****

***********

***********

2 Papers
1Paper
MEB College, Kharadar
6 Papers
718152(472)

718153(376)

***********

***********

***********

***********

***********

****NIL****

***********

***********

***********

***********

****NIL****

***********

***********

718151(129)

***********

***********

***********

***********

***********

***********

****NIL****

***********

***********

***********

***********

****NIL****

***********

***********

5 Papers
4 Papers
3 Papers
2 Papers
1Paper
Govt. Boys Higher Secondary School, MAO Sultanabad, Kemari
6 Papers
718404(296)

***********

***********

***********

***********

***********

***********

****NIL****

***********

***********

***********

***********

****NIL****

***********

***********

***********

***********

****NIL****

***********

***********

***********

***********

****NIL****

***********

***********

***********

***********

****NIL****

***********

***********

5 Papers
4 Papers
3 Papers
2 Papers
1Paper
Govt. Degree College Jungle Shah, Keamari
6 Papers
718525(471)

718548(290)

***********

***********

***********

***********

***********

****NIL****

***********

***********

718520(175)

718545(185)

718579(177)

718592(157)

718612(169)

718619(178)

718621(193)

***********

***********

***********

718509(101)

718511(114)

718519(126)

718522(132)

718532(118)

718533(124)

718546(107)

718547(106)

718554(128)

718559(144)

5 Papers
4 Papers

3 Papers

39
Govt. Degree College Jungle Shah, Keamari
718560(139)

718562(106)

718563(117)

718568(120)

718570(109)

718572(120)

718573(126)

718585(108)

718596(116)

718608(125)

718614(105)

718616(114)

718618(127)

***********

***********

718502(65)

718504(61)

718507(86)

718514(67)

718515(65)

718516(81)

718517(73)

718518(78)

718534(85)

718536(74)

718539(110)

718541(65)

718542(81)

718549(86)

718552(99)

718556(75)

718557(65)

718558(62)

718564(62)

718567(63)

718569(70)

718571(77)

718574(71)

718580(94)

718581(70)

718590(62)

718591(83)

718597(63)

718598(81)

718604(86)

718617(60)

***********

***********

***********

***********

718503(22)

718506(40)

718508(42)

718510(20)

718523(24)

718524(50)

718527(40)

718528(20)

718529(20)

718535(49)

718537(40)

718543(43)

718553(20)

718561(26)

718566(43)

718575(26)

718576(25)

718578(30)

718586(40)

718587(45)

718589(20)

718593(20)

718595(40)

718599(42)

718603(40)

718606(40)

718611(20)

718613(40)

718620(45)

***********

2 Papers

1Paper

Govt. Boys & Girls Higher Secondary School, Younusabad
6 Papers
769454(307)

769455(307)

***********

***********

***********

769452(262)

***********

***********

***********

***********

***********

***********

****NIL****

***********

***********

***********

***********

****NIL****

***********

***********

718854(79)

718855(81)

718856(85)

718858(65)

718860(61)

718863(60)

769451(98)

***********

***********

***********

718853(40)

718861(40)

718865(45)

769453(40)

***********

5 Papers
4 Papers
3 Papers
2 Papers

1Paper
Govt. Boys Higher Secondary School (Campus) Salehabad Manora Karachi
6 Papers
***********

***********

****NIL****

***********

***********

***********

***********

****NIL****

***********

***********

***********

***********

****NIL****

***********

***********

***********

***********

****NIL****

***********

***********

***********

***********

****NIL****

***********

***********

5 Papers
4 Papers
3 Papers
2 Papers

40
Govt. Boys Higher Secondary School (Campus) Salehabad Manora Karachi
1Paper
719002(40)

719020(50)

***********

***********

***********

Govt. Degree College Shamspir Mauripur, Hawks Bay Road
6 Papers
769651(310)

***********

***********

***********

***********

***********

***********

****NIL****

***********

***********

***********

***********

****NIL****

***********

***********

***********

***********

****NIL****

***********

***********

***********

***********

****NIL****

***********

***********

719151(42)

719152(46)

719153(44)

719154(41)

719156(40)

719159(50)

719165(40)

***********

***********

***********

5 Papers
4 Papers
3 Papers
2 Papers
1Paper

Begum Hajra Mehmood Ali Govt. Boys & Girls Higher Secondary School, Mari Pur Road
6 Papers
***********

***********

****NIL****

***********

***********

***********

***********

****NIL****

***********

***********

***********

***********

****NIL****

***********

***********

***********

***********

****NIL****

***********

***********

719201(71)

***********

***********

***********

***********

719202(24)

***********

***********

***********

***********

5 Papers
4 Papers
3 Papers
2 Papers
1Paper
Bahria College Khalid Campus, Younusabad
6 Papers
719402(387)

719407(393)

769902(335)

769903(303)

769904(388)

769905(383)

***********

***********

***********

***********

***********

***********

****NIL****

***********

***********

719404(197)

719405(202)

***********

***********

***********

719403(117)

719406(140)

***********

***********

***********

719401(75)

***********

***********

***********

***********

***********

***********

****NIL****

***********

***********

5 Papers
4 Papers
3 Papers
2 Papers
1Paper

41
Haroon Bahria Intermediate College for Boys & Girls
6 Papers
719501(363)

719503(469)

719505(275)

719509(471)

770001(413)

770003(416)

770004(494)

770005(436)

770006(330)

770007(339)

770008(413)

770009(271)

770010(331)

770011(475)

770012(419)

770013(283)

770014(288)

770015(426)

770018(444)

770019(350)

770020(291)

770021(323)

***********

***********

***********

***********

***********

****NIL****

***********

***********

719502(188)

719506(199)

719510(187)

719513(188)

***********

719504(136)

719511(108)

719512(126)

770002(111)

770016(124)

770017(179)

***********

***********

***********

***********

719507(82)

***********

***********

***********

***********

***********

***********

****NIL****

***********

***********

5 Papers
4 Papers
3 Papers

2 Papers
1Paper
PAF Intermediate College, PAF Base Masroor
6 Papers
770101(274)

770103(403)

770104(256)

***********

***********

***********

***********

****NIL****

***********

***********

719601(196)

719604(223)

719607(191)

***********

***********

719602(117)

719603(111)

719605(113)

770102(158)

***********

719606(64)

***********

***********

***********

***********

***********

***********

****NIL****

***********

***********

5 Papers
4 Papers
3 Papers
2 Papers
1Paper
Adamjee Govt. Science College
6 Papers
719851(387)

719852(399)

719853(449)

719854(377)

719855(421)

719856(422)

719858(421)

719859(360)

719860(388)

719861(373)

719862(424)

719863(409)

719864(313)

719865(408)

719866(400)

719867(321)

719868(436)

719869(454)

719870(470)

719871(380)

719872(361)

719873(480)

719874(463)

719875(490)

719876(463)

719877(446)

719878(415)

719880(452)

719881(474)

719882(396)

719883(267)

719884(486)

719885(331)

719886(411)

719887(365)

719888(382)

719889(366)

719891(439)

719892(423)

719893(466)

719894(487)

719895(310)

719896(482)

719897(405)

719898(452)

719900(458)

719901(318)

719903(489)

719904(445)

719905(401)

719906(376)

719907(296)

719908(402)

719909(395)

719910(383)

42
Adamjee Govt. Science College
719912(460)

719913(287)

719914(437)

719915(462)

719917(447)

719918(365)

719919(415)

719920(422)

719921(438)

719922(446)

719923(420)

719924(455)

719925(331)

719926(465)

719928(464)

719929(451)

719930(475)

719931(332)

719932(393)

719933(397)

719934(391)

719935(336)

719936(450)

719937(464)

719938(360)

719939(456)

719940(419)

719941(463)

719942(417)

719943(456)

719944(442)

719945(406)

719946(304)

719947(436)

719948(446)

719949(387)

719950(368)

719952(418)

719953(486)

719954(466)

719955(331)

719956(375)

719957(475)

719959(352)

719961(462)

719962(472)

719963(464)

719964(434)

719965(478)

719967(453)

719970(465)

719971(288)

719972(439)

719973(366)

719974(446)

719975(468)

719977(456)

719978(431)

719979(396)

719980(417)

719981(447)

719982(442)

719983(468)

719985(453)

719986(470)

719987(398)

719988(484)

719989(485)

719991(441)

719992(421)

719993(434)

719994(488)

719995(460)

719996(414)

719997(405)

719998(470)

719999(494)

720000(436)

720001(412)

720002(379)

720003(466)

720004(439)

720005(480)

720006(448)

720007(381)

720009(319)

720010(455)

720011(424)

720012(366)

720013(436)

720014(375)

720015(456)

720016(432)

720017(455)

720018(452)

720019(358)

720020(474)

720023(329)

720024(474)

720025(429)

720027(471)

720028(396)

720029(429)

720030(472)

720031(477)

720032(377)

720033(415)

720034(392)

720035(422)

720036(374)

720037(321)

720038(380)

720039(476)

720041(367)

720042(421)

720044(456)

720045(457)

720046(416)

720047(343)

720048(464)

720049(381)

720050(402)

720051(462)

720052(446)

720053(418)

720054(423)

720055(492)

720056(474)

720057(326)

720058(469)

720059(394)

720060(474)

720062(412)

720063(478)

720064(352)

720065(293)

720066(390)

720067(347)

720068(464)

720069(434)

720071(435)

720072(375)

720073(418)

720074(389)

720075(419)

720076(407)

720077(415)

720079(362)

720080(440)

720081(400)

720082(387)

720083(393)

720084(432)

720086(382)

720087(457)

720088(432)

720089(448)

720091(330)

720092(457)

720093(449)

720094(463)

720099(422)

720100(400)

720101(398)

720102(412)

720103(453)

720104(375)

720106(489)

720108(451)

720109(465)

720110(434)

720111(454)

720112(454)

720113(401)

720114(435)

720117(355)

720118(465)

720119(469)

720120(437)

720121(445)

720122(447)

720123(460)

720126(432)

720127(439)

720128(446)

720129(450)

720130(502)

720131(503)

720132(463)

720133(398)

720134(445)

720136(469)

720137(328)

720138(402)

720139(430)

720140(448)

720141(453)

720142(460)

720143(442)

720144(428)

720145(476)

720146(456)

720147(479)

720148(463)

720149(465)

720150(406)

720151(417)

720152(440)

720153(405)

720155(444)

720156(448)

720157(482)

720158(479)

720159(463)

720160(463)

43
Adamjee Govt. Science College
720161(459)

720162(459)

720163(425)

720164(470)

720165(458)

720166(354)

720167(437)

720168(503)

720169(408)

720170(407)

720171(485)

720172(355)

720174(481)

720175(459)

720176(472)

720177(451)

720178(482)

720179(467)

720180(406)

720181(431)

720182(363)

720183(427)

720184(458)

720185(464)

720187(398)

720188(488)

720189(422)

720190(451)

720191(435)

720192(419)

720193(504)

720194(482)

720195(341)

720196(441)

720197(479)

720199(456)

720200(483)

720201(395)

720202(444)

720203(429)

720204(315)

720205(475)

720206(441)

720208(467)

720209(504)

720210(491)

720211(440)

720212(467)

720213(403)

720214(396)

720216(461)

720217(437)

720218(472)

720219(444)

720220(471)

720221(475)

720222(460)

720223(472)

720224(364)

720225(344)

720226(472)

720227(443)

720228(354)

720229(458)

720231(402)

720232(433)

720233(450)

720234(445)

720235(436)

720236(440)

720237(418)

720240(370)

720241(387)

720242(440)

720243(453)

720244(419)

720245(455)

720246(384)

720247(443)

720248(454)

720249(459)

720250(461)

720251(275)

720252(446)

720253(445)

720254(404)

720255(458)

720256(443)

720257(442)

720258(382)

720259(415)

720260(480)

720261(477)

720262(457)

720265(474)

720266(351)

720267(466)

720268(454)

720270(397)

720271(428)

720272(354)

720273(421)

720275(437)

720276(483)

720277(467)

720278(475)

720279(418)

720280(478)

720281(433)

720282(431)

720284(454)

720285(421)

720286(428)

720287(427)

720288(490)

720289(471)

720290(432)

720291(482)

720293(440)

720294(475)

720295(425)

720296(448)

720297(353)

720298(478)

720299(344)

720301(452)

720302(452)

720303(484)

720304(492)

720305(466)

720306(444)

720308(442)

720309(439)

720310(454)

720311(486)

720312(412)

720313(468)

720314(347)

720315(425)

720316(452)

720317(338)

720318(423)

***********

***********

***********

719969(322)

720061(297)

720097(294)

720107(341)

***********

719879(184)

719890(291)

719899(180)

719958(192)

719960(239)

719968(245)

720043(209)

720085(211)

720090(189)

720096(235)

720098(205)

720105(217)

720186(200)

720207(223)

720215(252)

720283(257)

***********

***********

***********

***********

719902(113)

719911(150)

719916(142)

719966(153)

719976(112)

719984(147)

719990(173)

720008(111)

720021(124)

720070(119)

720124(154)

720135(148)

720173(121)

720238(125)

720292(181)

720307(142)

***********

***********

***********

***********

719857(84)

720026(107)

720095(81)

720198(62)

720239(78)

5 Papers
4 Papers

3 Papers

2 Papers

44
Adamjee Govt. Science College
720264(91)

720274(96)

720300(92)

***********

***********

719951(42)

720040(40)

720078(20)

720116(20)

720125(77)

720154(22)

720230(40)

720269(50)

***********

***********

1Paper

Aisha Bawany Govt. College (Morning)
6 Papers
720505(389)

720508(458)

720509(391)

720513(327)

720514(312)

720517(277)

720518(277)

720519(275)

720521(259)

720526(429)

720527(308)

720530(347)

720539(282)

720549(295)

720551(246)

720555(301)

720558(397)

720561(331)

720565(344)

720569(289)

720571(227)

***********

***********

***********

***********

720512(185)

720535(211)

720537(152)

720548(228)

720552(183)

720568(192)

***********

***********

***********

***********

720501(134)

720503(127)

720525(145)

720528(124)

720531(140)

720538(116)

720550(147)

720553(140)

720559(115)

720570(109)

720573(110)

***********

***********

***********

***********

720502(86)

720504(66)

720523(104)

720533(82)

720534(67)

720545(91)

720546(77)

720547(104)

720556(70)

720557(70)

720560(76)

720566(83)

720567(90)

***********

***********

720506(40)

720507(40)

720520(54)

720522(40)

720540(40)

720541(41)

720554(20)

720563(22)

720564(55)

***********

5 Papers
4 Papers

3 Papers

2 Papers

1Paper

Farabi Govt. Boys Higher Secondary School, Kashmir Road
6 Papers
***********

***********

****NIL****

***********

***********

***********

***********

****NIL****

***********

***********

***********

***********

****NIL****

***********

***********

***********

***********

****NIL****

***********

***********

***********

***********

****NIL****

***********

***********

***********

***********

****NIL****

***********

***********

5 Papers
4 Papers
3 Papers
2 Papers
1Paper
Govt. National College (Morning)
6 Papers
720918(364)

720920(331)

720936(413)

720961(316)

720996(402)

721000(463)

721013(287)

721017(282)

721024(401)

721030(252)

45
Govt. National College (Morning)
721045(321)

721051(358)

721054(318)

721064(284)

721069(463)

721079(318)

721090(331)

721102(355)

721108(319)

721115(249)

721149(296)

721155(319)

721166(396)

721175(286)

721187(291)

721195(329)

721203(337)

721208(293)

721213(276)

721214(371)

721216(472)

721217(289)

721223(366)

721232(299)

721235(293)

721244(318)

721245(258)

721249(300)

721250(326)

721261(275)

721264(298)

721282(283)

721283(290)

721292(326)

721293(329)

721299(297)

721302(269)

721307(335)

721314(334)

721319(356)

721323(326)

721325(283)

721326(364)

721329(472)

721340(387)

721341(327)

721351(283)

721352(261)

721355(257)

721363(294)

721364(279)

721367(432)

721372(355)

721373(318)

721376(288)

721382(318)

721387(308)

721389(336)

721390(344)

721397(456)

721402(256)

721403(306)

721407(349)

721414(280)

721416(387)

721426(303)

721430(266)

721435(344)

***********

***********

***********

***********

****NIL****

***********

***********

720910(190)

720911(184)

720921(170)

720950(193)

720952(170)

720953(159)

720960(169)

720983(216)

720991(180)

720993(170)

721014(174)

721018(173)

721019(165)

721035(192)

721042(206)

721043(166)

721049(174)

721053(170)

721078(181)

721083(174)

721087(211)

721101(185)

721137(199)

721147(203)

721191(197)

721219(175)

721230(181)

721252(177)

721262(202)

721266(190)

721274(175)

721275(170)

721276(158)

721306(181)

721315(166)

721328(156)

721342(162)

721378(184)

721406(163)

721425(202)

721427(175)

721434(169)

721449(165)

***********

***********

720901(124)

720924(121)

720925(120)

720934(140)

720942(114)

720944(123)

720945(125)

720946(136)

720947(119)

720956(120)

720974(150)

720976(139)

720978(143)

720984(114)

720985(126)

720987(128)

721006(121)

721010(125)

721022(123)

721036(125)

721040(112)

721052(113)

721071(135)

721072(120)

721081(104)

721096(137)

721104(159)

721105(136)

721110(124)

721113(116)

721117(159)

721126(113)

721129(117)

721141(124)

721146(142)

721153(163)

721154(118)

721161(112)

721163(119)

721186(137)

721188(140)

721194(149)

721204(145)

721212(137)

721220(131)

721221(119)

721222(126)

721231(118)

721239(106)

721259(125)

721263(140)

721265(136)

721301(134)

721303(125)

721304(119)

721305(125)

721334(127)

721335(149)

721354(124)

721357(107)

721365(126)

721366(106)

721368(135)

721374(133)

721388(110)

721391(125)

721400(104)

721405(118)

721413(119)

721418(149)

721423(114)

721424(145)

721428(125)

721436(127)

721439(122)

721446(119)

***********

***********

***********

***********

5 Papers
4 Papers

3 Papers

46
Govt. National College (Morning)
2 Papers
720908(75)

720913(104)

720922(62)

720930(60)

720932(75)

720937(73)

720943(62)

720948(71)

720951(77)

720954(70)

720958(72)

720959(62)

720962(73)

720963(60)

720964(83)

720965(69)

720966(74)

720967(61)

720972(73)

720973(60)

720975(96)

720977(78)

720979(66)

720981(76)

720982(74)

720986(66)

720988(63)

720989(94)

720990(88)

720992(75)

720994(67)

720995(83)

720999(75)

721001(61)

721003(67)

721005(79)

721009(71)

721037(83)

721044(64)

721050(91)

721055(90)

721056(81)

721057(60)

721059(70)

721062(67)

721066(85)

721067(73)

721077(84)

721082(68)

721084(73)

721086(66)

721088(85)

721089(83)

721092(60)

721093(64)

721094(67)

721097(80)

721099(78)

721100(72)

721109(81)

721112(90)

721114(61)

721116(73)

721122(85)

721133(68)

721134(94)

721142(91)

721143(62)

721160(96)

721164(84)

721167(72)

721174(70)

721182(80)

721183(115)

721185(85)

721192(66)

721197(74)

721198(65)

721199(72)

721200(107)

721201(102)

721202(68)

721205(106)

721207(74)

721211(76)

721215(75)

721224(75)

721229(62)

721237(71)

721238(63)

721256(70)

721258(73)

721267(83)

721280(69)

721281(64)

721284(78)

721287(68)

721288(73)

721289(70)

721291(65)

721294(64)

721295(76)

721296(97)

721327(61)

721331(66)

721343(60)

721353(64)

721359(61)

721369(70)

721377(82)

721379(68)

721380(95)

721401(106)

721415(63)

721433(60)

721441(72)

***********

***********

***********

***********

720903(41)

720929(40)

720933(20)

720938(23)

720941(41)

720949(20)

720955(20)

720957(40)

720997(44)

720998(41)

721004(33)

721007(20)

721015(27)

721016(25)

721026(20)

721027(22)

721028(22)

721029(24)

721031(29)

721032(28)

721033(20)

721034(25)

721038(21)

721039(21)

721041(44)

721046(24)

721048(22)

721063(40)

721065(20)

721068(23)

721074(20)

721075(21)

721080(33)

721085(31)

721106(40)

721107(23)

721119(21)

721125(40)

721131(20)

721132(21)

721135(40)

721136(40)

721140(40)

721145(42)

721150(25)

721151(40)

721152(22)

721159(21)

721162(23)

721168(21)

721173(23)

721177(53)

721178(41)

721179(20)

721180(26)

721190(28)

721196(50)

721227(66)

721228(21)

721234(20)

721236(31)

721240(40)

721241(22)

721243(31)

721246(21)

721247(36)

721251(21)

721253(20)

721254(20)

721255(25)

721260(32)

721270(20)

721272(20)

721278(27)

721279(22)

721286(40)

721290(28)

721298(57)

721316(20)

721317(20)

721318(30)

721322(27)

721332(20)

721333(24)

721336(20)

1Paper

47
Govt. National College (Morning)
721338(20)

721339(32)

721344(22)

721345(24)

721348(20)

721356(20)

721360(23)

721370(32)

721371(28)

721381(49)

721384(47)

721385(40)

721386(55)

721394(44)

721395(43)

721396(24)

721398(58)

721404(65)

721408(26)

721411(20)

721412(25)

721417(28)

721419(20)

721421(21)

721422(22)

721429(26)

721437(40)

721443(27)

721445(45)

721447(20)

PECHS Education Foundation Govt. Degree Science College
6 Papers
721751(290)

721752(323)

721757(296)

721758(284)

721759(376)

721762(338)

721763(337)

721764(247)

721765(255)

721766(427)

721767(405)

721777(326)

721778(307)

721779(356)

721784(321)

721785(352)

721786(408)

721789(465)

721790(421)

721792(317)

721793(363)

721794(338)

721795(401)

721796(375)

721798(353)

721800(356)

721801(386)

721802(294)

721803(296)

721807(273)

721808(317)

721809(360)

721813(338)

721816(412)

721817(451)

721818(343)

721819(345)

721822(344)

721823(337)

721833(339)

721844(359)

721848(344)

721850(357)

721852(311)

721857(329)

721860(304)

721862(400)

721864(328)

721869(372)

721870(369)

721873(461)

721879(310)

721884(299)

721887(462)

721888(380)

721889(347)

721890(276)

721892(271)

721893(294)

721896(322)

721899(296)

721903(395)

721905(384)

721907(460)

721913(376)

721914(279)

721915(315)

721921(438)

721928(300)

721930(359)

721931(345)

721933(359)

721937(415)

721938(338)

721940(363)

721941(410)

721942(314)

721945(291)

721947(295)

721953(285)

721956(352)

721963(279)

721966(376)

721969(291)

721973(283)

721975(358)

721981(347)

721982(276)

721989(354)

721991(352)

721992(429)

721993(314)

721994(399)

721995(319)

721998(274)

722006(339)

722013(293)

722017(327)

722024(356)

722025(313)

722028(294)

722033(322)

722035(372)

722036(356)

722038(354)

722044(347)

722047(465)

722048(336)

722049(366)

722050(331)

722056(329)

722057(357)

722062(347)

722064(307)

722066(370)

722067(372)

722068(439)

722069(339)

722070(352)

722072(369)

722075(299)

722076(453)

722077(394)

722078(284)

722084(327)

722085(304)

722088(306)

722090(296)

722091(363)

722092(323)

722093(367)

722097(285)

722098(400)

722099(289)

722101(351)

722102(328)

722105(323)

722108(302)

722109(279)

722113(316)

722115(289)

722118(308)

722120(258)

722122(383)

722123(288)

722124(392)

722130(301)

722131(315)

722134(304)

722137(356)

722138(463)

722139(325)

722140(327)

722141(310)

722143(281)

722144(454)

***********

***********

***********

***********

722043(266)

***********

***********

***********

***********

5 Papers

48
PECHS Education Foundation Govt. Degree Science College
4 Papers
721754(180)

721755(175)

721756(181)

721760(180)

721761(157)

721776(183)

721788(167)

721810(175)

721856(202)

721861(217)

721865(200)

721871(199)

721874(208)

721877(154)

721878(208)

721886(179)

721891(190)

721894(204)

721908(187)

721910(192)

721926(179)

721939(181)

721952(248)

721954(174)

721955(202)

721957(188)

721964(167)

721970(205)

721977(166)

721978(171)

721996(203)

722002(220)

722007(198)

722012(168)

722020(209)

722027(191)

722034(194)

722052(203)

722071(225)

722094(180)

722095(167)

722100(185)

722107(183)

722110(166)

722111(184)

722116(174)

722117(204)

722121(152)

722125(199)

722126(203)

722129(188)

722135(191)

722136(175)

***********

***********

721768(145)

721772(116)

721781(137)

721791(134)

721804(135)

721805(140)

721806(132)

721825(127)

721831(140)

721832(150)

721838(142)

721839(122)

721842(148)

721858(133)

721866(116)

721867(150)

721868(116)

721872(110)

721875(177)

721876(103)

721885(136)

721901(136)

721902(158)

721904(126)

721906(107)

721909(107)

721912(145)

721920(132)

721923(132)

721927(173)

721932(130)

721951(138)

721958(130)

721959(155)

721960(131)

721961(143)

721962(128)

721965(129)

721974(131)

721979(148)

721980(132)

721990(137)

721997(126)

722000(130)

722003(129)

722005(143)

722011(124)

722018(151)

722037(119)

722040(125)

722042(119)

722045(121)

722053(156)

722054(111)

722055(151)

722063(110)

722065(138)

722079(134)

722082(114)

722087(151)

722103(128)

722104(134)

722119(118)

722145(123)

722147(127)

722148(132)

722149(118)

***********

***********

***********

721770(75)

721771(61)

721775(83)

721782(84)

721799(96)

721811(75)

721812(85)

721820(61)

721826(84)

721830(83)

721834(71)

721837(69)

721843(74)

721845(65)

721847(67)

721849(89)

721851(82)

721855(73)

721859(96)

721881(71)

721882(79)

721897(76)

721911(60)

721918(63)

721922(64)

721924(72)

721925(66)

721934(78)

721943(68)

721944(80)

721948(62)

721949(84)

721968(72)

721971(77)

721976(75)

721983(92)

721984(94)

721985(80)

721986(82)

721987(60)

721988(73)

722001(92)

722004(71)

722009(80)

722010(85)

722016(77)

722019(75)

722021(75)

722022(93)

722026(77)

722029(76)

722030(76)

722031(71)

722032(77)

722039(79)

722041(70)

722046(65)

722058(77)

722074(62)

722083(68)

722089(66)

722106(72)

722112(68)

***********

***********

721774(20)

721780(41)

721814(40)

721821(40)

721827(35)

3 Papers

2 Papers

1Paper

49
PECHS Education Foundation Govt. Degree Science College
721828(25)

721835(31)

721840(42)

721846(25)

721853(20)

721854(23)

721863(22)

721883(54)

721898(40)

721917(54)

721935(63)

721946(41)

721950(42)

721967(48)

722014(40)

722015(27)

722023(20)

722060(40)

722081(24)

722086(45)

722114(27)

722133(42)

722142(40)

***********

***********

Fatimiyah College Boys Campus
6 Papers
722551(365)

722552(283)

722553(469)

722556(274)

722557(298)

***********

***********

****NIL****

***********

***********

***********

***********

****NIL****

***********

***********

722554(117)

***********

***********

***********

***********

722558(73)

***********

***********

***********

***********

***********

***********

****NIL****

***********

***********

5 Papers
4 Papers
3 Papers
2 Papers
1Paper
Gulistan Shah Abdul Latif Boys Higher Secondary School
6 Papers
***********

***********

****NIL****

***********

***********

***********

***********

****NIL****

***********

***********

***********

***********

****NIL****

***********

***********

***********

***********

****NIL****

***********

***********

722652(172)

***********

***********

***********

***********

***********

***********

****NIL****

***********

***********

5 Papers
4 Papers
3 Papers
2 Papers
1Paper
Army Public College, Faisal, S.M.C.H.S.
6 Papers
772601(355)

772602(429)

***********

***********

***********

***********

***********

****NIL****

***********

***********

722751(233)

***********

***********

***********

***********

***********

***********

****NIL****

***********

***********

***********

***********

****NIL****

***********

***********

5 Papers
4 Papers
3 Papers
2 Papers

50
Army Public College, Faisal, S.M.C.H.S.
1Paper
722752(25)

***********

***********

***********

***********

Askari Inter College, Bahadurabad
6 Papers
722852(296)

722853(361)

722854(265)

722855(366)

722856(337)

722859(469)

722861(379)

722862(306)

722864(310)

772702(335)

772703(375)

772704(342)

772706(332)

***********

***********

***********

***********

****NIL****

***********

***********

722865(209)

***********

***********

***********

***********

722858(150)

772701(150)

772705(170)

***********

***********

***********

***********

****NIL****

***********

***********

***********

***********

****NIL****

***********

***********

5 Papers
4 Papers
3 Papers
2 Papers
1Paper
College of Emerging Technologies
6 Papers
723051(476)

723052(359)

723053(381)

723054(323)

723056(342)

723057(390)

723058(424)

723059(467)

723062(368)

723063(314)

723065(320)

723066(427)

723067(320)

723068(355)

723069(370)

723070(342)

723071(346)

723073(422)

723074(393)

723076(476)

723077(442)

723079(453)

723080(324)

723081(387)

772901(411)

772902(430)

772904(427)

772906(415)

772907(384)

772908(401)

772909(434)

***********

***********

***********

***********

***********

***********

****NIL****

***********

***********

723055(159)

723061(214)

723072(216)

723075(234)

723078(169)

772903(288)

***********

***********

***********

***********

***********

***********

****NIL****

***********

***********

723064(66)

***********

***********

***********

***********

723060(21)

***********

***********

***********

***********

5 Papers
4 Papers

3 Papers
2 Papers
1Paper
Exemplar Intermediate College, PECHS
6 Papers
***********

***********

****NIL****

***********

***********

***********

***********

****NIL****

***********

***********

5 Papers

51
Exemplar Intermediate College, PECHS
4 Papers
723202(202)

***********

***********

***********

***********

723201(124)

***********

***********

***********

***********

***********

***********

****NIL****

***********

***********

***********

***********

****NIL****

***********

***********

3 Papers
2 Papers
1Paper
Meritorious Higher Secondary School, Block-2 PECHS
6 Papers
723301(301)

723302(324)

723303(321)

723307(364)

723309(315)

723310(421)

723311(316)

723312(402)

723313(414)

723314(327)

723315(415)

723316(449)

773101(284)

773102(321)

773103(355)

773104(486)

773105(318)

773107(318)

***********

***********

***********

***********

****NIL****

***********

***********

723304(188)

723306(190)

723308(208)

***********

***********

723305(113)

***********

***********

***********

***********

773106(80)

***********

***********

***********

***********

***********

***********

****NIL****

***********

***********

5 Papers
4 Papers
3 Papers
2 Papers
1Paper
South City Institute of Management & Technology
6 Papers
723451(326)

773201(320)

***********

***********

***********

***********

***********

****NIL****

***********

***********

***********

***********

****NIL****

***********

***********

723453(139)

***********

***********

***********

***********

***********

***********

****NIL****

***********

***********

723452(27)

***********

***********

***********

***********

5 Papers
4 Papers
3 Papers
2 Papers
1Paper
Tabani's College
6 Papers
723551(348)

773301(409)

773302(394)

***********

***********

***********

***********

****NIL****

***********

***********

5 Papers

52
Tabani's College
4 Papers
723552(192)

***********

***********

***********

***********

723553(163)

***********

***********

***********

***********

723554(85)

***********

***********

***********

***********

***********

***********

****NIL****

***********

***********

3 Papers
2 Papers
1Paper
Govt. Degree Boys College Gulzar-e-Hijri
6 Papers
723804(311)

723805(311)

723809(404)

723813(333)

723816(454)

723840(432)

723850(315)

723869(458)

723874(324)

723875(279)

723898(306)

723903(350)

723910(408)

723940(385)

723942(264)

***********

***********

****NIL****

***********

***********

723803(178)

723810(179)

723817(208)

723852(156)

723860(171)

723882(157)

723883(197)

723897(284)

723907(170)

723936(151)

723938(182)

723939(197)

723947(170)

***********

***********

723812(119)

723815(159)

723823(140)

723836(110)

723839(117)

723842(134)

723848(105)

723853(104)

723854(124)

723859(115)

723887(121)

723889(120)

723895(143)

723902(116)

723904(114)

723908(147)

723914(113)

723919(110)

723925(160)

723930(104)

723931(121)

723935(124)

723945(130)

723957(136)

***********

723801(67)

723802(84)

723818(74)

723821(61)

723822(72)

723826(66)

723832(71)

723834(64)

723835(73)

723841(75)

723858(74)

723861(79)

723862(74)

723865(64)

723867(77)

723868(67)

723870(67)

723872(89)

723881(64)

723888(68)

723890(78)

723891(80)

723894(63)

723896(60)

723899(60)

723900(64)

723901(83)

723905(77)

723906(83)

723912(60)

723915(71)

723916(69)

723922(90)

723923(84)

723924(88)

723929(80)

723932(76)

723933(67)

723934(60)

723937(70)

723941(72)

723944(71)

***********

***********

***********

723806(21)

723807(25)

723819(21)

723820(21)

723824(28)

723827(21)

723829(22)

723831(26)

723833(23)

723837(20)

723838(20)

723843(25)

723844(20)

723845(20)

723846(21)

723847(35)

723849(23)

723851(25)

723855(34)

723863(26)

723864(20)

723871(20)

723873(20)

723876(26)

723878(23)

723879(20)

723880(25)

723885(25)

723886(22)

723892(22)

723893(25)

723909(25)

723913(30)

723917(21)

723918(26)

5 Papers
4 Papers

3 Papers

2 Papers

1Paper

53
Govt. Degree Boys College Gulzar-e-Hijri
723920(24)

723928(40)

723946(40)

723948(24)

723949(26)

723951(31)

723952(20)

723953(28)

723954(20)

723955(33)

723956(30)

723958(24)

***********

***********

***********

Govt. Degree Boys College No. 1 Gulistan-e-Jauhar
6 Papers
724153(347)

724158(315)

724171(327)

724176(277)

724182(310)

724188(323)

724189(330)

724190(338)

724191(276)

724193(338)

724194(287)

724200(286)

724205(311)

724210(322)

724215(463)

724216(329)

724223(332)

724224(360)

724230(310)

724231(393)

724232(312)

724233(297)

724235(273)

724236(400)

724237(240)

724239(322)

724242(377)

724245(309)

724249(319)

724253(344)

724254(313)

724255(292)

724256(316)

724257(456)

724258(298)

724259(277)

724261(313)

724264(287)

724265(300)

724266(283)

724268(280)

724272(352)

724276(297)

724281(427)

724282(295)

724289(462)

724295(346)

724299(305)

724300(239)

724302(330)

724308(448)

724309(317)

724311(315)

724312(321)

724317(300)

724321(278)

724324(375)

724325(257)

724328(348)

724330(333)

724332(322)

724333(289)

724334(320)

724337(418)

724347(275)

724348(292)

724349(335)

724350(289)

***********

***********

724181(301)

724183(251)

724186(381)

724238(372)

724247(254)

724263(278)

724322(245)

724331(213)

724335(245)

***********

724151(156)

724155(161)

724159(170)

724175(207)

724177(176)

724179(218)

724184(184)

724199(158)

724204(193)

724211(185)

724212(174)

724221(193)

724222(202)

724227(216)

724228(184)

724234(180)

724248(289)

724251(166)

724252(175)

724260(189)

724280(175)

724287(190)

724290(185)

724292(228)

724298(166)

724318(207)

724327(195)

724329(160)

724339(143)

724342(180)

724346(181)

***********

***********

***********

***********

724157(115)

724162(145)

724163(112)

724170(156)

724174(134)

724180(113)

724195(122)

724197(110)

724201(120)

724208(140)

724217(114)

724219(123)

724220(123)

724240(157)

724241(126)

724244(121)

724250(152)

724262(141)

724278(128)

724283(123)

724284(129)

724286(128)

724296(143)

724303(112)

724304(118)

724305(132)

724310(131)

724313(139)

724314(124)

724320(124)

724323(113)

724326(117)

724340(138)

724345(121)

724352(187)

724353(128)

***********

***********

***********

***********

724154(75)

724156(64)

724165(72)

724168(72)

724196(69)

724198(65)

724203(85)

724206(85)

724209(73)

724213(68)

724218(81)

724226(116)

724269(76)

724271(68)

724273(84)

5 Papers

4 Papers

3 Papers

2 Papers

54
Govt. Degree Boys College No. 1 Gulistan-e-Jauhar
724274(80)

724285(78)

724288(94)

724291(67)

724297(70)

724307(78)

724336(66)

724338(80)

724341(67)

***********

724152(49)

724160(46)

724161(40)

724169(30)

724172(28)

724178(22)

724187(31)

724192(33)

724207(35)

724214(40)

724243(34)

724246(31)

724267(33)

724275(35)

724277(24)

724279(42)

724315(42)

724319(30)

724343(30)

724351(20)

1Paper

Govt. Degree Boys College Sachal Goth at Ghazi Goth
6 Papers
724911(468)

724919(288)

724920(290)

724927(273)

724937(462)

724965(279)

***********

***********

***********

***********

***********

***********

****NIL****

***********

***********

724903(163)

724918(179)

724949(198)

724982(196)

***********

724909(100)

724948(162)

724954(137)

724962(125)

724976(151)

724980(147)

724986(107)

***********

***********

***********

724901(82)

724904(84)

724905(83)

724907(78)

724910(79)

724914(78)

724917(70)

724929(75)

724930(97)

724932(81)

724935(77)

724940(80)

724941(72)

724958(74)

724967(66)

724989(62)

***********

***********

***********

***********

724902(42)

724922(20)

724923(30)

724924(26)

724925(24)

724926(20)

724928(25)

724931(32)

724943(20)

724945(20)

724951(28)

724952(28)

724953(23)

724955(20)

724963(40)

724964(37)

724968(21)

724972(20)

724973(20)

724974(20)

724977(40)

724978(20)

724979(23)

724981(20)

724983(26)

724985(27)

724988(22)

***********

***********

***********

5 Papers
4 Papers
3 Papers

2 Papers

1Paper

New Grammer Govt. Boys & Girls H.S.S
6 Papers
725103(327)

725104(346)

725108(318)

***********

***********

***********

***********

****NIL****

***********

***********

725109(211)

***********

***********

***********

***********

725111(139)

***********

***********

***********

***********

***********

***********

****NIL****

***********

***********

725101(20)

725102(26)

725106(20)

***********

***********

5 Papers
4 Papers
3 Papers
2 Papers
1Paper

55
Govt. Deg. Sc./Commerce College Block 7, Gulshan-e-Iqbal
6 Papers
725202(466)

725204(420)

725212(346)

725217(401)

725219(358)

725224(351)

725227(338)

725228(345)

725230(439)

725232(353)

725233(404)

725234(347)

725235(287)

725238(326)

725239(340)

725253(287)

725255(283)

725257(354)

725258(337)

725260(387)

725265(327)

725270(322)

725272(342)

725273(396)

725290(279)

725292(373)

725297(328)

725305(333)

725310(284)

725313(331)

725318(366)

725325(394)

725328(352)

725331(394)

725332(467)

725334(323)

725336(466)

725338(324)

725348(408)

725350(302)

725351(408)

725352(315)

725353(422)

725356(316)

725359(336)

725360(281)

725361(394)

725364(405)

725365(343)

725367(378)

725368(474)

725370(319)

725371(319)

725375(345)

725381(398)

725383(332)

725384(334)

725385(341)

725386(301)

725389(307)

725393(396)

725394(475)

725395(426)

725399(463)

725400(300)

725401(402)

725404(382)

725406(466)

725408(370)

725409(331)

725411(434)

725412(326)

725417(310)

725418(371)

725420(472)

725425(330)

725427(371)

725430(410)

725437(291)

725441(471)

725443(439)

725445(338)

725448(312)

725454(418)

775551(398)

775555(303)

775556(315)

775557(328)

775558(426)

775559(343)

775561(322)

775562(365)

775563(294)

775564(325)

775566(312)

775567(428)

775568(471)

775569(335)

775571(289)

775576(365)

775586(383)

775588(285)

775589(311)

775590(311)

775591(300)

775592(293)

775593(427)

775594(289)

775595(397)

775597(389)

775599(478)

775600(427)

775601(368)

775602(380)

775603(293)

775604(323)

775606(456)

775608(269)

775609(348)

775610(431)

775612(314)

775613(402)

775614(294)

775617(327)

775620(387)

775621(285)

775622(337)

775626(373)

775627(313)

775628(268)

775629(273)

775630(351)

775631(287)

775632(437)

775633(388)

775635(389)

775636(361)

775637(288)

775640(272)

775642(287)

775644(268)

775645(297)

775646(274)

775647(340)

775649(452)

775651(385)

775652(311)

775653(345)

775654(411)

775655(258)

775657(364)

775658(429)

775661(412)

775663(296)

775665(412)

775666(404)

775667(326)

775668(263)

775670(352)

775671(263)

775672(381)

775673(473)

775674(257)

775675(485)

775676(438)

775677(459)

775679(365)

775681(369)

775682(381)

775683(263)

775684(482)

775685(424)

775686(322)

775687(396)

775689(455)

775690(406)

775691(418)

775692(425)

775693(330)

775697(304)

775698(350)

775699(393)

775700(290)

775701(335)

775702(306)

775704(490)

***********

***********

***********

***********

***********

***********

****NIL****

***********

***********

725206(172)

725207(197)

725210(172)

725242(183)

725249(157)

5 Papers
4 Papers

56
Govt. Deg. Sc./Commerce College Block 7, Gulshan-e-Iqbal
725252(230)

725276(191)

725277(211)

725280(185)

725286(178)

725287(186)

725288(208)

725298(219)

725309(191)

725314(168)

725320(194)

725322(217)

725335(183)

725341(181)

725343(175)

725347(181)

725374(167)

725376(183)

725403(249)

725405(194)

725414(190)

725416(225)

725429(201)

725435(285)

725440(190)

725201(127)

725211(101)

725213(158)

725215(149)

725216(141)

725218(180)

725229(144)

725246(152)

725247(118)

725254(134)

725263(145)

725267(138)

725268(127)

725274(108)

725281(117)

725283(110)

725289(137)

725294(121)

725295(146)

725300(146)

725301(163)

725303(122)

725304(114)

725307(163)

725311(130)

725315(133)

725316(138)

725317(190)

725319(148)

725323(138)

725329(105)

725330(146)

725333(115)

725337(122)

725342(124)

725358(134)

725363(132)

725366(126)

725369(149)

725372(113)

725379(128)

725380(128)

725388(110)

725390(113)

725391(116)

725392(108)

725397(106)

725398(129)

725407(121)

725410(129)

725419(124)

725421(115)

725422(137)

725423(112)

725424(130)

725432(101)

725444(112)

725446(154)

725453(119)

775552(165)

775553(122)

775554(154)

775560(158)

775570(165)

775572(128)

775573(141)

775577(141)

775579(126)

775580(158)

775582(143)

775585(155)

775587(152)

775596(187)

775605(162)

775607(146)

775611(168)

775616(122)

775648(143)

775650(133)

775656(140)

775662(142)

775664(126)

775703(131)

***********

***********

725203(65)

725208(61)

725220(66)

725222(73)

725245(68)

725251(100)

725261(76)

725266(80)

725269(60)

725271(82)

725275(62)

725279(78)

725284(62)

725285(65)

725291(90)

725296(104)

725302(83)

725308(87)

725327(90)

725339(111)

725340(103)

725355(65)

725357(93)

725373(61)

725378(67)

725382(61)

725426(110)

725428(72)

725433(60)

725434(85)

725436(68)

725438(73)

725439(60)

725442(102)

725449(66)

725450(77)

725451(65)

775565(134)

775575(117)

775578(98)

775581(102)

775584(63)

775615(96)

775619(124)

775623(87)

775624(105)

775634(72)

775639(76)

775659(85)

775669(82)

775678(63)

775688(85)

775694(81)

775695(82)

775696(60)

725205(20)

725209(20)

725214(22)

725223(40)

725225(40)

725226(40)

725231(20)

725250(40)

725259(23)

725262(40)

725278(58)

725282(20)

725293(62)

725299(45)

725306(50)

725312(40)

725321(40)

725324(42)

725326(50)

725344(53)

725345(55)

725346(40)

725354(42)

725362(40)

725387(43)

725396(40)

725402(48)

725413(40)

725415(45)

725431(46)

725447(40)

725452(44)

775574(41)

775625(62)

775638(21)

3 Papers

2 Papers

1Paper

57
Govt. Deg. Sc./Commerce College Block 7, Gulshan-e-Iqbal
775660(21)

775680(50)

***********

***********

***********

Govt. Degree Boys & Girls College SRE-III, Majeed, Stadium Road
6 Papers
725654(424)

725655(371)

725656(317)

725657(445)

725658(328)

725659(330)

725660(321)

725661(297)

725662(396)

725663(338)

725665(330)

725666(376)

725669(307)

725670(415)

725671(340)

725675(292)

725679(381)

725681(404)

725682(316)

725685(299)

725686(356)

725687(395)

725688(327)

725690(410)

725691(444)

725693(311)

725694(334)

725698(381)

725699(408)

725700(325)

725701(444)

725702(405)

725704(352)

725706(371)

725709(341)

725710(428)

725711(410)

725712(360)

725715(337)

725719(361)

725722(319)

725723(320)

725724(346)

725730(406)

725731(440)

725733(389)

725734(380)

725735(413)

725737(327)

725742(387)

725744(408)

725745(450)

725747(284)

725748(299)

725750(321)

725756(369)

725757(340)

725758(338)

725759(429)

725760(467)

725761(471)

725763(470)

725764(298)

725765(346)

725771(379)

725772(447)

725788(394)

725789(377)

725790(463)

725792(457)

725793(338)

725794(290)

725795(395)

725797(315)

725798(416)

725799(355)

725800(312)

725802(272)

725803(338)

725804(446)

725805(341)

725806(405)

725807(364)

725808(397)

725809(450)

725810(442)

725811(425)

725814(432)

725815(309)

725816(302)

725819(486)

725820(415)

725823(334)

725830(460)

725831(467)

775801(436)

775802(440)

775803(440)

775804(340)

775805(382)

775806(389)

775807(320)

775808(453)

775809(390)

775810(383)

775811(366)

775813(395)

775814(396)

775815(294)

775816(265)

775817(350)

775818(385)

775819(362)

775820(360)

775821(396)

775822(443)

775823(290)

775824(361)

775825(277)

775826(298)

775827(297)

775828(361)

775829(291)

775832(350)

775833(273)

775834(439)

775835(345)

775836(417)

775837(299)

775838(361)

775839(413)

775840(357)

775841(340)

775842(358)

775843(413)

775844(452)

775845(404)

775846(353)

775847(310)

775848(305)

775850(421)

775852(432)

775853(363)

775854(469)

775855(413)

775856(384)

775857(375)

775858(395)

775860(437)

775861(364)

775862(347)

775863(441)

775864(390)

775865(422)

775866(423)

775867(386)

775868(449)

775869(406)

775870(344)

775871(380)

775872(380)

775873(459)

775874(405)

775875(397)

775876(339)

775877(463)

775878(365)

775879(408)

775880(381)

775881(284)

775882(396)

775883(472)

775884(316)

775885(354)

775886(374)

775887(385)

775888(438)

775889(343)

775890(426)

775891(447)

775892(301)

775893(311)

775894(405)

775895(372)

775897(315)

775898(388)

775900(327)

775902(343)

***********

***********

775899(302)

***********

***********

***********

***********

5 Papers

58
Govt. Degree Boys & Girls College SRE-III, Majeed, Stadium Road
4 Papers
725652(231)

725672(178)

725673(191)

725680(205)

725695(171)

725705(189)

725713(195)

725717(195)

725720(187)

725727(229)

725729(167)

725740(217)

725751(179)

725774(171)

725778(216)

725787(197)

725801(178)

725812(212)

725813(223)

725821(176)

725822(200)

725825(203)

725826(168)

***********

***********

725651(166)

725664(145)

725668(197)

725677(131)

725683(116)

725684(169)

725689(155)

725696(143)

725697(119)

725703(143)

725707(138)

725708(130)

725714(149)

725716(132)

725721(132)

725726(137)

725739(147)

725741(121)

725743(156)

725746(179)

725766(123)

725768(140)

725770(144)

725773(128)

725779(124)

725781(115)

725782(119)

725783(115)

725785(134)

725791(122)

725817(105)

725824(139)

725828(121)

725829(146)

775859(121)

775896(131)

775901(113)

775903(133)

***********

***********

725674(73)

725676(86)

725725(84)

725728(104)

725736(87)

725738(94)

725749(87)

725776(80)

725780(67)

725818(74)

725832(76)

725834(69)

775830(72)

775831(83)

775849(103)

775851(103)

***********

***********

***********

***********

725678(70)

725718(42)

725732(44)

725753(32)

725755(30)

725762(26)

725767(20)

725769(21)

725775(20)

725784(20)

725786(21)

725796(56)

725827(40)

725833(26)

***********

3 Papers

2 Papers

1Paper

Adler College
6 Papers
726151(458)

776402(410)

***********

***********

***********

***********

***********

****NIL****

***********

***********

726152(174)

***********

***********

***********

***********

776401(152)

***********

***********

***********

***********

***********

***********

****NIL****

***********

***********

726153(21)

***********

***********

***********

***********

5 Papers
4 Papers
3 Papers
2 Papers
1Paper
Army Public College, COD (Intermediate)
6 Papers
726251(399)

726252(412)

726253(320)

726254(315)

726255(319)

776501(383)

776502(353)

***********

***********

***********

***********

***********

****NIL****

***********

***********

5 Papers

59
Army Public College, COD (Intermediate)
4 Papers
***********

***********

****NIL****

***********

***********

***********

***********

****NIL****

***********

***********

***********

***********

****NIL****

***********

***********

***********

***********

****NIL****

***********

***********

3 Papers
2 Papers
1Paper
Bahria College (Karsaz)
6 Papers
726351(360)

726352(469)

726353(333)

726354(361)

726355(385)

726356(393)

726357(357)

726358(432)

726359(366)

726360(462)

726361(345)

726362(358)

726363(390)

726364(342)

726365(389)

726366(444)

726367(359)

726368(424)

726369(454)

726370(400)

726371(336)

726372(423)

726373(390)

726374(420)

726375(409)

726376(391)

726377(412)

726378(329)

726379(378)

726380(392)

726381(419)

726382(414)

726383(377)

726384(354)

726385(419)

726386(367)

726387(341)

726388(363)

726389(432)

726390(322)

726391(363)

726392(337)

726393(453)

726394(454)

726395(433)

726396(390)

726397(413)

726398(337)

726399(454)

726400(416)

726401(343)

726402(425)

726403(446)

726404(394)

726405(359)

726406(417)

726407(307)

726408(399)

726409(428)

726410(420)

726411(411)

726413(339)

726414(302)

726415(350)

726416(414)

726417(420)

726418(454)

726419(400)

726420(390)

726421(410)

726423(461)

726424(385)

726425(353)

726426(414)

726427(393)

726428(360)

726429(417)

726431(406)

726432(393)

726433(377)

726434(328)

726436(441)

726437(297)

726438(348)

726439(435)

726440(419)

726441(294)

726442(409)

726443(318)

726445(390)

726446(429)

726447(364)

726448(473)

726449(405)

726450(426)

726451(350)

726452(411)

726453(352)

726454(437)

726455(484)

726456(435)

726457(400)

726458(431)

726459(308)

726460(429)

726461(398)

726462(469)

726463(352)

726464(423)

726465(366)

726466(463)

726467(378)

726468(270)

726469(469)

726470(371)

726471(425)

776601(422)

776602(401)

776603(468)

776604(365)

776605(434)

776606(460)

776607(474)

776608(380)

776609(384)

776610(409)

776611(478)

776612(458)

776613(469)

776614(424)

776615(409)

776616(382)

776617(421)

776618(374)

776619(443)

776620(404)

776621(461)

776622(398)

776623(430)

776624(452)

776625(362)

776626(409)

776627(412)

776628(384)

776629(421)

776630(432)

776631(395)

776632(403)

776633(452)

776634(390)

776635(347)

776636(478)

776637(354)

776638(434)

776639(380)

776640(395)

776641(348)

776642(446)

776643(382)

776644(381)

776645(496)

776646(443)

776647(440)

776648(447)

776649(358)

60
Bahria College (Karsaz)
776650(441)

776651(401)

776652(435)

776653(382)

776654(480)

776655(444)

776656(371)

776657(360)

776658(402)

776659(467)

776660(416)

776661(435)

776662(407)

776663(380)

776664(402)

776665(448)

776666(423)

776667(409)

776668(425)

776669(399)

776670(445)

776671(445)

776672(468)

***********

***********

726435(281)

***********

***********

***********

***********

726412(221)

726422(202)

726430(187)

726444(201)

***********

***********

***********

****NIL****

***********

***********

***********

***********

****NIL****

***********

***********

***********

***********

****NIL****

***********

***********

5 Papers
4 Papers
3 Papers
2 Papers
1Paper
Bahria College EAB-I Majeed Campus
6 Papers
726602(291)

726616(327)

726617(422)

726618(269)

726619(410)

726624(348)

726635(441)

726638(391)

776802(280)

776803(260)

776804(260)

776806(254)

776807(336)

776808(362)

776809(360)

776811(345)

776812(359)

776814(310)

***********

***********

***********

***********

****NIL****

***********

***********

726606(182)

***********

***********

***********

***********

726604(105)

726621(123)

726622(103)

726623(129)

726636(105)

726639(127)

726640(154)

776801(111)

776805(118)

776810(142)

776813(129)

***********

***********

***********

***********

726601(67)

726620(62)

726625(100)

726627(72)

726630(97)

726631(81)

726632(109)

726634(74)

726637(63)

***********

726603(22)

726613(21)

726614(20)

726615(40)

726628(31)

726629(32)

726633(60)

***********

***********

***********

5 Papers
4 Papers
3 Papers

2 Papers

1Paper

Bahria Foundation College (Nuzhat Yazdani Campus)
6 Papers
726753(471)

776902(280)

776903(268)

***********

***********

***********

***********

****NIL****

***********

***********

726752(193)

726754(178)

***********

***********

***********

5 Papers
4 Papers

61
Bahria Foundation College (Nuzhat Yazdani Campus)
3 Papers
776901(129)

***********

***********

***********

***********

726751(89)

***********

***********

***********

***********

***********

***********

****NIL****

***********

***********

2 Papers
1Paper
Chiniot Islamia College
6 Papers
726953(341)

726954(311)

726955(361)

726956(314)

726957(399)

777101(312)

777102(423)

777103(357)

777104(316)

777105(363)

777106(317)

***********

***********

***********

***********

***********

***********

****NIL****

***********

***********

726951(176)

***********

***********

***********

***********

726952(118)

***********

***********

***********

***********

***********

***********

****NIL****

***********

***********

***********

***********

****NIL****

***********

***********

5 Papers
4 Papers
3 Papers
2 Papers
1Paper
Commecs College
6 Papers
727051(428)

727052(470)

727053(416)

727055(373)

727057(357)

727059(280)

727060(322)

727061(330)

727062(359)

727063(398)

727065(272)

727066(471)

727067(406)

727068(377)

727071(447)

727072(381)

727073(468)

727074(293)

727075(354)

727076(340)

727078(378)

727079(368)

727081(371)

727082(472)

727083(391)

727084(469)

727085(434)

727086(349)

727087(410)

727088(407)

727089(299)

727090(378)

727091(467)

727092(421)

727093(385)

727095(336)

727096(420)

727097(387)

727098(351)

727100(406)

727101(470)

727102(324)

727103(394)

727105(356)

727106(471)

727108(424)

727109(423)

727110(308)

727111(342)

727112(282)

727113(321)

727114(355)

727115(371)

727116(341)

727117(335)

727118(305)

727119(320)

777201(309)

777202(384)

777203(469)

777204(451)

777205(437)

777206(333)

777207(372)

777208(413)

777209(399)

777210(310)

777211(330)

777212(450)

777213(459)

777214(463)

777215(372)

777216(283)

777217(392)

777218(338)

777219(410)

777220(427)

777221(382)

777222(373)

777223(407)

777224(389)

777225(409)

777226(325)

777227(474)

777228(423)

777229(422)

777230(375)

777231(394)

777232(386)

777233(378)

777234(350)

777235(396)

777236(463)

777237(351)

777238(469)

777239(445)

***********

***********

***********

***********

62
Commecs College
5 Papers
***********

***********

****NIL****

***********

***********

727069(203)

727070(218)

727077(214)

727094(199)

727104(190)

727058(171)

727099(120)

727107(120)

***********

***********

727064(88)

727080(62)

***********

***********

***********

727056(53)

***********

***********

***********

***********

4 Papers
3 Papers
2 Papers
1Paper
Concordia College Jauhar Campus (Intermediate)
6 Papers
727251(338)

777352(337)

***********

***********

***********

727254(281)

***********

***********

***********

***********

***********

***********

****NIL****

***********

***********

777351(137)

***********

***********

***********

***********

***********

***********

****NIL****

***********

***********

***********

***********

****NIL****

***********

***********

5 Papers
4 Papers
3 Papers
2 Papers
1Paper
Continental College of Science & Technology (Olympian Islahuddin Road, Gulshan-e-Iqbal)
6 Papers
777451(246)

***********

***********

***********

***********

***********

***********

****NIL****

***********

***********

***********

***********

****NIL****

***********

***********

***********

***********

****NIL****

***********

***********

727351(84)

***********

***********

***********

***********

727352(32)

727354(27)

***********

***********

***********

5 Papers
4 Papers
3 Papers
2 Papers
1Paper
Everest Grammar Higher Secondary School, Block-13, Gulistan-e-Jauhar
6 Papers
727452(480)

727456(466)

777552(357)

777553(322)

***********

***********

***********

****NIL****

***********

***********

***********

***********

****NIL****

***********

***********

5 Papers
4 Papers

63
Everest Grammar Higher Secondary School, Block-13, Gulistan-e-Jauhar
3 Papers
727453(139)

727455(108)

***********

***********

***********

***********

***********

****NIL****

***********

***********

727451(20)

727454(20)

***********

***********

***********

2 Papers
1Paper
Ideal Grammer Higher Secondary School, Suparco Road
6 Papers
727651(417)

727652(443)

727653(448)

727654(416)

727655(447)

777751(449)

777752(430)

***********

***********

***********

727656(350)

***********

***********

***********

***********

***********

***********

****NIL****

***********

***********

***********

***********

****NIL****

***********

***********

***********

***********

****NIL****

***********

***********

***********

***********

****NIL****

***********

***********

5 Papers
4 Papers
3 Papers
2 Papers
1Paper
Pak-Turk Maarif International School & College, Gulistan-e-Jauhar
6 Papers
727851(366)

727852(450)

727853(327)

727854(362)

727856(319)

727857(468)

***********

***********

***********

***********

***********

***********

****NIL****

***********

***********

727855(186)

***********

***********

***********

***********

727858(130)

***********

***********

***********

***********

***********

***********

****NIL****

***********

***********

***********

***********

****NIL****

***********

***********

5 Papers
4 Papers
3 Papers
2 Papers
1Paper
The City School, University Road Campus
6 Papers
728051(304)

728052(362)

728054(381)

728055(294)

728057(323)

778154(309)

778155(331)

***********

***********

***********

***********

***********

****NIL****

***********

***********

728053(226)

***********

***********

***********

***********

5 Papers
4 Papers

64
The City School, University Road Campus
3 Papers
***********

***********

****NIL****

***********

***********

778153(61)

***********

***********

***********

***********

***********

***********

****NIL****

***********

***********

2 Papers
1Paper
Govt. Superior Science/Commerce College, Shah Faisal Colony
6 Papers
728303(338)

728308(430)

728309(434)

728315(304)

728329(377)

728338(303)

728346(337)

728347(251)

728353(296)

728360(298)

728362(307)

728390(439)

728391(350)

728392(259)

728393(388)

728399(306)

728408(458)

728409(317)

728414(333)

728426(323)

728435(308)

728437(301)

728451(369)

728461(266)

728464(312)

728467(294)

728470(240)

728483(276)

728486(442)

728495(452)

728503(298)

728508(347)

728516(328)

728518(335)

728519(287)

728523(362)

728524(355)

728525(357)

728526(306)

728528(272)

728531(348)

728533(433)

728536(314)

728537(283)

728556(258)

728385(296)

***********

***********

***********

***********

728325(196)

728340(181)

728352(201)

728361(181)

728383(185)

728388(190)

728406(216)

728417(316)

728466(168)

728469(164)

728475(207)

728478(198)

728484(179)

728485(208)

728532(200)

728535(176)

728559(168)

***********

***********

***********

728301(152)

728307(134)

728319(141)

728320(152)

728323(113)

728339(121)

728342(141)

728349(119)

728351(125)

728367(106)

728370(116)

728376(110)

728378(142)

728382(104)

728384(128)

728389(135)

728395(137)

728396(136)

728398(137)

728401(133)

728403(113)

728404(113)

728405(138)

728407(140)

728412(137)

728416(144)

728418(142)

728442(112)

728463(135)

728465(126)

728471(103)

728472(122)

728473(156)

728474(126)

728480(104)

728488(143)

728489(124)

728497(125)

728511(255)

728521(124)

728540(130)

***********

***********

***********

***********

728326(73)

728357(87)

728358(67)

728359(69)

728371(67)

728373(75)

728374(65)

728394(71)

728400(82)

728402(80)

728411(84)

728419(73)

728423(65)

728431(71)

728432(93)

728433(78)

728438(62)

728444(60)

728449(72)

728457(63)

728460(70)

728468(83)

728482(74)

728492(82)

728494(73)

728512(84)

728514(73)

728529(77)

728541(83)

728544(76)

728551(72)

728552(83)

728553(77)

728554(80)

728558(82)

5 Papers
4 Papers

3 Papers

2 Papers

65
Govt. Superior Science/Commerce College, Shah Faisal Colony
1Paper
728304(23)

728324(21)

728334(32)

728336(46)

728337(20)

728341(22)

728350(33)

728355(25)

728363(20)

728364(22)

728365(20)

728372(27)

728375(23)

728379(20)

728386(40)

728397(20)

728420(22)

728425(20)

728434(59)

728443(44)

728450(40)

728452(20)

728455(25)

728462(20)

728490(20)

728499(24)

728500(24)

728501(20)

728502(40)

728504(40)

728507(21)

728509(32)

728513(29)

728515(22)

728527(20)

728530(24)

728534(27)

728555(22)

728557(48)

***********

IROOTS College, Darul Aman Society, Shahrah-e-Faisal
6 Papers
728903(381)

728904(315)

***********

***********

***********

***********

***********

****NIL****

***********

***********

728901(188)

728902(236)

***********

***********

***********

***********

***********

****NIL****

***********

***********

***********

***********

****NIL****

***********

***********

***********

***********

****NIL****

***********

***********

5 Papers
4 Papers
3 Papers
2 Papers
1Paper
A.S.F. Intermediate College
6 Papers
729004(285)

729005(389)

779301(369)

***********

***********

***********

***********

****NIL****

***********

***********

729001(173)

729002(176)

729003(176)

***********

***********

***********

***********

****NIL****

***********

***********

***********

***********

****NIL****

***********

***********

***********

***********

****NIL****

***********

***********

5 Papers
4 Papers
3 Papers
2 Papers
1Paper
Concordia College Malir Campus, Rafah-e-Aam Society Shah Faisal Town
6 Papers
***********

***********

****NIL****

***********

***********

***********

***********

****NIL****

***********

***********

***********

***********

****NIL****

***********

***********

5 Papers
4 Papers

66
Concordia College Malir Campus, Rafah-e-Aam Society Shah Faisal Town
3 Papers
729301(132)

779601(144)

***********

***********

***********

729302(65)

***********

***********

***********

***********

***********

***********

****NIL****

***********

***********

2 Papers
1Paper
KBV CAA Model School & College
6 Papers
729501(280)

729502(394)

729503(464)

729505(336)

729506(294)

729507(308)

779801(380)

779802(403)

779803(376)

779804(337)

779805(370)

779806(360)

779807(349)

***********

***********

***********

***********

****NIL****

***********

***********

***********

***********

****NIL****

***********

***********

729504(142)

***********

***********

***********

***********

***********

***********

****NIL****

***********

***********

***********

***********

****NIL****

***********

***********

5 Papers
4 Papers
3 Papers
2 Papers
1Paper
New Fazaia Intermediate College, Shahrah-e-Faisal
6 Papers
729601(341)

729603(308)

729604(329)

729605(305)

729606(382)

729609(408)

729611(281)

729612(308)

729613(349)

729614(468)

729615(334)

729616(329)

729617(300)

729619(341)

779901(384)

779902(415)

779903(428)

779904(375)

779905(368)

779906(327)

779907(336)

779908(381)

779909(314)

***********

***********

***********

***********

****NIL****

***********

***********

729602(211)

729608(216)

***********

***********

***********

729610(143)

729618(184)

779910(117)

***********

***********

***********

***********

****NIL****

***********

***********

***********

***********

****NIL****

***********

***********

5 Papers
4 Papers
3 Papers
2 Papers
1Paper
Allama Iqbal Govt. Science Boys College No. 1, Model Colony
6 Papers
729901(318)

729902(372)

729905(284)

729918(310)

729925(462)

729936(301)

729939(277)

729944(297)

729948(334)

729957(342)

729958(291)

729960(313)

729987(296)

729993(282)

730006(416)

67
Allama Iqbal Govt. Science Boys College No. 1, Model Colony
730008(273)

***********

***********

***********

***********

729937(218)

***********

***********

***********

***********

729909(152)

729911(182)

729912(187)

729941(206)

729949(181)

729951(206)

729955(159)

729968(203)

729974(177)

729978(192)

729994(178)

729998(186)

729999(168)

730012(177)

730013(186)

729903(123)

729906(115)

729908(112)

729910(147)

729915(114)

729916(142)

729921(108)

729923(113)

729924(114)

729926(122)

729928(118)

729930(116)

729934(113)

729938(130)

729940(118)

729952(114)

729954(109)

729961(133)

729962(127)

729965(139)

729966(108)

729967(129)

729986(137)

729991(116)

729995(113)

729997(125)

730016(133)

***********

***********

***********

729904(60)

729913(63)

729914(69)

729920(60)

729931(75)

729935(84)

729942(66)

729943(77)

729950(106)

729953(95)

729959(92)

729964(80)

729969(108)

729971(86)

729977(100)

729981(80)

729983(96)

729985(94)

729996(65)

730001(84)

730004(64)

730011(94)

730014(67)

***********

***********

729917(41)

729919(47)

729922(20)

729933(40)

729956(41)

729963(49)

729975(41)

729976(41)

729979(47)

729980(62)

729982(27)

729984(44)

729990(42)

729992(40)

730002(40)

730003(44)

730005(23)

730007(27)

730009(51)

730015(21)

5 Papers
4 Papers

3 Papers

2 Papers

1Paper

Govt. Degree Boys College Sheesha Gali, Liaquat Square Market Malir
6 Papers
***********

***********

****NIL****

***********

***********

***********

***********

****NIL****

***********

***********

730158(192)

***********

***********

***********

***********

730153(118)

730156(108)

730159(113)

***********

***********

730152(76)

***********

***********

***********

***********

730151(42)

730154(48)

730155(21)

730157(20)

730160(28)

5 Papers
4 Papers
3 Papers
2 Papers
1Paper
Govt. Degree Science/Commerce College Malir at Saudabad
6 Papers
730376(352)

730397(324)

730402(275)

730404(314)

730411(335)

730412(355)

730423(465)

730425(447)

730430(461)

***********

68
Govt. Degree Science/Commerce College Malir at Saudabad
5 Papers
***********

***********

****NIL****

***********

***********

730301(154)

730358(181)

730434(173)

***********

***********

730306(111)

730351(114)

730391(133)

730406(115)

730414(128)

730308(87)

730311(71)

730312(96)

730316(63)

730338(83)

730347(68)

730352(64)

730353(66)

730356(70)

730372(63)

730374(74)

730377(73)

730388(65)

730394(70)

730395(71)

730409(69)

730415(83)

730433(79)

***********

***********

730310(45)

730318(21)

730320(27)

730322(20)

730324(22)

730328(20)

730331(23)

730332(24)

730333(20)

730339(35)

730342(20)

730345(21)

730350(42)

730360(20)

730362(46)

730363(31)

730364(34)

730365(23)

730398(21)

730405(21)

730417(24)

730420(20)

730424(23)

730428(21)

730431(22)

730432(20)

***********

***********

***********

***********

4 Papers
3 Papers
2 Papers

1Paper

Jamia Millia Govt. College (Morning)
6 Papers
730654(310)

730658(369)

730659(296)

730660(295)

730672(262)

730712(273)

730739(306)

730742(272)

730745(318)

730753(314)

730754(270)

730758(302)

730759(257)

730792(303)

730823(306)

730656(230)

730763(274)

***********

***********

***********

730652(185)

730653(206)

730661(149)

730665(180)

730666(185)

730673(203)

730675(154)

730722(197)

730733(167)

730743(168)

730744(187)

730764(192)

730768(184)

730771(169)

730773(194)

730786(150)

730793(164)

730794(207)

730795(175)

730812(160)

730820(190)

730824(193)

730846(184)

***********

***********

730663(114)

730664(117)

730668(108)

730669(121)

730685(141)

730696(132)

730697(150)

730702(106)

730703(142)

730705(133)

730716(113)

730720(123)

730729(152)

730738(111)

730746(112)

730749(121)

730751(165)

730752(118)

730757(111)

730762(119)

730766(134)

730770(132)

730781(101)

730782(118)

730783(134)

730789(138)

730799(102)

730805(121)

730806(131)

730826(118)

730828(119)

730851(123)

***********

***********

***********

730671(69)

730676(72)

730680(64)

730706(73)

730707(70)

730709(63)

730714(70)

730715(98)

730723(75)

730724(68)

730726(85)

730728(75)

730731(68)

730736(61)

730737(72)

5 Papers
4 Papers

3 Papers

2 Papers

69
Jamia Millia Govt. College (Morning)
730741(64)

730748(66)

730756(61)

730761(60)

730767(70)

730769(63)

730774(85)

730776(65)

730777(66)

730778(73)

730780(75)

730785(74)

730788(74)

730791(74)

730798(72)

730809(64)

730811(64)

730813(96)

730814(60)

730817(66)

730818(63)

730830(86)

730831(67)

730832(61)

730833(70)

730834(74)

730835(74)

730838(71)

730840(80)

730841(70)

730842(83)

***********

***********

***********

***********

730651(22)

730655(20)

730657(30)

730670(40)

730682(45)

730684(41)

730704(40)

730708(40)

730710(20)

730717(41)

730718(43)

730719(20)

730721(46)

730725(60)

730727(52)

730730(40)

730735(40)

730747(20)

730755(40)

730760(55)

730775(41)

730790(23)

730802(20)

730804(40)

730807(20)

730810(32)

730819(48)

730821(52)

730827(25)

730829(25)

730837(20)

730845(40)

730848(23)

730849(30)

730850(29)

730852(20)

***********

***********

***********

***********

1Paper

Govt. Boys & Girls H.Sec.School Haji Nathoo, Malir
6 Papers
731035(269)

731045(419)

781151(369)

781152(329)

***********

731028(393)

***********

***********

***********

***********

731006(178)

731016(165)

731025(147)

731030(166)

731034(185)

731001(122)

731021(104)

731022(100)

731032(145)

731037(154)

731005(70)

731009(64)

731011(64)

731013(68)

731026(87)

731027(73)

731040(98)

731043(81)

***********

***********

731008(27)

731017(40)

731023(40)

731029(21)

731033(60)

731038(55)

731039(50)

731041(61)

***********

***********

5 Papers
4 Papers
3 Papers
2 Papers

1Paper

Govt. Degree Sc., Arts & Comm. College Murad Memon Goth
6 Papers
731162(471)

731168(239)

731185(264)

***********

***********

***********

***********

****NIL****

***********

***********

***********

***********

****NIL****

***********

***********

731153(105)

731206(107)

731212(126)

***********

***********

731190(79)

731207(61)

731218(62)

***********

***********

5 Papers
4 Papers
3 Papers
2 Papers

70
Govt. Degree Sc., Arts & Comm. College Murad Memon Goth
1Paper
731154(26)

731156(22)

731175(27)

731189(20)

731191(28)

731199(23)

731201(47)

731202(50)

731205(40)

731211(40)

731216(23)

731217(21)

***********

***********

***********

Govt. Degree Science/Commerce College Malir Cantt.
6 Papers
731451(360)

731452(356)

731454(352)

731455(392)

731457(429)

731458(397)

731459(480)

731461(439)

731462(399)

731464(384)

731465(356)

731466(405)

731467(449)

731468(364)

731469(327)

731470(455)

731472(406)

731473(367)

731474(413)

731475(455)

731477(445)

731478(357)

731479(375)

731480(349)

731481(364)

731482(351)

731483(489)

731485(410)

731486(410)

731491(385)

731493(473)

731494(462)

731495(311)

731496(301)

731497(447)

731498(438)

731499(395)

731500(327)

731501(456)

731502(398)

731503(297)

731505(471)

731508(386)

731509(345)

731510(441)

731511(370)

731512(278)

731513(398)

731514(292)

731515(428)

731516(409)

731517(289)

731518(353)

731519(472)

731521(475)

731522(361)

731523(452)

731525(467)

731526(412)

731527(430)

731528(454)

731529(366)

731530(441)

731533(467)

731536(487)

731537(441)

781351(408)

781352(280)

781353(358)

781354(392)

781355(377)

781356(403)

781357(394)

781358(372)

781359(428)

781360(358)

781361(390)

781362(472)

781363(400)

781365(435)

781366(295)

781367(343)

781368(355)

781369(430)

781370(325)

781371(318)

781372(380)

781373(427)

781374(339)

781376(394)

781377(312)

781378(333)

781379(363)

781380(317)

781381(352)

781382(441)

781383(397)

781384(433)

781386(356)

781387(279)

781388(494)

781389(284)

781390(494)

781391(290)

781392(428)

781393(328)

781394(312)

781397(303)

781398(402)

781399(384)

781400(280)

781401(323)

781402(395)

781404(341)

781406(328)

781408(329)

781410(409)

781411(383)

781412(442)

781413(265)

781414(315)

781415(271)

781416(325)

781417(342)

781418(398)

781419(377)

781421(288)

781422(407)

781423(282)

781424(347)

781425(301)

781426(389)

781427(325)

781428(413)

781429(281)

781430(389)

781431(424)

781433(374)

781434(375)

781435(299)

781436(387)

781437(443)

781439(311)

781440(386)

781441(418)

781442(361)

781443(289)

781444(416)

781445(393)

781446(407)

781447(342)

781448(457)

781449(360)

781450(359)

781452(414)

781454(311)

781455(329)

781456(359)

781457(290)

781459(366)

781460(424)

781461(442)

781462(419)

781463(402)

781464(382)

781465(434)

781467(443)

781468(384)

781469(263)

781470(319)

781471(330)

781472(313)

781473(430)

781474(341)

781476(289)

781477(433)

781478(273)

781479(328)

781480(404)

781481(453)

781482(449)

781483(370)

781484(281)

781485(459)

781486(410)

71
Govt. Degree Science/Commerce College Malir Cantt.
781487(446)

781488(366)

781489(383)

781490(472)

781491(480)

731489(374)

***********

***********

***********

***********

731453(234)

731463(159)

731490(255)

731532(253)

***********

731471(138)

731476(159)

731506(144)

731520(124)

781375(163)

781385(166)

781396(109)

781403(112)

781405(131)

781407(130)

781409(139)

781451(114)

781453(119)

781458(110)

781466(121)

731492(98)

731524(61)

731531(69)

731534(101)

781364(114)

781420(69)

781438(75)

781475(91)

781493(97)

***********

731484(23)

731488(49)

731504(40)

731535(77)

781432(28)

781492(51)

***********

***********

***********

***********

5 Papers
4 Papers
3 Papers

2 Papers

1Paper

Govt. Higher Secondary School Ahmed Dawood Darsano Channo
6 Papers
781601(369)

781603(372)

781604(318)

***********

***********

***********

***********

****NIL****

***********

***********

731708(338)

781602(234)

***********

***********

***********

731652(217)

***********

***********

***********

***********

731673(64)

731686(69)

***********

***********

***********

731657(30)

731669(50)

731677(22)

731690(20)

731696(40)

731702(50)

731705(20)

731706(20)

731707(25)

***********

5 Papers
4 Papers
3 Papers
2 Papers
1Paper

Cadet College Karachi (Higher Secondary), Gadap
6 Papers
731951(464)

731952(424)

731953(414)

731954(447)

731955(448)

731956(458)

731957(410)

731958(410)

731959(448)

731960(410)

731961(449)

***********

***********

***********

***********

***********

***********

****NIL****

***********

***********

***********

***********

****NIL****

***********

***********

***********

***********

****NIL****

***********

***********

***********

***********

****NIL****

***********

***********

5 Papers
4 Papers
3 Papers
2 Papers

72
Cadet College Karachi (Higher Secondary), Gadap
1Paper
***********

***********

****NIL****

***********

***********

Army Public Intermediate College (Morning), Malir Cantt.
6 Papers
732051(387)

732052(395)

732054(305)

732055(328)

732057(467)

732058(324)

732059(469)

732061(330)

732063(298)

732064(341)

732065(468)

732066(273)

732067(394)

732068(463)

732070(331)

732071(446)

732073(299)

732074(279)

732075(323)

781951(379)

781952(450)

781953(360)

781954(290)

781955(375)

781956(377)

781958(380)

781959(396)

781960(296)

***********

***********

***********

***********

****NIL****

***********

***********

732078(169)

***********

***********

***********

***********

732060(125)

732069(101)

732076(138)

***********

***********

732056(62)

***********

***********

***********

***********

732053(41)

732077(21)

***********

***********

***********

5 Papers
4 Papers
3 Papers
2 Papers
1Paper
Bright Success College
6 Papers
732201(316)

732202(264)

732204(268)

732205(318)

782051(396)

***********

***********

****NIL****

***********

***********

***********

***********

****NIL****

***********

***********

***********

***********

****NIL****

***********

***********

***********

***********

****NIL****

***********

***********

***********

***********

****NIL****

***********

***********

5 Papers
4 Papers
3 Papers
2 Papers
1Paper
Kent College of Science & Commerce
6 Papers
732507(381)

***********

***********

***********

***********

***********

***********

****NIL****

***********

***********

732505(210)

732506(190)

***********

***********

***********

732504(113)

782353(146)

***********

***********

***********

5 Papers
4 Papers
3 Papers

73
Kent College of Science & Commerce
2 Papers
732501(64)

732509(68)

782351(60)

***********

***********

732502(21)

732503(20)

***********

***********

***********

1Paper
New Fazaia Intermediate College, Malir Cantt.
6 Papers
732603(469)

732604(312)

732606(358)

782451(333)

782452(297)

782453(425)

782455(288)

***********

***********

***********

***********

***********

****NIL****

***********

***********

732601(186)

732605(216)

732608(181)

732609(198)

***********

***********

***********

****NIL****

***********

***********

732607(96)

***********

***********

***********

***********

732602(43)

***********

***********

***********

***********

5 Papers
4 Papers
3 Papers
2 Papers
1Paper
Qamar-e-Bani Hashim Higher Secondary School
6 Papers
732701(262)

782551(324)

***********

***********

***********

***********

***********

****NIL****

***********

***********

***********

***********

****NIL****

***********

***********

***********

***********

****NIL****

***********

***********

***********

***********

****NIL****

***********

***********

***********

***********

****NIL****

***********

***********

5 Papers
4 Papers
3 Papers
2 Papers
1Paper
Govt. Degree Boys College, 36-B Landhi 4
6 Papers
733197(273)

733216(339)

733230(276)

733231(299)

***********

***********

***********

****NIL****

***********

***********

733236(217)

733276(167)

***********

***********

***********

733174(130)

733177(131)

733190(133)

733210(116)

733269(123)

733159(62)

733161(63)

733176(66)

733179(85)

733180(66)

733183(68)

733187(75)

733199(60)

733206(83)

733207(84)

5 Papers
4 Papers
3 Papers
2 Papers

74
Govt. Degree Boys College, 36-B Landhi 4
733217(60)

733219(66)

733222(72)

733224(66)

733233(66)

733245(70)

733259(85)

733263(77)

733264(77)

733267(64)

733270(70)

733273(67)

733275(70)

***********

***********

733154(31)

733156(20)

733160(26)

733166(20)

733175(20)

733182(33)

733186(28)

733192(47)

733200(40)

733201(20)

733205(40)

733209(50)

733212(33)

733223(40)

733226(20)

733235(20)

733249(30)

733250(20)

733257(21)

733258(20)

733262(20)

733265(40)

733266(21)

***********

***********

1Paper

Govt. Degree Science & Commerce College Landhi/Korangi
6 Papers
733412(348)

733418(301)

733419(388)

733426(433)

733428(395)

733433(309)

733434(351)

733444(277)

733449(286)

733453(301)

733455(427)

733460(285)

733465(246)

733479(238)

733482(276)

733483(265)

***********

***********

***********

***********

***********

***********

****NIL****

***********

***********

733427(198)

733440(172)

733443(183)

733454(196)

733459(201)

733470(164)

733471(160)

***********

***********

***********

733407(133)

733410(134)

733411(122)

733416(103)

733417(112)

733439(116)

733441(111)

733442(125)

733448(168)

733451(125)

733456(175)

733464(115)

733475(101)

733476(117)

733481(106)

733484(106)

733488(115)

733489(128)

***********

***********

733402(76)

733404(63)

733422(74)

733423(65)

733424(62)

733425(65)

733430(70)

733435(63)

733436(77)

733447(87)

733450(89)

733452(105)

733457(61)

733458(96)

733461(61)

733462(61)

733463(66)

733468(60)

733472(61)

733477(60)

733485(83)

733486(69)

***********

***********

***********

733401(20)

733403(24)

733405(23)

733406(40)

733409(24)

733414(38)

733415(39)

733421(27)

733431(37)

733432(20)

733445(25)

733466(40)

733467(20)

733487(21)

***********

5 Papers
4 Papers

3 Papers

2 Papers

1Paper

Mumtaz Govt. Boys Higher Secondary School
6 Papers
733707(404)

733717(463)

***********

***********

***********

***********

***********

****NIL****

***********

***********

733713(172)

***********

***********

***********

***********

5 Papers
4 Papers

75
Mumtaz Govt. Boys Higher Secondary School
3 Papers
733701(101)

733703(105)

733709(101)

733715(104)

733716(110)

***********

***********

****NIL****

***********

***********

733702(25)

733710(21)

***********

***********

***********

2 Papers
1Paper
Govt. Degree Boys College Quaidabad
6 Papers
733863(470)

***********

***********

***********

***********

***********

***********

****NIL****

***********

***********

***********

***********

****NIL****

***********

***********

733886(106)

733899(115)

733908(113)

733909(115)

733910(117)

733917(121)

733921(125)

783701(135)

***********

***********

733864(60)

733867(70)

733875(60)

733876(62)

733880(62)

733887(83)

733898(60)

733901(71)

733903(60)

733906(76)

733913(66)

733920(63)

733925(61)

733926(60)

733929(70)

733857(21)

733859(23)

733873(20)

733881(42)

733891(45)

733892(45)

733897(21)

733904(20)

733907(45)

733918(21)

733924(40)

733927(41)

733930(50)

733932(22)

783702(21)

5 Papers
4 Papers
3 Papers

2 Papers

1Paper

R.J Memorial Higher Secondary School
6 Papers
783951(352)

***********

***********

***********

***********

***********

***********

****NIL****

***********

***********

***********

***********

****NIL****

***********

***********

***********

***********

****NIL****

***********

***********

***********

***********

****NIL****

***********

***********

***********

***********

****NIL****

***********

***********

5 Papers
4 Papers
3 Papers
2 Papers
1Paper
Govt. Comprehensive Boys Higher Sec. School Korangi 3
6 Papers
734474(268)

734488(275)

***********

***********

***********

***********

***********

****NIL****

***********

***********

5 Papers

76
Govt. Comprehensive Boys Higher Sec. School Korangi 3
4 Papers
734458(225)

***********

***********

***********

***********

734453(134)

***********

***********

***********

***********

734457(75)

734459(63)

734464(86)

734465(61)

734486(65)

734493(82)

734495(72)

***********

***********

***********

734452(54)

734454(40)

734455(43)

734466(46)

734470(20)

734471(65)

734479(52)

734481(21)

734485(25)

734492(40)

734494(40)

***********

***********

***********

***********

3 Papers
2 Papers

1Paper

Govt. Degree Boys College Ibrahim Hyderi
6 Papers
***********

***********

****NIL****

***********

***********

***********

***********

****NIL****

***********

***********

734688(162)

***********

***********

***********

***********

***********

***********

****NIL****

***********

***********

734652(64)

734653(62)

734655(67)

734667(69)

734669(61)

734672(69)

734674(66)

734676(60)

734677(61)

734678(72)

734679(72)

734680(65)

734686(77)

734701(60)

734704(67)

734709(61)

734711(84)

***********

***********

***********

734657(22)

734662(20)

734668(40)

734670(40)

734673(22)

734675(22)

734681(40)

734682(22)

734687(46)

734697(22)

734698(26)

734699(25)

734700(32)

734703(20)

***********

5 Papers
4 Papers
3 Papers
2 Papers

1Paper

Govt. Degree Boys College Korangi 2-1/2
6 Papers
734841(332)

734866(474)

734882(381)

***********

***********

734831(260)

734881(299)

***********

***********

***********

***********

***********

****NIL****

***********

***********

734805(116)

734815(110)

734857(112)

734880(123)

***********

734801(69)

734804(65)

734806(63)

734809(73)

734810(68)

734812(84)

734813(60)

734814(67)

734816(60)

734819(73)

734820(64)

734821(60)

734822(67)

734824(63)

734825(71)

734827(66)

734833(60)

734835(70)

734836(63)

734838(73)

5 Papers
4 Papers
3 Papers
2 Papers

77
Govt. Degree Boys College Korangi 2-1/2
734839(62)

734852(63)

734861(67)

734869(71)

734874(71)

734875(73)

734879(60)

734883(62)

734886(75)

***********

734811(25)

734817(22)

734823(20)

734826(20)

734828(27)

734832(20)

734842(22)

734844(22)

734846(20)

734847(20)

734848(20)

734849(27)

734850(21)

734851(28)

734862(40)

734867(53)

734868(56)

734885(20)

734888(20)

***********

1Paper

Govt. Degree Boys College, 100 Quarters, Madina Colony, Korangi No. 3
6 Papers
735170(464)

***********

***********

***********

***********

***********

***********

****NIL****

***********

***********

735174(167)

***********

***********

***********

***********

***********

***********

****NIL****

***********

***********

***********

***********

****NIL****

***********

***********

735155(20)

735162(21)

735163(20)

735164(40)

735171(25)

735173(20)

***********

***********

***********

***********

5 Papers
4 Papers
3 Papers
2 Papers
1Paper

Govt. Boys Higher Secondary School No. 2 'K' Area Korangi
6 Papers
735332(278)

785252(299)

***********

***********

***********

***********

***********

****NIL****

***********

***********

735314(160)

***********

***********

***********

***********

735304(131)

735307(141)

735311(129)

735312(131)

735316(113)

735320(116)

***********

***********

***********

***********

735301(63)

735306(72)

735309(75)

735313(68)

735317(79)

735318(88)

735319(79)

735322(65)

735323(62)

735326(60)

735336(82)

735338(80)

***********

***********

***********

735303(22)

735315(22)

735324(21)

735327(20)

735330(21)

735331(25)

735334(21)

***********

***********

***********

5 Papers
4 Papers
3 Papers

2 Papers

1Paper

Guard Public College Korangi No. 2 1/2
6 Papers
735601(470)

735602(317)

735603(422)

735604(398)

735605(334)

735606(396)

735607(440)

735608(331)

735609(434)

785801(422)

785802(389)

785803(402)

785804(369)

785805(423)

785806(434)

78
Guard Public College Korangi No. 2 1/2
785807(432)

***********

***********

***********

***********

***********

***********

****NIL****

***********

***********

***********

***********

****NIL****

***********

***********

***********

***********

****NIL****

***********

***********

***********

***********

****NIL****

***********

***********

***********

***********

****NIL****

***********

***********

5 Papers
4 Papers
3 Papers
2 Papers
1Paper
Hira Institute of Emerging Sciences (HIES) Intermediate (Evening Shift)
6 Papers
735702(447)

785901(373)

785902(354)

785903(374)

785904(371)

785905(340)

785906(423)

***********

***********

***********

735704(378)

***********

***********

***********

***********

735705(174)

***********

***********

***********

***********

735701(176)

***********

***********

***********

***********

735706(65)

***********

***********

***********

***********

735707(23)

***********

***********

***********

***********

5 Papers
4 Papers
3 Papers
2 Papers
1Paper
New Fazaia Intermediate College, Korangi Creek
6 Papers
735801(257)

786002(378)

786003(295)

786004(339)

***********

***********

***********

****NIL****

***********

***********

735803(169)

***********

***********

***********

***********

735804(118)

***********

***********

***********

***********

735802(74)

786001(78)

***********

***********

***********

***********

***********

****NIL****

***********

***********

5 Papers
4 Papers
3 Papers
2 Papers
1Paper
Pak Askari Intermediate College
6 Papers
***********

***********

****NIL****

***********

***********

***********

***********

****NIL****

***********

***********

5 Papers

79
Pak Askari Intermediate College
4 Papers
***********

***********

****NIL****

***********

***********

735901(133)

735902(110)

735903(116)

***********

***********

***********

***********

****NIL****

***********

***********

***********

***********

****NIL****

***********

***********

3 Papers
2 Papers
1Paper
SSAT Degree College
6 Papers
736007(365)

736010(402)

736015(437)

736017(350)

736018(372)

736021(404)

736023(348)

736025(287)

786201(272)

786204(440)

786205(421)

786206(339)

786207(285)

786208(401)

***********

***********

***********

****NIL****

***********

***********

736001(197)

***********

***********

***********

***********

736003(145)

736005(147)

736008(153)

736014(139)

736016(128)

736019(141)

736020(121)

736022(129)

736024(127)

786203(115)

736002(65)

736004(67)

736006(68)

736026(72)

***********

736009(41)

736011(22)

736027(20)

786202(20)

***********

5 Papers
4 Papers
3 Papers

2 Papers
1Paper
Govt. Boys Degree College Landhi Muzaffarabad, Bin Qasim Town
6 Papers
***********

***********

****NIL****

***********

***********

***********

***********

****NIL****

***********

***********

***********

***********

****NIL****

***********

***********

***********

***********

****NIL****

***********

***********

***********

***********

****NIL****

***********

***********

736302(22)

736305(21)

736315(21)

***********

***********

5 Papers
4 Papers
3 Papers
2 Papers
1Paper
Abdul Razzak Gabol Govt. Degree Boys & Girls, Razzakabad, Bin Qasim
6 Papers
736401(254)

736405(289)

736406(261)

736416(268)

736429(275)

736435(306)

736443(334)

786609(319)

786611(269)

786613(368)

***********

***********

****NIL****

***********

***********

5 Papers

80
Abdul Razzak Gabol Govt. Degree Boys & Girls, Razzakabad, Bin Qasim
4 Papers
736404(181)

736409(172)

736411(171)

736422(173)

***********

736414(108)

736415(129)

736417(108)

736418(119)

736419(124)

736423(144)

736428(108)

736432(120)

736441(101)

736452(107)

786610(116)

***********

***********

***********

***********

736407(85)

736408(66)

736424(82)

736430(67)

736431(60)

736433(85)

736437(60)

736438(81)

736439(98)

736440(69)

736444(94)

736446(72)

736449(78)

736456(64)

786601(62)

786606(81)

***********

***********

***********

***********

736403(20)

736410(22)

736420(20)

736421(43)

736425(43)

736426(20)

736436(40)

736445(28)

736447(33)

736448(21)

736451(47)

736454(24)

736455(20)

786602(41)

786603(32)

786608(21)

786612(21)

***********

***********

***********

3 Papers

2 Papers

1Paper

Pakistan Steel Cadet College
6 Papers
736702(285)

736704(363)

736708(351)

736709(291)

736710(257)

736715(276)

736717(256)

736718(281)

736719(465)

736722(265)

736724(310)

736727(267)

736728(266)

736729(386)

736730(363)

736731(271)

736733(299)

736734(469)

736736(340)

736738(381)

736740(415)

736741(318)

736743(467)

***********

***********

***********

***********

****NIL****

***********

***********

736703(177)

736707(213)

***********

***********

***********

736706(101)

736711(137)

736712(114)

736716(126)

736721(121)

736726(153)

736735(120)

736739(116)

736742(104)

***********

736705(69)

736714(75)

736720(67)

736723(63)

***********

736701(27)

736713(24)

736725(20)

736732(21)

736737(20)

5 Papers
4 Papers
3 Papers

2 Papers
1Paper
Bahria Model School & College, Bin Qasim PNWHS
6 Papers
736851(388)

736852(288)

***********

***********

***********

***********

***********

****NIL****

***********

***********

***********

***********

****NIL****

***********

***********

***********

***********

****NIL****

***********

***********

5 Papers
4 Papers
3 Papers

81
Bahria Model School & College, Bin Qasim PNWHS
2 Papers
***********

***********

****NIL****

***********

***********

***********

***********

****NIL****

***********

***********

1Paper
Bel College for Modern Sciences
6 Papers
736952(387)

736954(312)

736956(401)

736957(280)

736958(320)

736962(315)

736963(436)

787251(371)

787252(405)

787253(367)

787254(316)

787255(435)

787256(367)

787257(427)

787258(356)

787259(375)

***********

***********

***********

***********

***********

***********

****NIL****

***********

***********

***********

***********

****NIL****

***********

***********

736953(121)

***********

***********

***********

***********

736951(70)

736955(60)

736960(68)

736961(75)

***********

736959(20)

787260(20)

***********

***********

***********

5 Papers
4 Papers
3 Papers
2 Papers
1Paper
Concordia College (Gulshan-e-Hadeed Campus)
6 Papers
737051(297)

737054(286)

737055(314)

787351(369)

787352(348)

787353(350)

787354(444)

787355(465)

787356(469)

787357(358)

787358(323)

787359(424)

787360(395)

***********

***********

***********

***********

****NIL****

***********

***********

***********

***********

****NIL****

***********

***********

***********

***********

****NIL****

***********

***********

***********

***********

****NIL****

***********

***********

737052(44)

***********

***********

***********

***********

5 Papers
4 Papers
3 Papers
2 Papers
1Paper
E-Complex College of Arts & Science
6 Papers
737201(285)

737204(451)

737206(329)

737208(284)

737210(274)

737211(348)

737212(303)

737213(348)

737214(402)

737215(308)

737216(300)

737217(352)

737221(269)

787451(433)

787452(387)

787453(336)

787454(291)

787455(397)

787457(393)

787458(310)

787459(361)

787461(404)

787462(437)

***********

***********

82
E-Complex College of Arts & Science
5 Papers
***********

***********

****NIL****

***********

***********

787456(247)

***********

***********

***********

***********

737218(122)

737220(164)

787460(114)

***********

***********

737219(70)

***********

***********

***********

***********

737205(40)

737207(21)

737209(20)

***********

***********

4 Papers
3 Papers
2 Papers
1Paper
The Smart National College, Gulshan e Hadeed
6 Papers
737357(302)

737358(356)

737359(404)

787551(455)

***********

***********

***********

****NIL****

***********

***********

***********

***********

****NIL****

***********

***********

737353(123)

737354(120)

***********

***********

***********

***********

***********

****NIL****

***********

***********

737355(20)

***********

***********

***********

***********

5 Papers
4 Papers
3 Papers
2 Papers
1Paper
Govt. Boys Higher Secondary School Angara Goth Malir, Gadap Town
6 Papers
787701(343)

787702(330)

787703(387)

***********

***********

***********

***********

****NIL****

***********

***********

***********

***********

****NIL****

***********

***********

***********

***********

****NIL****

***********

***********

***********

***********

****NIL****

***********

***********

737608(28)

***********

***********

***********

***********

5 Papers
4 Papers
3 Papers
2 Papers
1Paper
Govt. Boys Higher Secondary School Public School Gadap
6 Papers
737701(426)

737702(364)

737703(388)

737704(370)

737705(417)

737706(312)

737707(367)

737709(415)

***********

***********

***********

***********

****NIL****

***********

***********

5 Papers

83
Govt. Boys Higher Secondary School Public School Gadap
4 Papers
737710(209)

***********

***********

***********

***********

***********

***********

****NIL****

***********

***********

***********

***********

****NIL****

***********

***********

***********

***********

****NIL****

***********

***********

3 Papers
2 Papers
1Paper
Govt. Boys & Girls Higher Secondary School Kamal Khan Jokhio
6 Papers
737820(463)

787801(347)

787802(373)

***********

***********

***********

***********

****NIL****

***********

***********

***********

***********

****NIL****

***********

***********

***********

***********

****NIL****

***********

***********

***********

***********

****NIL****

***********

***********

737810(26)

737816(45)

***********

***********

***********

5 Papers
4 Papers
3 Papers
2 Papers
1Paper
Govt. Boys and Girls Higher Secondary School Damba Village, Gadap Malir
6 Papers
738051(410)

738054(269)

788001(404)

788002(408)

788003(339)

788004(401)

788005(319)

788006(387)

788007(404)

***********

***********

***********

****NIL****

***********

***********

738055(302)

***********

***********

***********

***********

***********

***********

****NIL****

***********

***********

***********

***********

****NIL****

***********

***********

738053(26)

***********

***********

***********

***********

5 Papers
4 Papers
3 Papers
2 Papers
1Paper
Govt. Degree College, Konkar Village, Gadap
6 Papers
738167(376)

738170(470)

738197(469)

738199(284)

738215(271)

788101(359)

788106(385)

788107(384)

788108(290)

788109(375)

788110(369)

788111(374)

***********

***********

***********

***********

***********

****NIL****

***********

***********

5 Papers

84
Govt. Degree College, Konkar Village, Gadap
4 Papers
738201(206)

788102(232)

788103(216)

788104(212)

788105(234)

738159(111)

738174(109)

738176(127)

738180(121)

738195(137)

738198(122)

738200(128)

738202(107)

738214(119)

***********

738151(71)

738152(62)

738164(61)

738166(63)

738181(85)

738184(74)

738204(98)

738208(67)

738211(87)

***********

738153(28)

738163(22)

738168(26)

738169(88)

738183(32)

738186(21)

738190(40)

738192(20)

738194(46)

738196(23)

738206(40)

738218(27)

***********

***********

***********

3 Papers

2 Papers

1Paper

Commander Schooling System & College (Higher Secondary) Bahria Town
6 Papers
***********

***********

****NIL****

***********

***********

***********

***********

****NIL****

***********

***********

***********

***********

****NIL****

***********

***********

***********

***********

****NIL****

***********

***********

***********

***********

****NIL****

***********

***********

***********

***********

****NIL****

***********

***********

5 Papers
4 Papers
3 Papers
2 Papers
1Paper
Concordia College (Bahria Town Campus)
6 Papers
738551(460)

788451(356)

***********

***********

***********

***********

***********

****NIL****

***********

***********

***********

***********

****NIL****

***********

***********

***********

***********

****NIL****

***********

***********

***********

***********

****NIL****

***********

***********

***********

***********

****NIL****

***********

***********

5 Papers
4 Papers
3 Papers
2 Papers
1Paper
Quaid-e-Azam Rangers School & College, Super Highway
6 Papers
738751(329)

738752(340)

788651(346)

788652(348)

***********

***********

***********

****NIL****

***********

***********

5 Papers

85
Quaid-e-Azam Rangers School & College, Super Highway
4 Papers
***********

***********

****NIL****

***********

***********

***********

***********

****NIL****

***********

***********

***********

***********

****NIL****

***********

***********

***********

***********

****NIL****

***********

***********

3 Papers
2 Papers
1Paper
Govt. College For Women New Karachi 11-F
6 Papers
751001(267)

751008(305)

***********

***********

***********

***********

***********

****NIL****

***********

***********

***********

***********

****NIL****

***********

***********

751005(110)

***********

***********

***********

***********

751014(60)

***********

***********

***********

***********

751004(51)

751013(22)

***********

***********

***********

5 Papers
4 Papers
3 Papers
2 Papers
1Paper
Govt. Degree Girls College Sector 11-B North Karachi
6 Papers
751151(287)

751153(264)

751158(260)

751160(240)

751163(278)

751171(265)

751181(305)

751182(310)

751206(269)

751207(325)

751218(250)

751224(306)

751229(272)

751230(412)

***********

751194(358)

***********

***********

***********

***********

751162(175)

***********

***********

***********

***********

751152(153)

751177(139)

751185(115)

751196(105)

751198(171)

751204(127)

751215(110)

751219(147)

751227(107)

751228(117)

751232(110)

751233(113)

***********

***********

***********

751155(80)

751161(96)

751165(116)

751166(60)

751168(68)

751169(77)

751170(72)

751172(61)

751173(65)

751179(81)

751184(64)

751192(60)

751201(85)

751202(66)

751208(62)

751211(60)

751223(99)

751225(77)

751226(60)

***********

751156(20)

751157(20)

751175(25)

751180(40)

751183(20)

751189(40)

751195(42)

751200(20)

751212(20)

751214(40)

751216(38)

751217(35)

751220(20)

***********

***********

5 Papers
4 Papers
3 Papers

2 Papers

1Paper

86
Govt. Degree Girls College Sector 11-I, North Karachi
6 Papers
751505(262)

751509(277)

751510(281)

751514(316)

751516(291)

751518(300)

751519(267)

751520(265)

751522(267)

751523(290)

751524(292)

751525(265)

751531(263)

751535(288)

751536(346)

751538(265)

751540(279)

751543(275)

751544(270)

751547(306)

751550(301)

751559(343)

751561(396)

751564(277)

751568(289)

751572(283)

751574(264)

751580(259)

751581(325)

751582(281)

751583(367)

751584(293)

751587(345)

751588(277)

***********

751517(248)

***********

***********

***********

***********

***********

***********

****NIL****

***********

***********

751501(128)

751506(131)

751508(105)

751511(131)

751512(130)

751513(145)

751515(130)

751521(118)

751527(122)

751528(133)

751533(105)

751537(127)

751539(118)

751545(122)

751546(135)

751548(108)

751549(118)

751552(135)

751553(111)

751554(147)

751556(114)

751558(110)

751562(149)

751570(104)

751575(145)

751577(135)

751585(133)

751590(145)

751591(113)

***********

751502(69)

751504(63)

751529(87)

751530(80)

751532(80)

751541(81)

751555(62)

751557(61)

751560(65)

751563(76)

751566(106)

751569(60)

751571(76)

751576(94)

751578(80)

751589(62)

***********

***********

***********

***********

751503(20)

751507(40)

751567(50)

751573(24)

751579(20)

751586(20)

***********

***********

***********

***********

5 Papers
4 Papers
3 Papers

2 Papers

1Paper

Govt. Degree Girls College, Surjani Town
6 Papers
751855(299)

751856(262)

***********

***********

***********

***********

***********

****NIL****

***********

***********

***********

***********

****NIL****

***********

***********

751851(147)

751852(143)

***********

***********

***********

751854(60)

***********

***********

***********

***********

***********

***********

****NIL****

***********

***********

5 Papers
4 Papers
3 Papers
2 Papers
1Paper
SMB Girls Higher Secondary School No.5, LERP, Taiser Town
6 Papers
752201(293)

***********

***********

***********

***********

87
SMB Girls Higher Secondary School No.5, LERP, Taiser Town
5 Papers
***********

***********

****NIL****

***********

***********

***********

***********

****NIL****

***********

***********

***********

***********

****NIL****

***********

***********

***********

***********

****NIL****

***********

***********

***********

***********

****NIL****

***********

***********

4 Papers
3 Papers
2 Papers
1Paper
Usman Public School Campus I
6 Papers
752301(363)

752302(456)

752303(435)

752304(355)

752305(438)

752306(425)

752307(374)

752308(357)

752309(427)

752310(406)

752311(447)

752312(363)

752313(283)

752314(398)

752315(466)

752316(452)

752317(321)

752318(454)

752319(472)

752320(451)

752321(384)

752322(466)

752323(416)

752324(361)

752325(375)

752326(477)

752327(413)

***********

***********

***********

***********

***********

****NIL****

***********

***********

***********

***********

****NIL****

***********

***********

***********

***********

****NIL****

***********

***********

***********

***********

****NIL****

***********

***********

***********

***********

****NIL****

***********

***********

5 Papers
4 Papers
3 Papers
2 Papers
1Paper
Khadija Kazi Ali Memorial Higher Secondary School
6 Papers
752551(374)

752552(345)

752553(397)

***********

***********

***********

***********

****NIL****

***********

***********

***********

***********

****NIL****

***********

***********

***********

***********

****NIL****

***********

***********

***********

***********

****NIL****

***********

***********

***********

***********

****NIL****

***********

***********

5 Papers
4 Papers
3 Papers
2 Papers
1Paper

88
Abdullah Govt. College For Women North Nazimabad
6 Papers
752901(312)

752906(266)

752908(312)

752910(326)

752911(302)

752916(280)

752918(302)

752922(379)

752937(376)

752939(410)

752940(265)

752944(306)

752945(283)

752947(291)

752948(259)

752950(264)

752951(265)

752955(288)

752957(270)

752963(253)

752964(273)

752965(320)

752966(256)

752972(274)

752973(323)

752974(270)

752980(312)

752981(305)

752982(271)

752985(277)

752989(290)

752990(275)

752991(282)

752993(296)

752995(271)

752998(253)

752999(424)

753001(338)

753008(283)

753012(258)

753016(260)

753018(269)

753024(262)

753025(286)

753026(280)

753030(282)

753032(381)

753034(286)

753036(375)

753040(290)

753042(270)

753043(245)

753044(284)

753045(276)

753046(273)

753048(262)

753050(303)

753056(264)

753070(287)

753077(296)

753078(264)

753079(297)

753080(305)

753081(378)

753082(309)

753083(271)

753086(292)

753087(255)

***********

***********

***********

***********

****NIL****

***********

***********

753028(185)

753074(291)

***********

***********

***********

752902(113)

752903(133)

752905(132)

752912(121)

752913(135)

752914(123)

752919(133)

752920(108)

752921(147)

752932(131)

752942(131)

752943(142)

752952(115)

752967(119)

752970(130)

752975(125)

752988(140)

752992(120)

752996(122)

752997(115)

753000(144)

753006(116)

753007(156)

753009(120)

753010(137)

753011(116)

753014(121)

753019(128)

753023(120)

753029(123)

753031(111)

753037(118)

753039(122)

753066(120)

753068(117)

753069(132)

753084(124)

753085(130)

753088(120)

753092(138)

752907(69)

752915(100)

752917(112)

752934(72)

752935(69)

752941(82)

752962(62)

752968(63)

752969(73)

752976(64)

752978(66)

752983(63)

752994(70)

753005(60)

753013(60)

753017(92)

753041(68)

753055(68)

753057(62)

753061(70)

753063(85)

***********

***********

***********

***********

752904(41)

752923(54)

752924(44)

752925(47)

752927(20)

752928(22)

752930(24)

752936(20)

752938(40)

752946(28)

752953(41)

752956(42)

752958(41)

752960(40)

752971(20)

752979(32)

752984(24)

752987(26)

753002(40)

753004(20)

753015(45)

753020(51)

753022(28)

753027(43)

753033(46)

753035(40)

753049(24)

753054(40)

753060(47)

753067(45)

753071(40)

753072(40)

753073(50)

753075(40)

753090(41)

753091(40)

***********

***********

***********

***********

5 Papers
4 Papers
3 Papers

2 Papers

1Paper

89
Govt. Degree College For Women Block-M, North Nazimabad
6 Papers
753351(399)

753352(333)

753353(367)

753354(322)

753356(271)

753357(420)

753358(356)

753366(354)

753367(311)

753368(302)

753369(276)

753370(407)

753371(405)

753374(370)

753375(278)

753377(272)

753378(316)

753379(285)

753380(285)

753382(271)

753383(346)

753384(257)

753387(433)

753389(292)

753390(292)

753391(287)

753392(347)

753393(328)

753394(440)

753395(271)

753397(438)

753398(339)

753400(409)

753401(274)

753402(290)

753404(293)

753406(348)

753408(318)

753409(272)

753411(277)

753414(284)

753415(412)

753417(403)

753418(339)

753420(293)

753422(276)

753423(300)

753424(301)

753425(301)

753426(408)

753427(358)

753428(323)

753435(342)

753437(274)

753438(322)

753441(282)

753442(262)

753443(271)

753444(380)

753447(332)

753449(325)

753453(305)

753455(299)

753456(308)

753458(396)

753459(313)

753462(402)

753464(442)

753465(423)

753467(277)

753473(336)

753474(317)

753475(301)

753478(264)

753480(289)

753481(304)

753482(282)

753484(298)

753487(366)

753488(282)

753489(275)

753490(302)

753492(312)

753493(374)

753494(429)

753496(327)

753497(408)

753498(337)

753501(350)

753502(357)

753504(392)

753505(454)

753506(326)

753507(283)

753510(392)

753514(479)

753516(302)

753517(284)

753518(387)

753520(348)

753521(281)

753523(320)

753526(342)

753527(300)

***********

***********

***********

****NIL****

***********

***********

753376(186)

753388(192)

***********

***********

***********

753363(126)

753365(112)

753372(143)

753381(105)

753385(106)

753386(151)

753403(128)

753405(124)

753407(143)

753410(131)

753412(154)

753413(122)

753419(130)

753429(135)

753430(143)

753432(111)

753439(128)

753440(151)

753450(137)

753451(113)

753452(125)

753454(117)

753457(118)

753461(122)

753463(122)

753466(158)

753472(150)

753477(112)

753486(172)

753491(139)

753495(157)

753499(102)

753503(139)

753511(107)

753512(122)

753513(171)

753519(129)

753525(136)

753528(108)

***********

753355(70)

753373(101)

753431(91)

753433(76)

753460(104)

753468(80)

753471(68)

753476(74)

753483(60)

753485(63)

753509(93)

753524(71)

***********

***********

***********

753359(40)

753360(42)

753361(41)

753362(43)

753364(40)

753399(40)

753416(20)

753421(41)

753434(43)

753436(46)

753445(57)

753448(41)

753470(46)

753479(50)

753515(28)

5 Papers
4 Papers
3 Papers

2 Papers

1Paper

90
Govt. Degree College For Women Block-M, North Nazimabad
753522(28)

***********

***********

***********

***********

Govt. Degree Girls College Buffer Zone
6 Papers
753701(263)

753704(268)

753708(342)

753710(298)

753712(341)

753713(266)

753716(274)

753717(325)

753719(317)

753721(289)

753726(239)

753727(280)

753729(282)

753731(258)

753732(378)

753734(276)

753736(332)

753737(334)

753738(333)

753742(283)

753743(268)

753744(266)

753748(261)

753755(260)

753756(244)

753757(373)

753760(277)

753763(454)

753769(306)

753771(394)

753772(269)

753774(259)

753775(258)

753779(288)

753780(277)

753784(317)

753792(343)

753794(351)

753795(261)

753799(281)

753801(256)

753803(265)

***********

***********

***********

753805(199)

***********

***********

***********

***********

753766(198)

***********

***********

***********

***********

753703(117)

753705(116)

753706(152)

753715(119)

753720(134)

753724(120)

753725(139)

753730(104)

753733(149)

753735(173)

753739(155)

753740(150)

753745(149)

753746(121)

753747(118)

753749(151)

753751(113)

753754(140)

753759(151)

753761(101)

753762(124)

753765(127)

753767(122)

753786(161)

753790(124)

753811(114)

753813(115)

***********

***********

***********

753702(94)

753707(90)

753718(83)

753723(67)

753741(76)

753752(83)

753770(88)

753778(64)

753781(107)

753782(92)

753785(92)

753789(67)

753791(81)

753793(70)

753796(70)

753807(60)

753808(76)

753810(86)

753812(68)

***********

753722(27)

753728(44)

753753(28)

753758(50)

753777(46)

753787(51)

753788(40)

753798(20)

753800(31)

753802(21)

753804(40)

753806(45)

753809(22)

***********

***********

5 Papers
4 Papers
3 Papers

2 Papers

1Paper

Govt. Girls Comprehensive Higher Sec. School Block M, N. Nazimabad
6 Papers
754201(368)

***********

***********

***********

***********

***********

***********

****NIL****

***********

***********

***********

***********

****NIL****

***********

***********

***********

***********

****NIL****

***********

***********

754203(77)

***********

***********

***********

***********

5 Papers
4 Papers
3 Papers
2 Papers

91
Govt. Girls Comprehensive Higher Sec. School Block M, N. Nazimabad
1Paper
754204(40)

***********

***********

***********

***********

Govt. Girls Degree College, Block-N, North Nazimabad
6 Papers
754301(256)

754302(283)

754303(303)

754308(299)

754309(280)

754311(276)

754313(296)

754314(268)

754316(335)

754317(282)

754320(318)

754322(402)

754323(398)

754324(364)

754325(253)

754326(294)

754328(321)

754329(247)

***********

***********

***********

***********

****NIL****

***********

***********

***********

***********

****NIL****

***********

***********

754304(115)

754310(111)

754319(133)

***********

***********

754307(81)

754315(84)

754318(101)

754321(61)

***********

754327(54)

***********

***********

***********

***********

5 Papers
4 Papers
3 Papers
2 Papers
1Paper
Govt. Girls Sc./Comm. College Block K, North Nazimabad
6 Papers
754501(401)

754506(265)

754507(282)

754511(267)

754513(459)

754514(288)

754518(250)

754519(269)

***********

***********

***********

***********

****NIL****

***********

***********

***********

***********

****NIL****

***********

***********

754502(128)

754504(107)

754521(126)

***********

***********

754508(80)

754512(62)

***********

***********

***********

754503(40)

754509(47)

754510(63)

754515(22)

754517(43)

754520(50)

***********

***********

***********

***********

5 Papers
4 Papers
3 Papers
2 Papers
1Paper

Iqra Huffaz Girls Science College, Block B, North Nazimabad
6 Papers
754851(452)

754852(378)

754853(251)

***********

***********

***********

***********

****NIL****

***********

***********

***********

***********

****NIL****

***********

***********

***********

***********

****NIL****

***********

***********

5 Papers
4 Papers
3 Papers

92
Iqra Huffaz Girls Science College, Block B, North Nazimabad
2 Papers
***********

***********

****NIL****

***********

***********

***********

***********

****NIL****

***********

***********

1Paper
Jinnah Intermediate College for Girls
6 Papers
754951(284)

754952(277)

754953(380)

***********

***********

***********

***********

****NIL****

***********

***********

***********

***********

****NIL****

***********

***********

***********

***********

****NIL****

***********

***********

***********

***********

****NIL****

***********

***********

***********

***********

****NIL****

***********

***********

5 Papers
4 Papers
3 Papers
2 Papers
1Paper
APWA Govt. College for Women Karimabad
6 Papers
756001(281)

756002(336)

756003(339)

756006(320)

756008(401)

756010(366)

756014(307)

756017(316)

756018(337)

756021(288)

756023(306)

756036(273)

756037(256)

756038(289)

756041(425)

756042(291)

756044(278)

756045(270)

756047(305)

756054(283)

756005(229)

***********

***********

***********

***********

***********

***********

****NIL****

***********

***********

756009(150)

756011(119)

756012(103)

756015(139)

756022(103)

756029(132)

756034(149)

***********

***********

***********

756004(87)

756016(94)

756024(77)

756039(63)

756046(89)

756050(90)

756053(60)

***********

***********

***********

756013(44)

756020(40)

756026(41)

756027(45)

756049(40)

756051(43)

756052(40)

***********

***********

***********

5 Papers
4 Papers
3 Papers

2 Papers

1Paper

Govt. Girls Degree College Al-Noor F.B. Area
6 Papers
756202(251)

756204(250)

756205(272)

756209(247)

756210(285)

756212(304)

756216(413)

756217(270)

756218(270)

756219(271)

***********

***********

****NIL****

***********

***********

5 Papers

93
Govt. Girls Degree College Al-Noor F.B. Area
4 Papers
***********

***********

****NIL****

***********

***********

756208(117)

***********

***********

***********

***********

756203(69)

756207(89)

***********

***********

***********

756220(35)

***********

***********

***********

***********

3 Papers
2 Papers
1Paper
Govt. Science & Commerce College for Women, Block 16 F.B.Area
6 Papers
756452(235)

756453(357)

756454(344)

756459(292)

756460(258)

756461(269)

756463(274)

756464(259)

756466(286)

756468(326)

756471(400)

756472(245)

756473(261)

756476(455)

756481(310)

756482(374)

756486(304)

756494(460)

756498(392)

756499(427)

756501(294)

756502(293)

756504(278)

756505(281)

***********

***********

***********

****NIL****

***********

***********

***********

***********

****NIL****

***********

***********

756465(129)

756469(137)

756478(105)

756479(107)

756491(103)

756493(124)

756496(133)

756500(112)

756503(135)

***********

756456(69)

756457(61)

756458(65)

756462(60)

756470(86)

756474(65)

756484(71)

756487(82)

***********

***********

756455(40)

756467(47)

756475(20)

756480(22)

756483(30)

756485(20)

756488(20)

756495(31)

756497(31)

***********

5 Papers
4 Papers
3 Papers

2 Papers

1Paper

Jan Muhammad Brohi Govt. Degree Girls College, Gulshan-e-Maymar
6 Papers
756904(321)

756905(285)

756909(313)

756913(263)

756915(452)

756918(438)

***********

***********

***********

***********

756916(242)

***********

***********

***********

***********

***********

***********

****NIL****

***********

***********

756907(115)

756917(120)

756923(119)

***********

***********

756902(88)

***********

***********

***********

***********

756901(28)

756903(36)

756908(27)

756910(29)

756911(32)

756912(20)

756914(25)

756919(27)

756920(29)

756922(36)

5 Papers
4 Papers
3 Papers
2 Papers
1Paper

94
Shaheed-e-Millat Govt. Degree College for Women Azizabad
6 Papers
757051(261)

757053(354)

757054(269)

757058(312)

757060(313)

757061(271)

757063(247)

757064(317)

757065(284)

757067(258)

757070(252)

757071(330)

757072(304)

757073(327)

757076(278)

757077(281)

757078(310)

757080(399)

757082(407)

757083(316)

757084(442)

757085(462)

757091(235)

757092(298)

757093(334)

757094(374)

757095(301)

757096(297)

757102(304)

757103(246)

757105(289)

757111(284)

757113(371)

757114(429)

757116(289)

757117(337)

757118(308)

757120(262)

757121(349)

757122(262)

757124(313)

757127(307)

757128(398)

757131(316)

757133(418)

757134(406)

757136(384)

757137(406)

757139(294)

757140(306)

757141(310)

757143(332)

757144(358)

757147(342)

757149(342)

757152(397)

757153(367)

757156(315)

757157(263)

757158(457)

757159(376)

757160(324)

757162(321)

757165(261)

757166(297)

757168(318)

757169(289)

757170(245)

757172(259)

757173(430)

757174(404)

757175(295)

757178(346)

757180(332)

757181(269)

757183(386)

757185(364)

757187(308)

757188(246)

757189(291)

757191(400)

757193(246)

757194(464)

757195(292)

757197(302)

757201(365)

757202(285)

757203(433)

757204(403)

757205(301)

757207(310)

757208(291)

757209(446)

757210(372)

757211(372)

757212(376)

757213(257)

757214(280)

757215(293)

757217(420)

757218(295)

757219(447)

757222(263)

757224(259)

757226(309)

757228(266)

757229(264)

757231(253)

757232(286)

757234(351)

757236(281)

757237(307)

757241(452)

757244(405)

757245(297)

757247(318)

757248(298)

757249(276)

757250(334)

757251(309)

757252(289)

757253(447)

757254(322)

757255(423)

757256(378)

757257(360)

757258(350)

757259(260)

757260(315)

757261(287)

757263(357)

757264(369)

757265(294)

757267(288)

757268(313)

757269(319)

757270(360)

757272(315)

757273(277)

757274(287)

757276(435)

757278(317)

757280(297)

757281(438)

757283(333)

757285(305)

757286(310)

757287(418)

757288(357)

757289(295)

757290(328)

757291(266)

757292(373)

757293(427)

757294(264)

757295(290)

757298(296)

757299(351)

757300(338)

757306(265)

757150(213)

***********

***********

***********

***********

757066(184)

757297(185)

***********

***********

***********

757059(140)

757062(122)

757075(117)

757079(159)

757081(150)

757086(140)

757090(120)

757098(133)

757099(132)

757100(174)

757104(122)

757109(136)

757110(129)

757112(116)

757115(141)

757119(125)

757132(134)

757135(132)

757142(133)

757145(123)

757146(123)

757154(116)

757155(137)

757163(152)

757167(147)

5 Papers
4 Papers
3 Papers

95
Shaheed-e-Millat Govt. Degree College for Women Azizabad
757171(122)

757176(128)

757177(112)

757182(104)

757186(132)

757190(128)

757192(114)

757200(127)

757206(120)

757216(109)

757221(130)

757225(121)

757227(106)

757233(124)

757238(152)

757239(127)

757242(145)

757243(145)

757246(161)

757262(169)

757266(132)

757271(126)

757279(123)

757302(151)

757308(101)

757309(131)

***********

***********

***********

***********

757056(60)

757057(70)

757069(96)

757088(71)

757101(65)

757125(66)

757129(63)

757130(67)

757138(66)

757179(71)

757184(84)

757196(98)

757199(78)

757223(104)

757240(83)

757277(96)

757296(64)

757301(64)

***********

***********

757052(40)

757074(43)

757087(40)

757089(40)

757097(23)

757106(20)

757107(21)

757148(42)

757161(20)

757164(42)

757198(40)

757220(25)

757284(44)

757304(27)

757305(55)

757307(40)

757310(40)

***********

***********

***********

2 Papers

1Paper

Metropolis Intermediate College for Girls
6 Papers
757751(479)

757752(255)

757753(307)

757754(332)

757755(403)

757756(456)

757757(353)

757758(314)

757759(302)

757760(463)

757761(345)

757763(433)

757764(470)

757765(423)

757766(365)

757767(327)

757768(473)

757769(485)

757770(407)

757771(364)

757772(358)

757773(442)

757774(372)

757775(459)

757776(429)

757777(464)

757778(470)

757779(370)

757780(396)

757781(345)

757782(386)

757783(379)

757784(316)

757785(429)

***********

***********

***********

****NIL****

***********

***********

***********

***********

****NIL****

***********

***********

***********

***********

****NIL****

***********

***********

***********

***********

****NIL****

***********

***********

***********

***********

****NIL****

***********

***********

5 Papers
4 Papers
3 Papers
2 Papers
1Paper
Usman Public School (Campus-III) Secondary & Higher Secondary F.B.Area
6 Papers
758001(440)

758002(477)

758003(366)

758004(401)

758005(496)

758006(438)

758007(385)

758008(377)

758009(401)

758010(299)

758011(442)

758012(310)

***********

***********

***********

***********

***********

****NIL****

***********

***********

5 Papers

96
Usman Public School (Campus-III) Secondary & Higher Secondary F.B.Area
4 Papers
***********

***********

****NIL****

***********

***********

***********

***********

****NIL****

***********

***********

***********

***********

****NIL****

***********

***********

***********

***********

****NIL****

***********

***********

3 Papers
2 Papers
1Paper
APWA Govt. Girls Higher Secondary School Liaquatabad
6 Papers
***********

***********

****NIL****

***********

***********

***********

***********

****NIL****

***********

***********

***********

***********

****NIL****

***********

***********

759051(121)

759052(142)

***********

***********

***********

***********

***********

****NIL****

***********

***********

759053(40)

***********

***********

***********

***********

5 Papers
4 Papers
3 Papers
2 Papers
1Paper
Govt. Degree College for Women Nazimabad
6 Papers
759151(390)

759154(385)

759155(377)

759156(412)

759157(359)

759158(360)

759159(439)

759160(312)

759161(282)

759163(328)

759165(344)

759166(394)

759167(332)

759168(429)

759169(424)

759170(368)

759171(308)

759173(286)

759174(297)

759175(280)

759176(346)

759177(307)

759178(333)

759179(378)

759180(402)

759182(321)

759184(446)

759185(392)

759187(391)

759188(405)

759189(330)

759191(335)

759192(291)

759193(331)

759194(417)

759197(359)

759198(444)

759201(323)

759203(292)

759204(443)

759205(310)

759206(308)

759208(364)

759209(305)

759211(359)

759212(277)

759213(370)

759215(366)

759216(368)

759217(311)

759218(378)

759219(340)

759220(332)

759221(433)

759223(262)

759225(359)

759227(342)

759232(348)

759233(293)

759234(363)

759236(322)

759237(335)

759238(379)

759239(458)

759240(281)

759241(292)

759242(355)

759243(288)

759246(395)

759249(371)

759250(337)

759251(320)

759252(345)

759253(376)

759254(351)

759255(371)

759257(302)

759259(330)

759260(368)

759261(441)

759264(316)

759265(403)

759266(294)

759268(401)

759269(376)

759270(435)

759271(284)

759272(349)

759273(350)

759274(386)

759275(377)

759277(282)

759279(298)

759281(385)

759282(416)

759283(354)

759284(300)

759287(339)

759288(356)

759290(319)

97
Govt. Degree College for Women Nazimabad
759291(441)

759292(300)

759294(337)

759295(284)

759296(391)

759297(346)

759298(401)

759299(391)

759300(303)

759302(301)

759303(300)

759304(335)

759305(312)

759306(333)

759310(398)

759312(321)

759315(325)

759316(292)

759317(371)

759318(303)

759319(288)

759320(404)

759321(353)

759322(307)

759323(422)

759324(389)

759325(382)

759326(325)

759327(462)

759329(325)

759330(415)

759332(304)

759334(320)

759337(331)

759341(310)

759343(324)

759344(260)

759345(323)

759346(283)

759348(400)

759349(362)

759352(386)

759353(317)

759355(351)

759357(350)

759358(376)

759359(315)

759360(257)

759362(302)

759363(356)

759364(309)

759365(301)

759370(403)

759372(381)

759373(403)

759376(440)

759377(423)

759378(315)

759379(355)

759380(273)

759381(293)

759383(421)

759384(352)

759385(302)

759386(320)

759387(351)

759388(315)

759390(285)

759392(457)

759394(364)

759395(341)

759397(332)

759398(429)

759399(288)

759400(322)

759401(292)

759402(352)

759403(395)

759404(349)

759405(317)

759406(297)

759407(411)

759409(360)

759410(325)

759414(336)

759415(298)

759416(265)

759417(424)

759418(450)

759421(304)

759423(384)

759424(349)

759425(363)

***********

***********

759181(253)

759228(217)

759375(265)

759411(371)

***********

759152(291)

***********

***********

***********

***********

759164(153)

759183(193)

759199(133)

759200(133)

759214(139)

759222(148)

759224(159)

759229(173)

759230(132)

759258(152)

759262(133)

759286(120)

759308(152)

759309(154)

759311(159)

759331(141)

759335(150)

759338(136)

759354(151)

759356(156)

759366(132)

759367(148)

759371(144)

759374(128)

759389(159)

759396(113)

759408(109)

759419(130)

***********

***********

759162(66)

759186(61)

759190(69)

759195(77)

759196(83)

759202(76)

759207(87)

759226(60)

759235(64)

759247(70)

759276(95)

759278(86)

759285(91)

759289(67)

759293(96)

759301(82)

759314(83)

759336(79)

759339(93)

759340(95)

759342(90)

759347(83)

759350(69)

759361(63)

759368(67)

759369(75)

759412(115)

759413(88)

759420(98)

759422(73)

759153(44)

759172(21)

759244(39)

759245(23)

759248(28)

759256(35)

759263(33)

759267(35)

759280(20)

759351(46)

759382(40)

759393(40)

759426(25)

***********

***********

5 Papers
4 Papers
3 Papers

2 Papers

1Paper

98
Govt. Girls Pilot Higher Secondary School Nazimabad
6 Papers
759601(297)

***********

***********

***********

***********

***********

***********

****NIL****

***********

***********

***********

***********

****NIL****

***********

***********

***********

***********

****NIL****

***********

***********

***********

***********

****NIL****

***********

***********

759602(33)

***********

***********

***********

***********

5 Papers
4 Papers
3 Papers
2 Papers
1Paper
Riaz Govt. Girls College Liaquatabad No. 10
6 Papers
759706(459)

759712(247)

759714(458)

***********

***********

***********

***********

****NIL****

***********

***********

***********

***********

****NIL****

***********

***********

759702(111)

***********

***********

***********

***********

759703(65)

759705(94)

759709(77)

759715(62)

***********

759707(27)

759711(40)

***********

***********

***********

5 Papers
4 Papers
3 Papers
2 Papers
1Paper
Shaheed Flying Officer Marium Mukhtar Govt. Girls College
6 Papers
759903(332)

759907(304)

759909(353)

759912(292)

759914(289)

759917(249)

759923(255)

759925(285)

759926(332)

759927(388)

759932(292)

759933(273)

759939(267)

***********

***********

***********

***********

****NIL****

***********

***********

***********

***********

****NIL****

***********

***********

759908(114)

759919(114)

759920(122)

759921(124)

759931(148)

759901(69)

759906(90)

759913(103)

759915(80)

759924(76)

759928(64)

759934(77)

759940(60)

***********

***********

759902(21)

759904(29)

759905(24)

759910(30)

759911(33)

759918(36)

759936(29)

759937(21)

***********

***********

5 Papers
4 Papers
3 Papers
2 Papers

1Paper

99
Sir Syed Govt. Girls College Nazimabad
6 Papers
760251(483)

760252(382)

760253(469)

760254(315)

760255(403)

760257(434)

760258(423)

760259(273)

760262(420)

760264(274)

760265(470)

760266(369)

760267(479)

760268(400)

760270(420)

760271(382)

760272(455)

760273(460)

760274(465)

760276(420)

760277(450)

760278(399)

760279(452)

760280(421)

760281(474)

760283(309)

760284(483)

760285(451)

760286(460)

760287(320)

760288(388)

760289(480)

760290(348)

760291(437)

760293(443)

760295(305)

760296(400)

760297(372)

760298(330)

760299(379)

760300(418)

760301(278)

760303(285)

760304(377)

760305(383)

760306(352)

760307(382)

760309(446)

760310(317)

760311(407)

760312(327)

760313(423)

760314(293)

760315(281)

760316(339)

760317(387)

760318(395)

760319(469)

760320(450)

760321(307)

760322(283)

760323(454)

760324(439)

760325(355)

760326(384)

760327(396)

760328(378)

760329(346)

760330(459)

760331(363)

760332(433)

760333(367)

760334(292)

760335(351)

760337(267)

760338(410)

760339(353)

760340(419)

760341(463)

760342(432)

760343(415)

760344(454)

760345(361)

760346(352)

760348(457)

760349(448)

760350(350)

760351(403)

760352(433)

760353(411)

760354(336)

760356(332)

760357(394)

760358(458)

760359(342)

760360(328)

760361(365)

760362(353)

760363(450)

760364(367)

760365(458)

760366(402)

760367(353)

760368(382)

760369(414)

760370(448)

760371(383)

760372(347)

760373(404)

760375(359)

760376(302)

760377(385)

760378(453)

760380(399)

760381(306)

760382(375)

760383(364)

760384(430)

760385(429)

760386(289)

760388(335)

760389(384)

760390(434)

760391(403)

760392(361)

760394(396)

760395(397)

760396(284)

760397(415)

760398(449)

760400(457)

760402(388)

760403(333)

760404(385)

760405(346)

760406(380)

760407(474)

760408(420)

760409(283)

760410(319)

760411(312)

760412(406)

760413(318)

760414(450)

760416(285)

760417(322)

760418(382)

760419(393)

760420(346)

760421(415)

760422(347)

760424(304)

760425(395)

760426(273)

760427(419)

760429(398)

760430(313)

760431(341)

760432(403)

760433(443)

760434(437)

760436(276)

760437(416)

760438(377)

760439(439)

760440(443)

760441(403)

760442(323)

760443(436)

760444(364)

760447(376)

760448(366)

760449(387)

760450(423)

760451(444)

760452(437)

760453(324)

760454(383)

760455(409)

760456(415)

760457(445)

760458(366)

760459(406)

760460(387)

760461(295)

760462(463)

760463(332)

760465(370)

760466(284)

760467(451)

760469(334)

760470(413)

760471(410)

760472(371)

760473(325)

760474(469)

760475(399)

760476(378)

760477(443)

760478(412)

760479(456)

760480(270)

760481(309)

760482(425)

760483(458)

760484(446)

760485(284)

760486(421)

760488(348)

760489(348)

100
Sir Syed Govt. Girls College Nazimabad
760490(352)

760491(364)

760492(445)

760493(360)

760494(498)

760495(288)

760496(327)

760497(332)

760498(314)

760499(507)

760500(397)

760502(351)

760503(336)

760504(313)

760506(437)

760508(461)

760509(468)

760510(257)

760511(406)

760512(442)

760513(272)

760514(451)

760515(423)

760516(377)

760517(392)

760518(425)

760519(302)

760521(438)

760522(387)

760523(425)

760524(397)

760529(460)

***********

***********

***********

760527(296)

***********

***********

***********

***********

760526(205)

***********

***********

***********

***********

760263(154)

760275(140)

760294(123)

760308(127)

760374(131)

760379(121)

760387(177)

760393(156)

760399(152)

760401(168)

760435(135)

760487(178)

760507(141)

760530(122)

***********

760292(61)

760336(87)

760347(96)

760355(81)

760415(95)

760423(96)

760445(93)

760464(66)

760501(80)

760505(64)

760528(71)

***********

***********

***********

***********

760260(26)

760261(22)

760269(28)

760282(39)

760302(24)

760428(35)

***********

***********

***********

***********

5 Papers
4 Papers
3 Papers

2 Papers

1Paper

Govt. Degree Girls College, 7-C, Orangi Town
6 Papers
***********

***********

****NIL****

***********

***********

***********

***********

****NIL****

***********

***********

***********

***********

****NIL****

***********

***********

***********

***********

****NIL****

***********

***********

***********

***********

****NIL****

***********

***********

761102(40)

761103(55)

***********

***********

***********

5 Papers
4 Papers
3 Papers
2 Papers
1Paper
Govt. Girls Degree Sc./Arts College Orangi Town Sector 11-1/2
6 Papers
***********

***********

****NIL****

***********

***********

***********

***********

****NIL****

***********

***********

***********

***********

****NIL****

***********

***********

5 Papers
4 Papers

101
Govt. Girls Degree Sc./Arts College Orangi Town Sector 11-1/2
3 Papers
***********

***********

****NIL****

***********

***********

***********

***********

****NIL****

***********

***********

***********

***********

****NIL****

***********

***********

2 Papers
1Paper
Govt. Girls Higher Secondary School Sector 13G Orangi Town Karachi
6 Papers
***********

***********

****NIL****

***********

***********

***********

***********

****NIL****

***********

***********

***********

***********

****NIL****

***********

***********

761601(131)

***********

***********

***********

***********

***********

***********

****NIL****

***********

***********

***********

***********

****NIL****

***********

***********

5 Papers
4 Papers
3 Papers
2 Papers
1Paper
Govt. Inter Sc./Arts/Comm. College Orangi Town Sector 15-C
6 Papers
761705(310)

***********

***********

***********

***********

***********

***********

****NIL****

***********

***********

***********

***********

****NIL****

***********

***********

761703(124)

***********

***********

***********

***********

761701(98)

761702(92)

***********

***********

***********

761704(40)

***********

***********

***********

***********

5 Papers
4 Papers
3 Papers
2 Papers
1Paper
Govt. Degree Girls College, Metrovill, S.I.T.E.
6 Papers
762302(298)

***********

***********

***********

***********

***********

***********

****NIL****

***********

***********

***********

***********

****NIL****

***********

***********

***********

***********

****NIL****

***********

***********

762303(76)

***********

***********

***********

***********

5 Papers
4 Papers
3 Papers
2 Papers

102
Govt. Degree Girls College, Metrovill, S.I.T.E.
1Paper
***********

***********

****NIL****

***********

***********

Govt. Degree Science & Arts College For Women Baldia Town
6 Papers
763101(347)

763102(258)

763103(346)

763105(333)

763109(430)

763112(446)

763113(302)

763115(296)

763117(345)

763118(338)

763119(345)

763125(292)

763128(284)

763133(275)

***********

763122(349)

***********

***********

***********

***********

763126(207)

***********

***********

***********

***********

763104(128)

763106(149)

763107(180)

763108(113)

763116(130)

763120(141)

763121(106)

763123(120)

763130(158)

763131(156)

763134(146)

763135(123)

763136(137)

***********

***********

763114(72)

763127(83)

***********

***********

***********

763110(21)

763132(42)

763137(42)

***********

***********

5 Papers
4 Papers
3 Papers

2 Papers
1Paper
Govt. Girls Higher Secondary School M.H Baldia, C/3 Area Saeedabad
6 Papers
763251(361)

***********

***********

***********

***********

***********

***********

****NIL****

***********

***********

***********

***********

****NIL****

***********

***********

***********

***********

****NIL****

***********

***********

763252(86)

***********

***********

***********

***********

***********

***********

****NIL****

***********

***********

5 Papers
4 Papers
3 Papers
2 Papers
1Paper
Govt. College For Women Shahrah-e-Liaquat
6 Papers
764301(317)

764304(394)

764306(287)

764307(334)

764311(334)

764313(335)

764316(316)

764320(302)

764325(327)

764326(256)

764329(380)

764330(276)

764335(363)

764336(345)

764341(376)

764342(343)

764344(284)

764345(267)

764349(284)

764350(347)

764353(269)

764354(280)

764355(303)

764359(323)

764361(292)

764363(285)

764366(330)

764367(263)

764369(280)

***********

764305(230)

764315(254)

***********

***********

***********

5 Papers

103
Govt. College For Women Shahrah-e-Liaquat
4 Papers
***********

***********

****NIL****

***********

***********

764303(115)

764321(112)

764333(123)

764346(113)

764352(124)

764356(128)

764357(136)

764360(125)

764364(145)

764365(139)

764370(113)

***********

***********

***********

***********

764308(61)

764309(61)

764312(65)

764327(63)

764331(62)

764334(75)

764337(80)

764347(71)

***********

***********

764310(28)

764314(25)

764317(20)

764318(50)

764332(28)

764338(54)

764339(20)

764343(20)

764348(41)

764371(40)

764372(40)

***********

***********

***********

***********

3 Papers

2 Papers

1Paper

Govt. Degree Science College for Women Lines Area
6 Papers
764754(263)

764759(356)

764762(293)

764767(312)

764769(253)

764777(283)

764779(260)

764782(280)

764783(365)

764784(283)

764788(468)

764791(379)

764792(303)

764795(283)

***********

***********

***********

****NIL****

***********

***********

***********

***********

****NIL****

***********

***********

764753(107)

764760(124)

764761(125)

764778(123)

764785(149)

764793(141)

***********

***********

***********

***********

764768(78)

764775(67)

764787(60)

764790(70)

764794(75)

764796(69)

764798(74)

***********

***********

***********

764756(22)

764757(40)

764758(46)

764763(20)

764773(23)

764774(20)

764776(31)

764781(22)

764786(20)

764789(52)

764797(40)

***********

***********

***********

***********

5 Papers
4 Papers
3 Papers

2 Papers

1Paper

Govt. Girls Degree College, Gizri Clifton
6 Papers
765052(329)

765053(410)

765054(348)

765057(314)

765058(269)

765061(283)

765062(281)

765064(314)

765065(321)

765067(307)

765068(348)

765070(328)

765071(324)

765074(278)

765077(449)

765079(290)

***********

***********

***********

***********

***********

***********

****NIL****

***********

***********

***********

***********

****NIL****

***********

***********

5 Papers
4 Papers

104
Govt. Girls Degree College, Gizri Clifton
3 Papers
765055(149)

765056(148)

765066(176)

765069(158)

765072(164)

765082(153)

765084(158)

***********

***********

***********

765051(117)

765075(107)

765078(120)

765081(119)

765083(80)

765085(82)

***********

***********

***********

***********

765059(64)

765060(51)

***********

***********

***********

2 Papers

1Paper
Karachi Govt. College For Women Chand Bibi Road
6 Papers
765351(264)

765355(268)

765360(297)

765364(284)

765367(285)

765368(334)

765369(311)

***********

***********

***********

***********

***********

****NIL****

***********

***********

***********

***********

****NIL****

***********

***********

765352(157)

765353(129)

765359(134)

765361(145)

765362(126)

765363(135)

765365(151)

765366(157)

***********

***********

765354(114)

765356(96)

765357(110)

***********

***********

***********

***********

****NIL****

***********

***********

5 Papers
4 Papers
3 Papers

2 Papers
1Paper
S.M.B. Fatima Jinnah Govt. Girls Degree College Nishtar Road
6 Papers
765501(353)

765502(289)

765504(346)

765505(380)

765506(337)

765508(281)

765512(283)

765513(406)

765514(320)

765515(294)

765519(448)

765520(286)

765521(266)

765527(379)

765529(330)

765530(294)

765534(338)

765537(291)

765538(306)

765539(322)

765540(447)

765542(335)

765543(268)

765545(292)

765546(426)

765549(270)

765550(408)

765552(345)

765553(263)

765554(332)

765555(302)

765556(259)

765562(379)

765563(276)

765567(350)

765569(397)

765570(376)

765575(306)

765577(336)

765578(289)

765580(322)

765583(265)

765592(303)

765595(306)

765596(262)

765597(262)

765598(393)

765601(301)

765603(331)

765605(285)

765608(355)

765611(362)

765616(259)

***********

***********

***********

***********

****NIL****

***********

***********

***********

***********

****NIL****

***********

***********

765507(164)

765509(168)

765510(143)

765516(105)

765518(124)

765523(151)

765525(127)

765526(160)

765528(156)

765531(144)

5 Papers
4 Papers
3 Papers

105
S.M.B. Fatima Jinnah Govt. Girls Degree College Nishtar Road
765544(141)

765551(148)

765561(149)

765564(150)

765566(144)

765593(116)

765600(141)

765607(112)

765609(140)

765612(135)

765614(136)

***********

***********

***********

***********

765522(110)

765541(121)

765548(70)

765559(66)

765560(104)

765568(79)

765571(67)

765573(93)

765574(93)

765576(106)

765579(61)

765582(93)

765585(90)

765586(91)

765590(66)

765591(95)

765599(87)

765613(63)

765615(85)

765617(63)

765618(105)

***********

***********

***********

***********

765503(40)

765532(43)

765536(50)

765547(40)

765557(40)

765558(20)

765572(50)

765581(52)

765584(20)

765594(58)

765602(20)

765606(30)

765619(21)

***********

***********

2 Papers

1Paper

St. Lawrance's Govt. Girls Degree College
6 Papers
765851(476)

765852(348)

765853(391)

765854(433)

765855(389)

765856(398)

765857(384)

765858(332)

765859(411)

765860(470)

765861(463)

765862(431)

765863(407)

765864(298)

765865(332)

765866(437)

765867(393)

765868(444)

765870(339)

765871(419)

765872(421)

765873(476)

765874(457)

765875(453)

765876(432)

765877(396)

765879(442)

765880(449)

765881(438)

765882(443)

765883(319)

765884(288)

765885(419)

765886(383)

765887(486)

765888(382)

765889(417)

765890(386)

765891(280)

765892(440)

765893(373)

765894(323)

765895(444)

765896(345)

765897(471)

765898(455)

765899(348)

765900(480)

765901(475)

765902(486)

765903(430)

765904(400)

765905(366)

765906(413)

765907(322)

765908(352)

765909(366)

765910(418)

765911(378)

765912(444)

765914(435)

765915(395)

765916(410)

765917(420)

765918(462)

765919(419)

765920(373)

765922(447)

765923(382)

765924(339)

765925(317)

765926(309)

765927(375)

765928(365)

765929(387)

765930(342)

765931(329)

765932(466)

765933(404)

765934(436)

765935(415)

765936(462)

765937(468)

765938(398)

765939(453)

765940(471)

765942(298)

***********

***********

***********

765941(355)

***********

***********

***********

***********

***********

***********

****NIL****

***********

***********

765878(163)

***********

***********

***********

***********

***********

***********

****NIL****

***********

***********

765921(31)

***********

***********

***********

***********

5 Papers
4 Papers
3 Papers
2 Papers
1Paper

106
Aisha Bawany Girls College (Intermediate)
6 Papers
766401(325)

***********

***********

***********

***********

***********

***********

****NIL****

***********

***********

***********

***********

****NIL****

***********

***********

***********

***********

****NIL****

***********

***********

***********

***********

****NIL****

***********

***********

***********

***********

****NIL****

***********

***********

5 Papers
4 Papers
3 Papers
2 Papers
1Paper
Behbood Girls Higher Secondary School
6 Papers
766501(438)

766502(291)

***********

***********

***********

***********

***********

****NIL****

***********

***********

***********

***********

****NIL****

***********

***********

***********

***********

****NIL****

***********

***********

***********

***********

****NIL****

***********

***********

***********

***********

****NIL****

***********

***********

5 Papers
4 Papers
3 Papers
2 Papers
1Paper
DHACSS College for Women (Intermediate)
6 Papers
766602(415)

766603(374)

766604(357)

766605(353)

766606(422)

766607(401)

766608(443)

766609(405)

766610(326)

766611(423)

766612(394)

***********

***********

***********

***********

766601(337)

***********

***********

***********

***********

***********

***********

****NIL****

***********

***********

***********

***********

****NIL****

***********

***********

***********

***********

****NIL****

***********

***********

***********

***********

****NIL****

***********

***********

766705(381)

766706(408)

5 Papers
4 Papers
3 Papers
2 Papers
1Paper
F.G. Girls Inter College, Askari-III
6 Papers
766701(472)

766702(447)

766703(410)

107
F.G. Girls Inter College, Askari-III
766707(368)

766708(375)

766709(340)

766710(405)

766711(306)

766712(324)

766713(310)

766714(440)

766715(307)

766716(349)

766717(341)

766719(282)

766720(328)

766721(285)

766723(374)

766724(405)

766725(342)

***********

***********

***********

***********

***********

****NIL****

***********

***********

***********

***********

****NIL****

***********

***********

766704(106)

766718(141)

766722(158)

***********

***********

***********

***********

****NIL****

***********

***********

***********

***********

****NIL****

***********

***********

5 Papers
4 Papers
3 Papers
2 Papers
1Paper
St. Joseph's College for Women
6 Papers
766901(344)

766902(382)

766903(381)

766904(364)

766905(311)

766906(292)

766907(369)

766908(330)

766909(329)

766910(349)

766912(330)

766913(447)

766914(405)

766915(382)

766916(370)

766917(470)

766918(331)

766920(323)

766921(363)

766922(363)

766923(392)

766924(308)

766926(373)

766927(402)

766928(263)

766925(419)

***********

***********

***********

***********

***********

***********

****NIL****

***********

***********

766911(103)

766919(157)

***********

***********

***********

***********

***********

****NIL****

***********

***********

***********

***********

****NIL****

***********

***********

5 Papers
4 Papers
3 Papers
2 Papers
1Paper
Trinity Methodist Girls Higher Secondary School
6 Papers
767001(308)

767002(281)

***********

***********

***********

***********

***********

****NIL****

***********

***********

***********

***********

****NIL****

***********

***********

***********

***********

****NIL****

***********

***********

***********

***********

****NIL****

***********

***********

5 Papers
4 Papers
3 Papers
2 Papers

108
Trinity Methodist Girls Higher Secondary School
1Paper
***********

***********

****NIL****

***********

***********

Usman Allawala College, Dehli Colony No. 1, Clifton
6 Papers
767101(405)

767102(388)

767103(363)

***********

***********

***********

***********

****NIL****

***********

***********

***********

***********

****NIL****

***********

***********

***********

***********

****NIL****

***********

***********

***********

***********

****NIL****

***********

***********

***********

***********

****NIL****

***********

***********

5 Papers
4 Papers
3 Papers
2 Papers
1Paper
Govt Girls Inter Sc./Arts College Moosa Lane, Lyari
6 Papers
768253(325)

768254(251)

***********

***********

***********

***********

***********

****NIL****

***********

***********

***********

***********

****NIL****

***********

***********

***********

***********

****NIL****

***********

***********

768251(91)

768252(68)

***********

***********

***********

***********

***********

****NIL****

***********

***********

5 Papers
4 Papers
3 Papers
2 Papers
1Paper
Govt. Degree Girls College Punjabi Club, Kharadar
6 Papers
***********

***********

****NIL****

***********

***********

***********

***********

****NIL****

***********

***********

***********

***********

****NIL****

***********

***********

***********

***********

****NIL****

***********

***********

768351(71)

768352(60)

***********

***********

***********

***********

***********

****NIL****

***********

***********

5 Papers
4 Papers
3 Papers
2 Papers
1Paper

109
Shaheed Benazir Bhutto Govt. Degree Girls College Lyari
6 Papers
768617(304)

***********

***********

***********

***********

***********

***********

****NIL****

***********

***********

768607(154)

***********

***********

***********

***********

768601(138)

768603(144)

***********

***********

***********

768602(62)

768604(66)

768605(65)

768606(68)

768608(66)

768611(66)

768612(63)

768613(60)

768614(78)

768615(68)

768616(68)

768618(82)

768620(60)

768621(66)

***********

768610(40)

768619(22)

768622(40)

***********

***********

5 Papers
4 Papers
3 Papers
2 Papers

1Paper
K.M.A. Girls Degree College
6 Papers
768901(391)

768902(396)

768903(419)

768904(376)

768905(393)

768906(424)

768907(327)

768908(359)

768909(342)

768910(364)

768911(364)

768912(401)

768913(347)

***********

***********

***********

***********

****NIL****

***********

***********

***********

***********

****NIL****

***********

***********

***********

***********

****NIL****

***********

***********

***********

***********

****NIL****

***********

***********

***********

***********

****NIL****

***********

***********

5 Papers
4 Papers
3 Papers
2 Papers
1Paper
BAMM P.E.C.H.S. Govt. College For Women
6 Papers
770351(462)

770352(456)

770353(384)

770354(407)

770355(442)

770356(405)

770357(421)

770358(460)

770359(477)

770360(418)

770361(474)

770363(449)

770364(437)

770365(438)

770366(497)

770367(442)

770368(345)

770369(396)

770370(466)

770371(455)

770372(282)

770373(444)

770374(450)

770375(476)

770376(429)

770377(480)

770378(448)

770379(494)

770380(457)

770381(475)

770382(486)

770383(401)

770384(440)

770385(407)

770386(502)

770387(422)

770388(422)

770389(492)

770391(477)

770392(499)

770393(445)

770394(453)

770395(464)

770396(472)

770397(435)

770398(451)

770399(429)

770400(369)

770401(488)

770402(424)

770403(481)

770406(352)

770407(487)

770408(433)

770409(450)

770410(441)

770411(435)

770412(427)

770413(364)

770414(413)

110
BAMM P.E.C.H.S. Govt. College For Women
770415(425)

770416(426)

770417(304)

770418(348)

770419(404)

770420(429)

770421(495)

770422(458)

770423(312)

770424(471)

770425(349)

770426(427)

770427(386)

770428(431)

770429(447)

770430(473)

770431(408)

770432(471)

770433(494)

770435(408)

770436(417)

770437(419)

770438(360)

770439(497)

770440(404)

770441(482)

770442(348)

770443(450)

770444(490)

770445(414)

770446(475)

770447(370)

770449(469)

770450(348)

770451(443)

770452(422)

770453(307)

770454(473)

770455(460)

770456(418)

770457(418)

770458(479)

770459(469)

770460(426)

770461(407)

770462(453)

770463(416)

770464(440)

770465(462)

770466(413)

770467(456)

770468(485)

770470(424)

770471(446)

770472(408)

770473(453)

770475(392)

770476(302)

770477(360)

770478(472)

770479(468)

770480(482)

770481(422)

770482(427)

770483(407)

770484(394)

770485(381)

770486(395)

770487(459)

770488(478)

770489(481)

770490(413)

770491(275)

770493(452)

770494(445)

770495(463)

770496(373)

770497(442)

770498(312)

770499(441)

770500(472)

770501(453)

770502(370)

770503(468)

770505(438)

770506(459)

770507(458)

770508(412)

770509(415)

770510(488)

770511(465)

770512(370)

770513(414)

770514(461)

770515(485)

770516(395)

770517(431)

770518(404)

770519(437)

770520(463)

770521(394)

770522(395)

770523(367)

770524(433)

770525(293)

770527(329)

770528(460)

770530(463)

770531(418)

770532(485)

770533(454)

770534(376)

770535(462)

770536(424)

770537(461)

770538(400)

770539(350)

770540(391)

770541(391)

770542(427)

770543(447)

770544(462)

770545(357)

770546(480)

770547(454)

770548(433)

770549(447)

770550(442)

770551(455)

770552(471)

770553(339)

770554(454)

770555(458)

770556(418)

770557(449)

770558(265)

770559(484)

770560(425)

770561(454)

770563(476)

770564(443)

770565(491)

770566(444)

770567(493)

770568(468)

770569(484)

770570(457)

770571(459)

770572(484)

770573(471)

770574(444)

770575(449)

770577(414)

770578(407)

770579(382)

770580(406)

770581(473)

770582(407)

770583(480)

770584(368)

770585(456)

770586(435)

770587(436)

770588(483)

770589(466)

770590(407)

770591(407)

770592(321)

770593(420)

770594(443)

770595(490)

770596(421)

770598(439)

770599(409)

770600(466)

770601(379)

770602(458)

770603(319)

770604(473)

770605(463)

770606(456)

770607(354)

770608(354)

770609(378)

770610(451)

770611(355)

770612(311)

770613(462)

770614(460)

770615(486)

770616(467)

770617(349)

770618(437)

770619(396)

770620(465)

770621(384)

770622(457)

770623(435)

770624(478)

770625(492)

770626(354)

770627(348)

770628(312)

770629(309)

***********

770434(333)

***********

***********

***********

***********

5 Papers

111
BAMM P.E.C.H.S. Govt. College For Women
4 Papers
***********

***********

****NIL****

***********

***********

770405(170)

770448(113)

770526(146)

***********

***********

770404(89)

770492(95)

770504(90)

***********

***********

770474(20)

***********

***********

***********

***********

3 Papers
2 Papers
1Paper
Dukhtar-e-Mashriq Govt. Degree Girls College
6 Papers
770904(320)

***********

***********

***********

***********

***********

***********

****NIL****

***********

***********

***********

***********

****NIL****

***********

***********

770901(143)

***********

***********

***********

***********

770902(82)

770903(92)

770906(68)

770907(68)

***********

***********

***********

****NIL****

***********

***********

5 Papers
4 Papers
3 Papers
2 Papers
1Paper
Govt. Girls College P.I.B. Colony
6 Papers
771101(251)

771102(282)

771103(265)

771104(355)

771105(260)

771106(275)

771110(295)

771116(284)

771117(364)

771118(371)

771119(367)

771120(287)

771122(377)

771129(286)

***********

***********

***********

****NIL****

***********

***********

***********

***********

****NIL****

***********

***********

771107(150)

771109(129)

771113(148)

771114(114)

771124(108)

771125(144)

771126(150)

***********

***********

***********

771108(75)

771121(105)

771127(89)

771128(84)

***********

771111(42)

***********

***********

***********

***********

5 Papers
4 Papers
3 Papers

2 Papers
1Paper
Govt. Girls Degree College, Mehmoodabad Block 6, P.E.C.H.S.
6 Papers
771252(349)

771254(278)

771255(369)

771260(303)

771266(308)

771267(334)

771269(315)

771273(388)

771278(336)

771280(299)

771281(306)

771284(309)

771286(340)

771287(321)

771291(311)

771303(340)

771304(327)

771305(323)

771307(338)

***********

112
Govt. Girls Degree College, Mehmoodabad Block 6, P.E.C.H.S.
5 Papers
771289(312)

***********

***********

***********

***********

***********

***********

****NIL****

***********

***********

771257(179)

771262(146)

771264(173)

771283(161)

771285(159)

771292(135)

771297(172)

771298(156)

771302(140)

771309(121)

771256(90)

771258(112)

771259(92)

771261(120)

771263(110)

771265(95)

771268(92)

771272(83)

771275(95)

771276(97)

771277(95)

771279(93)

771282(116)

771288(103)

771290(112)

771293(92)

771294(134)

771295(147)

771296(113)

771299(140)

771306(125)

771310(108)

***********

***********

***********

771251(40)

771253(44)

771270(42)

771271(53)

771300(40)

771308(51)

***********

***********

***********

***********

4 Papers
3 Papers

2 Papers

1Paper

Shaheed Mohtarma Benazir Bhutto Govt. Degree Girls College
6 Papers
771751(305)

771753(305)

771754(334)

771755(335)

771758(340)

771760(340)

771762(342)

771767(290)

771770(438)

771771(356)

771775(314)

771779(381)

771780(350)

***********

***********

***********

***********

****NIL****

***********

***********

***********

***********

****NIL****

***********

***********

771752(158)

771763(158)

771765(135)

771766(152)

771776(150)

771777(152)

771781(158)

771782(140)

***********

***********

771759(116)

771761(129)

771764(97)

771768(106)

771769(99)

771773(117)

***********

***********

***********

***********

771757(50)

***********

***********

***********

***********

5 Papers
4 Papers
3 Papers

2 Papers

1Paper
Al-Badar Higher Secondary School (Girls)
6 Papers
772101(480)

772102(376)

***********

***********

***********

***********

***********

****NIL****

***********

***********

***********

***********

****NIL****

***********

***********

***********

***********

****NIL****

***********

***********

5 Papers
4 Papers
3 Papers

113
Al-Badar Higher Secondary School (Girls)
2 Papers
***********

***********

****NIL****

***********

***********

***********

***********

****NIL****

***********

***********

1Paper
CAMS Girls College, Tipu Sultan Road
6 Papers
772201(313)

772202(471)

***********

***********

***********

***********

***********

****NIL****

***********

***********

***********

***********

****NIL****

***********

***********

***********

***********

****NIL****

***********

***********

***********

***********

****NIL****

***********

***********

***********

***********

****NIL****

***********

***********

5 Papers
4 Papers
3 Papers
2 Papers
1Paper
Fatimiyah College Girls Campus
6 Papers
772301(371)

772302(379)

772303(457)

772304(300)

772305(371)

***********

***********

****NIL****

***********

***********

***********

***********

****NIL****

***********

***********

772306(156)

***********

***********

***********

***********

***********

***********

****NIL****

***********

***********

***********

***********

****NIL****

***********

***********

5 Papers
4 Papers
3 Papers
2 Papers
1Paper
Gulistan Shah Abdul Latif Girls Higher Secondary School
6 Papers
772401(316)

772402(361)

***********

***********

***********

***********

***********

****NIL****

***********

***********

***********

***********

****NIL****

***********

***********

***********

***********

****NIL****

***********

***********

***********

***********

****NIL****

***********

***********

***********

***********

****NIL****

***********

***********

5 Papers
4 Papers
3 Papers
2 Papers
1Paper

114
Govt. Deg. Girls College Shaikh Zaid Centre Gulshan-e-Iqbal
6 Papers
773560(262)

773564(248)

773566(409)

773567(263)

773570(275)

773571(302)

773572(356)

773573(285)

773574(291)

773579(276)

773581(330)

773583(367)

773584(385)

773585(274)

773588(433)

773592(305)

773594(471)

773596(373)

773597(255)

773598(280)

773602(265)

773603(354)

773605(299)

773606(267)

773607(251)

773613(296)

773615(294)

773618(310)

773619(365)

773621(336)

773622(268)

773625(322)

773626(317)

773627(284)

773630(462)

773631(306)

773632(278)

773633(263)

773634(323)

773638(384)

773639(300)

773640(348)

773641(451)

773642(411)

773644(354)

773645(279)

773646(291)

773649(330)

773650(273)

773652(261)

773653(350)

773654(327)

773655(243)

773660(291)

773661(280)

773662(326)

773663(404)

773664(354)

773666(301)

773668(403)

773670(288)

773672(246)

773674(301)

773675(364)

773678(306)

773679(409)

773680(296)

773681(351)

773682(344)

773683(291)

773686(287)

773687(239)

773688(384)

773690(291)

773691(255)

773696(370)

773698(321)

773699(282)

773700(280)

773703(361)

773705(327)

***********

***********

***********

***********

773559(315)

773589(195)

773591(253)

773595(257)

773656(210)

***********

***********

****NIL****

***********

***********

773553(119)

773554(126)

773555(119)

773562(103)

773565(117)

773576(117)

773577(136)

773580(108)

773582(115)

773587(141)

773590(122)

773600(119)

773604(110)

773609(103)

773610(108)

773623(136)

773629(111)

773637(117)

773643(124)

773648(120)

773651(112)

773667(139)

773673(112)

773677(126)

773685(122)

773689(130)

773704(123)

***********

***********

***********

773552(65)

773556(66)

773557(60)

773563(68)

773569(85)

773578(90)

773586(81)

773599(60)

773601(70)

773616(73)

773617(82)

773647(70)

773657(93)

773659(86)

773665(82)

773671(80)

773693(87)

773694(60)

773695(62)

***********

773551(50)

773558(49)

773575(40)

773593(43)

773611(50)

773612(20)

773620(43)

773636(20)

773658(20)

773669(42)

773676(23)

773697(20)

773708(45)

***********

***********

5 Papers
4 Papers
3 Papers

2 Papers

1Paper

Govt. Degree Girls College Block 12, Safoora Goath
6 Papers
774052(308)

774055(313)

774061(310)

774062(266)

774063(316)

774064(339)

774067(393)

774070(297)

774073(377)

774076(392)

774077(390)

774078(356)

774079(370)

***********

***********

115
Govt. Degree Girls College Block 12, Safoora Goath
5 Papers
774080(301)

***********

***********

***********

***********

***********

***********

****NIL****

***********

***********

774054(118)

774065(159)

774066(133)

774068(147)

774069(138)

774071(144)

774072(176)

774074(137)

774081(187)

774082(170)

774051(95)

774053(73)

774056(118)

774060(80)

***********

774057(40)

774059(48)

***********

***********

***********

4 Papers
3 Papers

2 Papers
1Paper
Govt. Degree Girls College Block 13, Gulistan-e-Jauhar
6 Papers
774501(425)

774502(304)

774504(327)

774506(379)

774507(484)

774508(417)

774509(315)

774510(316)

774516(255)

774517(351)

774522(287)

774523(265)

774524(284)

774525(276)

774526(378)

774529(278)

774530(301)

774531(346)

774532(296)

774533(265)

774534(343)

774535(350)

774540(251)

774542(262)

774543(355)

774544(362)

774545(374)

774546(248)

774547(472)

774548(281)

774549(350)

774550(246)

774551(242)

774552(452)

774554(254)

774556(278)

774559(325)

774560(306)

774562(308)

774565(313)

774567(249)

774568(283)

774569(285)

***********

***********

***********

***********

****NIL****

***********

***********

774518(211)

774519(267)

***********

***********

***********

774503(160)

774505(164)

774511(186)

774512(152)

774513(149)

774514(152)

774515(130)

774527(141)

774537(124)

774539(117)

774541(121)

774553(130)

774555(118)

774557(138)

774561(124)

774563(106)

774564(121)

774566(140)

***********

***********

774536(78)

774538(60)

774558(79)

***********

***********

***********

***********

****NIL****

***********

***********

5 Papers
4 Papers
3 Papers

2 Papers
1Paper
Govt. Degree Girls College Gulzar-e-Hijri
6 Papers
774702(324)

***********

***********

***********

***********

***********

***********

****NIL****

***********

***********

***********

***********

****NIL****

***********

***********

5 Papers
4 Papers

116
Govt. Degree Girls College Gulzar-e-Hijri
3 Papers
774703(100)

774705(115)

774706(132)

774707(127)

774711(103)

774712(113)

***********

***********

***********

***********

774710(61)

774715(60)

774716(60)

774717(60)

774718(61)

774719(60)

***********

***********

***********

***********

774701(40)

774704(43)

774709(40)

774714(51)

774720(26)

2 Papers

1Paper
Govt. Degree Girls College, Shahnawaz Shar Goath
6 Papers
774801(398)

774816(302)

***********

***********

***********

***********

***********

****NIL****

***********

***********

***********

***********

****NIL****

***********

***********

774813(116)

774814(132)

***********

***********

***********

774803(63)

774804(80)

774805(75)

774809(81)

774810(64)

774811(78)

774815(83)

***********

***********

***********

774806(20)

774808(42)

774812(44)

774817(64)

774818(40)

5 Papers
4 Papers
3 Papers
2 Papers

1Paper
Khatoon-e-Pakistan Govt.Deg. College For Women Stadium Road
6 Papers
775101(409)

775102(471)

775103(358)

775104(405)

775105(333)

775106(400)

775107(466)

775108(290)

775109(408)

775110(427)

775111(413)

775112(415)

775113(395)

775114(425)

775115(433)

775116(466)

775117(341)

775119(351)

775120(368)

775121(368)

775122(428)

775123(275)

775124(298)

775125(346)

775127(391)

775128(396)

775129(401)

775130(398)

775131(389)

775132(349)

775134(390)

775135(415)

775136(412)

775137(351)

775138(421)

775139(440)

775140(371)

775142(302)

775143(467)

775144(402)

775146(448)

775147(386)

775148(413)

775149(419)

775150(443)

775151(354)

775152(426)

775153(446)

775154(437)

775155(427)

775156(427)

775158(279)

775159(429)

775160(395)

775162(366)

775163(377)

775164(420)

775165(408)

775166(406)

775167(474)

775168(376)

775169(304)

775170(342)

775171(366)

775172(283)

775174(380)

775175(361)

775176(363)

775177(424)

775178(443)

775179(425)

775180(315)

775181(415)

775182(303)

775183(409)

775185(404)

775186(398)

775187(423)

775188(356)

775190(328)

775191(449)

775192(448)

775193(346)

775194(364)

775195(299)

775196(339)

775198(415)

775199(418)

775200(359)

775201(346)

775202(314)

775203(386)

775204(388)

775205(347)

775208(335)

117
Khatoon-e-Pakistan Govt.Deg. College For Women Stadium Road
775209(409)

775210(416)

775211(375)

775212(462)

775213(388)

775214(438)

775215(327)

775216(436)

775217(416)

775218(308)

775219(428)

775220(386)

775221(319)

775222(429)

775223(426)

775224(358)

775225(380)

775226(364)

775227(316)

775228(317)

775229(352)

775231(385)

775232(418)

775233(386)

775234(349)

775236(391)

775237(375)

775238(305)

775241(330)

775242(323)

775243(350)

775246(302)

775248(385)

775249(415)

775250(359)

775251(384)

775252(434)

775253(368)

775254(391)

775255(410)

775256(447)

775257(428)

775258(444)

775259(395)

775260(456)

775261(382)

775262(405)

775263(334)

775264(371)

775265(416)

775266(401)

775267(447)

775268(411)

775269(372)

775270(420)

775271(305)

775272(409)

775273(370)

775275(450)

775276(327)

775277(377)

775278(474)

775279(467)

775280(320)

775281(462)

775282(398)

775283(361)

775284(348)

775285(414)

775286(477)

775287(382)

775288(308)

775289(336)

775290(341)

775292(299)

775293(273)

775294(441)

775295(390)

775296(384)

775297(402)

775298(339)

775299(464)

775300(419)

775301(456)

775302(457)

775303(457)

775304(317)

775305(354)

775306(392)

775307(479)

775308(404)

775309(450)

775310(417)

775311(383)

775313(304)

775314(465)

775315(415)

775317(302)

775318(431)

775319(361)

775320(349)

775321(366)

775322(355)

775323(417)

775324(405)

775325(376)

775326(312)

775327(413)

775328(318)

775329(439)

775330(415)

775331(318)

775332(314)

775333(321)

775334(436)

775335(472)

775336(307)

775337(439)

775338(439)

775340(434)

775341(436)

775342(378)

775343(441)

775344(401)

775345(409)

775347(484)

775348(314)

775349(439)

775350(379)

775351(449)

775352(352)

775353(457)

775354(452)

775356(446)

775357(440)

775358(383)

775359(420)

775360(427)

775361(396)

775362(413)

775363(404)

775364(413)

775366(298)

775367(448)

775368(432)

775369(457)

775370(401)

775371(403)

775372(401)

775373(434)

775374(380)

775375(397)

775376(377)

775377(391)

775378(422)

775379(393)

775380(329)

775381(442)

775382(325)

775383(418)

775157(299)

775245(269)

775355(362)

***********

***********

775173(291)

775247(222)

***********

***********

***********

775126(169)

775141(137)

775145(139)

775161(157)

775184(162)

775189(142)

775207(123)

775239(138)

775291(149)

775365(181)

775197(95)

775339(105)

***********

***********

***********

775312(45)

***********

***********

***********

***********

5 Papers
4 Papers
3 Papers

2 Papers
1Paper

118
Hayat Ul Islam Girls College
6 Papers
776201(300)

776202(351)

***********

***********

***********

***********

***********

****NIL****

***********

***********

***********

***********

****NIL****

***********

***********

***********

***********

****NIL****

***********

***********

***********

***********

****NIL****

***********

***********

***********

***********

****NIL****

***********

***********

5 Papers
4 Papers
3 Papers
2 Papers
1Paper
Pak-Turk Maarif International School & College, Gulsahn-e-Iqbal
6 Papers
776301(366)

776302(285)

776303(329)

***********

***********

***********

***********

****NIL****

***********

***********

***********

***********

****NIL****

***********

***********

***********

***********

****NIL****

***********

***********

***********

***********

****NIL****

***********

***********

***********

***********

****NIL****

***********

***********

5 Papers
4 Papers
3 Papers
2 Papers
1Paper
Genex Higher Secondary School, Siraj ud Daullah Road, Bhadurabad
6 Papers
***********

***********

****NIL****

***********

***********

***********

***********

****NIL****

***********

***********

***********

***********

****NIL****

***********

***********

777651(121)

***********

***********

***********

***********

***********

***********

****NIL****

***********

***********

***********

***********

****NIL****

***********

***********

5 Papers
4 Papers
3 Papers
2 Papers
1Paper
Allama Iqbal Govt. Girls Degree College, Shah Faisal Colony
6 Papers
778406(247)

778414(319)

778416(331)

778418(309)

778428(279)

778429(371)

778432(347)

778433(321)

778437(313)

778443(283)

778449(273)

778456(307)

778457(338)

778459(450)

***********

119
Allama Iqbal Govt. Girls Degree College, Shah Faisal Colony
5 Papers
***********

***********

****NIL****

***********

***********

***********

***********

****NIL****

***********

***********

778405(113)

778411(129)

778412(105)

778417(137)

778434(115)

778441(134)

778445(101)

778450(146)

778452(126)

778453(112)

778454(136)

778462(126)

***********

***********

***********

778402(61)

778407(65)

778409(60)

778420(70)

778421(66)

778423(82)

778425(62)

778426(73)

778427(63)

778438(60)

778439(73)

778447(67)

***********

***********

***********

778401(20)

778403(20)

778404(21)

778408(21)

778410(22)

778415(20)

778422(21)

778440(43)

778442(40)

778458(20)

4 Papers
3 Papers

2 Papers

1Paper

Govt. Girls Higher Secondary School P.A.F. Drigh Road
6 Papers
778552(300)

778554(275)

778555(252)

***********

***********

***********

***********

****NIL****

***********

***********

***********

***********

****NIL****

***********

***********

778557(115)

***********

***********

***********

***********

778551(92)

***********

***********

***********

***********

***********

***********

****NIL****

***********

***********

5 Papers
4 Papers
3 Papers
2 Papers
1Paper
Govt. Girls Science College Shah Faisal Colony
6 Papers
778654(319)

778655(255)

778659(357)

778660(474)

778661(270)

778668(239)

***********

***********

***********

***********

***********

***********

****NIL****

***********

***********

***********

***********

****NIL****

***********

***********

778669(113)

778670(101)

***********

***********

***********

778656(62)

778665(67)

778667(62)

778672(71)

***********

778653(22)

778658(69)

778662(27)

778663(40)

778664(25)

778673(45)

***********

***********

***********

***********

5 Papers
4 Papers
3 Papers
2 Papers
1Paper

120
Khursheed Govt. Girls College Shah Faisal Colony
6 Papers
778851(368)

778852(295)

778853(388)

778855(396)

778856(330)

778857(377)

778858(446)

778863(325)

778864(298)

778865(281)

778868(260)

778869(263)

778870(318)

778871(401)

778872(283)

778874(425)

778875(308)

778876(312)

778879(276)

778880(287)

778881(312)

778882(314)

778883(343)

778888(284)

778890(342)

778891(358)

778892(332)

778893(406)

778894(319)

778895(318)

778896(367)

778897(348)

778898(394)

778901(297)

778905(357)

778908(270)

778909(360)

778910(316)

778911(267)

778913(302)

778914(344)

778915(335)

778917(299)

778918(336)

778919(392)

778920(370)

778921(420)

778922(354)

778923(261)

778924(346)

778925(278)

778926(306)

778927(406)

778930(311)

778931(318)

778934(376)

778935(449)

778936(394)

778937(372)

778938(463)

778939(427)

778940(401)

778941(278)

778942(318)

778943(319)

778944(282)

778945(335)

778946(352)

778947(420)

778950(430)

778953(368)

778958(243)

778959(347)

778962(286)

778963(470)

778964(403)

778966(410)

778967(336)

778968(419)

778970(309)

778971(370)

778973(393)

778977(312)

778980(256)

778984(309)

778985(298)

778986(311)

778989(278)

778990(326)

778991(314)

778992(275)

778994(335)

778995(340)

778996(371)

778997(339)

778999(267)

779000(326)

779002(305)

779003(309)

779004(304)

779007(295)

779010(463)

779012(432)

779013(395)

779014(269)

779015(273)

779018(363)

***********

***********

***********

***********

***********

****NIL****

***********

***********

***********

***********

****NIL****

***********

***********

778854(169)

778859(127)

778860(118)

778867(134)

778885(120)

778900(133)

778904(118)

778916(145)

778928(132)

778948(161)

778954(147)

778956(149)

778961(128)

778972(121)

778975(139)

778976(106)

778978(141)

778987(122)

778993(116)

778998(145)

779016(117)

779017(114)

***********

***********

***********

778861(65)

778862(62)

778873(88)

778877(73)

778899(77)

778902(89)

778903(61)

778906(68)

778907(67)

778912(71)

778929(95)

778932(61)

778933(68)

778949(86)

778951(89)

778955(88)

778969(65)

778974(61)

778982(70)

779005(84)

779009(66)

***********

***********

***********

***********

778866(40)

778884(29)

778886(20)

778965(20)

778979(20)

778981(41)

779008(24)

779011(20)

***********

***********

5 Papers
4 Papers
3 Papers

2 Papers

1Paper

121
Govt. College For Women Saudabad
6 Papers
780152(249)

780153(258)

780156(313)

780178(414)

780183(258)

780184(415)

780185(282)

780191(347)

780192(290)

780198(298)

780202(311)

780204(244)

780205(381)

780219(286)

780224(285)

780227(288)

780229(263)

780232(323)

780234(412)

780239(262)

780240(258)

780241(272)

780244(283)

780246(370)

780247(348)

780250(273)

780251(284)

780253(248)

780255(298)

780265(294)

***********

***********

****NIL****

***********

***********

***********

***********

****NIL****

***********

***********

780151(168)

780154(106)

780158(131)

780159(112)

780160(107)

780162(102)

780173(108)

780175(123)

780177(109)

780187(144)

780189(116)

780190(131)

780194(124)

780196(105)

780200(130)

780209(116)

780217(123)

780220(153)

780223(112)

780235(108)

780256(112)

780266(151)

***********

***********

***********

780155(60)

780167(74)

780170(85)

780171(66)

780180(63)

780188(64)

780203(65)

780207(65)

780214(60)

780216(61)

780218(93)

780221(81)

780222(60)

780226(70)

780228(60)

780237(99)

780242(64)

780245(60)

780262(64)

***********

780163(22)

780168(26)

780169(20)

780172(25)

780186(23)

780193(20)

780210(31)

780215(40)

780225(20)

780230(41)

780238(25)

780249(24)

780254(30)

780257(20)

780258(21)

780263(24)

780264(40)

780267(40)

***********

***********

5 Papers
4 Papers
3 Papers

2 Papers

1Paper

Govt. Girls Higher Secondary School Bhiro Village, Malir
6 Papers
***********

***********

****NIL****

***********

***********

***********

***********

****NIL****

***********

***********

***********

***********

****NIL****

***********

***********

***********

***********

****NIL****

***********

***********

***********

***********

****NIL****

***********

***********

***********

***********

****NIL****

***********

***********

5 Papers
4 Papers
3 Papers
2 Papers
1Paper
Govt. Girls Higher Secondary School Malir City Gadap, Chattayi Ground
6 Papers
780709(348)

***********

***********

***********

***********

122
Govt. Girls Higher Secondary School Malir City Gadap, Chattayi Ground
5 Papers
***********

***********

****NIL****

***********

***********

***********

***********

****NIL****

***********

***********

780701(162)

780702(118)

780704(142)

780707(123)

780708(140)

780711(154)

780712(120)

***********

***********

***********

780703(67)

780705(90)

780710(79)

***********

***********

***********

***********

****NIL****

***********

***********

4 Papers
3 Papers

2 Papers
1Paper
Liaquat Govt. College
6 Papers
780902(345)

780906(375)

780907(263)

780916(338)

780917(244)

780926(332)

780927(273)

780931(300)

780934(347)

780935(351)

780945(339)

780951(324)

780956(262)

780961(328)

780963(299)

780964(270)

***********

***********

***********

***********

780901(375)

***********

***********

***********

***********

***********

***********

****NIL****

***********

***********

780909(133)

780915(124)

780918(167)

780929(145)

780936(148)

780938(105)

780941(110)

780943(140)

780957(184)

780962(118)

780910(67)

780912(91)

780913(83)

780914(62)

780922(72)

780923(70)

780925(92)

780928(70)

780930(80)

780937(60)

780939(68)

780947(87)

780948(87)

780953(67)

780959(68)

780960(80)

***********

***********

***********

***********

780903(40)

780904(21)

780908(20)

780911(20)

780921(40)

780924(23)

780932(44)

780933(40)

780940(20)

780944(20)

780950(44)

780952(43)

780955(20)

780966(20)

***********

5 Papers
4 Papers
3 Papers

2 Papers

1Paper

Shamsi Society Model Girls Secondary School
6 Papers
782751(387)

782752(305)

782754(360)

***********

***********

***********

***********

****NIL****

***********

***********

***********

***********

****NIL****

***********

***********

782753(122)

***********

***********

***********

***********

5 Papers
4 Papers
3 Papers

123
Shamsi Society Model Girls Secondary School
2 Papers
***********

***********

****NIL****

***********

***********

***********

***********

****NIL****

***********

***********

1Paper
Bait-e-Fatima Higher Secondary School, Jaffer Tayyar Society Malir
6 Papers
782901(325)

782902(310)

***********

***********

***********

***********

***********

****NIL****

***********

***********

***********

***********

****NIL****

***********

***********

***********

***********

****NIL****

***********

***********

***********

***********

****NIL****

***********

***********

***********

***********

****NIL****

***********

***********

5 Papers
4 Papers
3 Papers
2 Papers
1Paper
Bibi Asifa Bhutto Govt. Girls Degree College, Muzafarabad, Landhi
6 Papers
783101(339)

***********

***********

***********

***********

***********

***********

****NIL****

***********

***********

***********

***********

****NIL****

***********

***********

***********

***********

****NIL****

***********

***********

***********

***********

****NIL****

***********

***********

783102(24)

***********

***********

***********

***********

5 Papers
4 Papers
3 Papers
2 Papers
1Paper
Govt. Degree Girls College Landhi 3-1/2
6 Papers
783210(322)

783225(324)

783238(270)

783239(282)

783240(348)

783243(266)

783256(256)

783259(269)

783260(266)

783264(332)

783268(288)

783270(322)

783282(325)

***********

***********

***********

***********

****NIL****

***********

***********

***********

***********

****NIL****

***********

***********

783222(135)

783250(137)

783280(143)

***********

***********

783202(60)

783209(80)

783228(61)

783234(79)

783235(71)

5 Papers
4 Papers
3 Papers
2 Papers

124
Govt. Degree Girls College Landhi 3-1/2
783245(60)

783249(83)

783283(85)

783284(72)

***********

783201(31)

783206(22)

783207(27)

783211(41)

783212(30)

783215(27)

783226(35)

783230(33)

783231(23)

783233(20)

783236(20)

783241(20)

783244(22)

783246(29)

783247(26)

783248(20)

783251(22)

783252(32)

783258(24)

783261(20)

783262(28)

783263(20)

783266(25)

783267(24)

783272(22)

783274(20)

783275(22)

783276(21)

783277(33)

783278(33)

783279(23)

783287(20)

783289(26)

***********

***********

1Paper

Govt. Girls Higher Secondary School, Landhi No. 1
6 Papers
783501(270)

783502(280)

***********

***********

***********

***********

***********

****NIL****

***********

***********

***********

***********

****NIL****

***********

***********

***********

***********

****NIL****

***********

***********

***********

***********

****NIL****

***********

***********

***********

***********

****NIL****

***********

***********

5 Papers
4 Papers
3 Papers
2 Papers
1Paper
Govt. Girls Degree College Sharafi Goth
6 Papers
***********

***********

****NIL****

***********

***********

***********

***********

****NIL****

***********

***********

***********

***********

****NIL****

***********

***********

783601(150)

***********

***********

***********

***********

783603(74)

***********

***********

***********

***********

***********

***********

****NIL****

***********

***********

5 Papers
4 Papers
3 Papers
2 Papers
1Paper
Govt. College For Women Korangi No. 4
6 Papers
784201(320)

784202(277)

784206(307)

784207(330)

784208(280)

784209(286)

784214(278)

784216(255)

784218(401)

784221(292)

784223(323)

784224(311)

784225(274)

784226(310)

784228(246)

784233(402)

784235(245)

784237(305)

784238(355)

784240(375)

784242(335)

784246(262)

784248(336)

784253(297)

784255(412)

784258(290)

784259(305)

784261(321)

784267(231)

784268(271)

125
Govt. College For Women Korangi No. 4
784269(378)

784270(364)

784271(411)

784277(348)

784278(272)

784280(403)

***********

***********

***********

***********

***********

***********

****NIL****

***********

***********

***********

***********

****NIL****

***********

***********

784205(135)

784211(137)

784219(126)

784229(103)

784234(103)

784236(110)

784241(120)

784245(124)

784250(106)

784254(126)

784256(120)

784260(132)

784281(116)

***********

***********

784210(61)

784212(66)

784213(63)

784215(85)

784217(80)

784232(90)

784243(81)

784273(68)

784275(76)

784283(93)

784203(20)

784204(40)

784220(20)

784227(47)

784230(20)

784247(40)

784266(20)

784272(43)

784274(40)

784279(40)

784282(45)

***********

***********

***********

***********

5 Papers
4 Papers
3 Papers

2 Papers

1Paper

Govt. College For Women Korangi No. 6
6 Papers
784451(257)

784457(309)

784466(313)

784500(302)

784505(228)

784512(445)

784514(290)

784518(361)

784523(247)

784530(353)

784533(437)

784536(394)

784538(297)

784542(262)

784551(273)

784556(301)

784578(276)

784581(308)

784583(304)

784586(256)

784589(302)

***********

***********

***********

***********

***********

***********

****NIL****

***********

***********

***********

***********

****NIL****

***********

***********

784453(125)

784455(140)

784469(103)

784484(120)

784501(125)

784515(110)

784522(146)

784537(122)

784544(162)

784561(104)

784573(118)

784574(135)

784596(114)

***********

***********

784452(85)

784454(63)

784468(62)

784474(60)

784476(61)

784477(60)

784478(60)

784482(64)

784485(60)

784487(60)

784493(60)

784496(80)

784498(66)

784513(61)

784525(70)

784526(60)

784527(67)

784529(74)

784531(62)

784535(61)

784541(64)

784543(72)

784550(83)

784563(71)

784567(80)

784568(90)

784577(90)

784579(64)

784587(65)

784588(63)

784597(60)

784598(64)

***********

***********

***********

784462(20)

784467(20)

784470(22)

784473(20)

784475(22)

784480(20)

784490(42)

784491(50)

784492(42)

784494(42)

5 Papers
4 Papers
3 Papers

2 Papers

1Paper

126
Govt. College For Women Korangi No. 6
784495(44)

784497(43)

784502(40)

784503(42)

784509(43)

784510(50)

784511(40)

784517(40)

784519(43)

784521(20)

784524(22)

784528(52)

784532(44)

784539(40)

784540(31)

784545(45)

784548(20)

784553(23)

784562(40)

784566(24)

784569(25)

784584(40)

784585(40)

784590(20)

784591(20)

784594(40)

784601(40)

***********

***********

***********

Govt. Degree Girls College Ibrahim Hyderi
6 Papers
784704(256)

784706(301)

***********

***********

***********

***********

***********

****NIL****

***********

***********

***********

***********

****NIL****

***********

***********

784715(116)

784716(128)

***********

***********

***********

784702(67)

784705(65)

784707(63)

784708(62)

784709(74)

784710(20)

784712(20)

784717(41)

***********

***********

5 Papers
4 Papers
3 Papers
2 Papers
1Paper
Govt. Degree Girls College Sector 42, Korangi 2-1/2
6 Papers
784853(247)

784857(368)

784866(351)

784867(253)

784874(267)

784888(294)

784895(266)

***********

***********

***********

784855(226)

784870(223)

784893(223)

784896(194)

***********

***********

***********

****NIL****

***********

***********

784851(141)

784878(140)

784879(110)

784889(105)

784894(104)

784852(73)

784854(66)

784868(64)

784872(73)

784873(67)

784875(70)

784883(71)

784885(88)

784890(75)

784891(81)

784892(65)

***********

***********

***********

***********

784858(40)

784859(21)

784860(40)

784865(42)

784876(40)

784877(20)

784880(40)

784882(20)

784884(40)

784886(40)

5 Papers
4 Papers
3 Papers
2 Papers

1Paper

Govt. Degree Girls College Shaheed Rukhsana Begum, Sharfi Goth, Singer Chowrangi
6 Papers
785151(279)

***********

***********

***********

***********

***********

***********

****NIL****

***********

***********

***********

***********

****NIL****

***********

***********

5 Papers
4 Papers

127
Govt. Degree Girls College Shaheed Rukhsana Begum, Sharfi Goth, Singer Chowrangi
3 Papers
***********

***********

****NIL****

***********

***********

785152(82)

***********

***********

***********

***********

785153(34)

***********

***********

***********

***********

2 Papers
1Paper
Firoza Khatoon Women College(Intermediate)
6 Papers
785501(345)

785502(440)

785503(366)

***********

***********

***********

***********

****NIL****

***********

***********

***********

***********

****NIL****

***********

***********

***********

***********

****NIL****

***********

***********

***********

***********

****NIL****

***********

***********

***********

***********

****NIL****

***********

***********

5 Papers
4 Papers
3 Papers
2 Papers
1Paper
Hawwa Jee Girls Colleges (Intermediate)
6 Papers
785601(321)

***********

***********

***********

***********

***********

***********

****NIL****

***********

***********

***********

***********

****NIL****

***********

***********

785602(124)

***********

***********

***********

***********

***********

***********

****NIL****

***********

***********

***********

***********

****NIL****

***********

***********

5 Papers
4 Papers
3 Papers
2 Papers
1Paper
Khadija Girls College (Intermediate)
6 Papers
785701(277)

785702(308)

785705(288)

785706(266)

785707(287)

***********

***********

****NIL****

***********

***********

***********

***********

****NIL****

***********

***********

785703(124)

***********

***********

***********

***********

785704(83)

***********

***********

***********

***********

5 Papers
4 Papers
3 Papers
2 Papers

128
Khadija Girls College (Intermediate)
1Paper
***********

***********

****NIL****

***********

***********

Govt. Girls Degree College, Gulshan-e-Hadeed, Bin Qasim
6 Papers
786451(327)

786452(264)

786453(312)

786457(319)

786458(265)

786460(323)

786462(411)

786463(368)

786465(265)

786468(443)

786469(351)

786470(382)

786471(284)

786475(295)

786476(311)

786477(405)

786478(356)

***********

***********

***********

***********

***********

****NIL****

***********

***********

***********

***********

****NIL****

***********

***********

786454(118)

786455(120)

786456(117)

786464(130)

786467(111)

786473(77)

***********

***********

***********

***********

786459(38)

786461(42)

786466(33)

786472(30)

786474(29)

786479(26)

786481(52)

***********

***********

***********

5 Papers
4 Papers
3 Papers
2 Papers
1Paper

HDF Girls Higher Secondary School, Haji Jangi Khan, Ghaghar Pahtak
6 Papers
786856(337)

***********

***********

***********

***********

***********

***********

****NIL****

***********

***********

***********

***********

****NIL****

***********

***********

***********

***********

****NIL****

***********

***********

786852(90)

786853(99)

786854(96)

786858(60)

***********

786851(70)

786857(26)

786859(30)

786860(23)

***********

5 Papers
4 Papers
3 Papers
2 Papers
1Paper
The Horizon Higher Secondary School
6 Papers
787051(370)

***********

***********

***********

***********

***********

***********

****NIL****

***********

***********

***********

***********

****NIL****

***********

***********

***********

***********

****NIL****

***********

***********

***********

***********

****NIL****

***********

***********

5 Papers
4 Papers
3 Papers
2 Papers

129
The Horizon Higher Secondary School
1Paper
***********

.

***********

****NIL****

***********

***********


